ISO-10303-21;
HEADER;
FILE_DESCRIPTION (( 'STEP AP203' ),
    '1' );
FILE_NAME ('1-back.STEP',
    '2025-11-05T19:17:00',
    ( '' ),
    ( '' ),
    'SwSTEP 2.0',
    'SolidWorks 2025',
    '' );
FILE_SCHEMA (( 'CONFIG_CONTROL_DESIGN' ));
ENDSEC;

DATA;
#1 = FACE_OUTER_BOUND ( 'NONE', #40, .T. ) ;
#2 = VERTEX_POINT ( 'NONE', #2161 ) ;
#3 = EDGE_CURVE ( 'NONE', #1730, #553, #2176, .T. ) ;
#4 = ORIENTED_EDGE ( 'NONE', *, *, #1789, .F. ) ;
#5 = DIRECTION ( 'NONE',  ( -1.000000000000000000, 0.000000000000000000, 0.000000000000000000 ) ) ;
#6 = LINE ( 'NONE', #373, #2302 ) ;
#7 = EDGE_CURVE ( 'NONE', #1315, #1090, #1029, .T. ) ;
#8 = CARTESIAN_POINT ( 'NONE',  ( -1.277548757768496301, -127.2292181297286220, -450.7362439051084380 ) ) ;
#9 = LINE ( 'NONE', #2041, #1304 ) ;
#10 = DIRECTION ( 'NONE',  ( 1.000000000000000000, 0.000000000000000000, 0.000000000000000000 ) ) ;
#11 = VERTEX_POINT ( 'NONE', #1597 ) ;
#12 = ADVANCED_FACE ( 'NONE', ( #1224, #858 ), #286, .T. ) ;
#13 = CARTESIAN_POINT ( 'NONE',  ( 31.49154527623622357, -69.05098153569343822, 5.599999999999999645 ) ) ;
#14 = EDGE_LOOP ( 'NONE', ( #906, #1725, #1689, #2288 ) ) ;
#15 = VERTEX_POINT ( 'NONE', #1976 ) ;
#16 = EDGE_CURVE ( 'NONE', #349, #484, #683, .T. ) ;
#17 = DIRECTION ( 'NONE',  ( -0.000000000000000000, -0.000000000000000000, -1.000000000000000000 ) ) ;
#18 = LINE ( 'NONE', #1130, #1197 ) ;
#19 = FACE_OUTER_BOUND ( 'NONE', #1715, .T. ) ;
#20 = AXIS2_PLACEMENT_3D ( 'NONE', #1487, #746, #2052 ) ;
#21 = DIRECTION ( 'NONE',  ( 5.913830031739110612E-17, 0.000000000000000000, -1.000000000000000000 ) ) ;
#22 = ORIENTED_EDGE ( 'NONE', *, *, #2069, .T. ) ;
#23 = VECTOR ( 'NONE', #1260, 1000.000000000000000 ) ;
#24 = AXIS2_PLACEMENT_3D ( 'NONE', #1417, #668, #2327 ) ;
#25 = CARTESIAN_POINT ( 'NONE',  ( 9.040344901021665436, -129.6099815356934357, 12.24999999999999822 ) ) ;
#26 = AXIS2_PLACEMENT_3D ( 'NONE', #975, #2055, #1724 ) ;
#27 = ORIENTED_EDGE ( 'NONE', *, *, #727, .F. ) ;
#28 = AXIS2_PLACEMENT_3D ( 'NONE', #425, #1915, #1549 ) ;
#29 = ORIENTED_EDGE ( 'NONE', *, *, #956, .T. ) ;
#30 = CARTESIAN_POINT ( 'NONE',  ( 207.5526302455077143, -4.000000000000000000, 5.599999999999999645 ) ) ;
#31 = PLANE ( 'NONE',  #2130 ) ;
#32 = DIRECTION ( 'NONE',  ( -0.000000000000000000, -1.000000000000000000, -0.000000000000000000 ) ) ;
#33 = EDGE_CURVE ( 'NONE', #183, #870, #2150, .T. ) ;
#34 = VECTOR ( 'NONE', #1783, 1000.000000000000000 ) ;
#35 = LINE ( 'NONE', #390, #697 ) ;
#36 = ORIENTED_EDGE ( 'NONE', *, *, #1683, .T. ) ;
#37 = DIRECTION ( 'NONE',  ( -1.000000000000000000, 0.000000000000000000, 0.000000000000000000 ) ) ;
#38 = DIRECTION ( 'NONE',  ( -0.000000000000000000, -1.000000000000000000, -0.000000000000000000 ) ) ;
#39 = ORIENTED_EDGE ( 'NONE', *, *, #800, .F. ) ;
#40 = EDGE_LOOP ( 'NONE', ( #796, #1376, #2184, #1481 ) ) ;
#41 = EDGE_CURVE ( 'NONE', #121, #418, #127, .T. ) ;
#42 = EDGE_CURVE ( 'NONE', #1315, #269, #1152, .T. ) ;
#43 = ORIENTED_EDGE ( 'NONE', *, *, #435, .T. ) ;
#44 =( NAMED_UNIT ( * ) PLANE_ANGLE_UNIT ( ) SI_UNIT ( $, .RADIAN. ) );
#45 = CARTESIAN_POINT ( 'NONE',  ( 20.40945124223093288, -109.6099815356934499, -0.2999999999999999334 ) ) ;
#46 = LINE ( 'NONE', #572, #769 ) ;
#47 = ORIENTED_EDGE ( 'NONE', *, *, #2339, .F. ) ;
#48 = DIRECTION ( 'NONE',  ( 0.000000000000000000, -1.000000000000000000, 0.000000000000000000 ) ) ;
#49 = CIRCLE ( 'NONE', #909, 2.000000000000001776 ) ;
#50 = LINE ( 'NONE', #967, #1855 ) ;
#51 = VERTEX_POINT ( 'NONE', #1938 ) ;
#52 = ORIENTED_EDGE ( 'NONE', *, *, #650, .F. ) ;
#53 = ORIENTED_EDGE ( 'NONE', *, *, #1237, .T. ) ;
#54 = FACE_OUTER_BOUND ( 'NONE', #1751, .T. ) ;
#55 = CARTESIAN_POINT ( 'NONE',  ( 182.5322410603347123, -126.8099815356934243, 10.75000000000000000 ) ) ;
#56 = CARTESIAN_POINT ( 'NONE',  ( 33.65154527623621306, 4.999999999999999112, 0.4999999999999995559 ) ) ;
#57 = VERTEX_POINT ( 'NONE', #868 ) ;
#58 = CARTESIAN_POINT ( 'NONE',  ( -3.787454723763779452, 2.200000000000000178, 5.599999999999999645 ) ) ;
#59 = EDGE_CURVE ( 'NONE', #1859, #1270, #300, .T. ) ;
#60 = LINE ( 'NONE', #2098, #1342 ) ;
#61 = EDGE_CURVE ( 'NONE', #976, #323, #1960, .T. ) ;
#62 = ORIENTED_EDGE ( 'NONE', *, *, #1681, .F. ) ;
#63 = VECTOR ( 'NONE', #361, 1000.000000000000000 ) ;
#64 = CIRCLE ( 'NONE', #694, 5.400000000000002132 ) ;
#65 = VECTOR ( 'NONE', #2252, 1000.000000000000000 ) ;
#66 = ORIENTED_EDGE ( 'NONE', *, *, #1206, .T. ) ;
#67 = CIRCLE ( 'NONE', #1500, 2.000000000000001332 ) ;
#68 = EDGE_LOOP ( 'NONE', ( #1987, #721, #1075, #1080 ) ) ;
#69 = MECHANICAL_CONTEXT ( 'NONE', #2086, 'mechanical' ) ;
#70 = DIRECTION ( 'NONE',  ( 0.000000000000000000, -0.000000000000000000, 1.000000000000000000 ) ) ;
#71 = DIRECTION ( 'NONE',  ( 0.000000000000000000, -0.000000000000000000, 1.000000000000000000 ) ) ;
#72 = VERTEX_POINT ( 'NONE', #276 ) ;
#73 = PLANE ( 'NONE',  #2007 ) ;
#74 = DIRECTION ( 'NONE',  ( 1.000000000000000000, 0.000000000000000000, 0.000000000000000000 ) ) ;
#75 = CARTESIAN_POINT ( 'NONE',  ( 182.5322410603347123, -126.8099815356934243, 62.15991928837468095 ) ) ;
#76 = ORIENTED_EDGE ( 'NONE', *, *, #1837, .F. ) ;
#77 = ORIENTED_EDGE ( 'NONE', *, *, #1051, .T. ) ;
#78 = ORIENTED_EDGE ( 'NONE', *, *, #2178, .F. ) ;
#79 = DATE_AND_TIME ( #1011, #2051 ) ;
#80 = DIRECTION ( 'NONE',  ( 0.000000000000000000, -0.000000000000000000, -1.000000000000000000 ) ) ;
#81 = EDGE_CURVE ( 'NONE', #1735, #1123, #505, .T. ) ;
#82 = DIRECTION ( 'NONE',  ( 0.000000000000000000, 0.000000000000000000, -1.000000000000000000 ) ) ;
#83 = ORIENTED_EDGE ( 'NONE', *, *, #2271, .F. ) ;
#84 = LINE ( 'NONE', #1528, #1693 ) ;
#85 = FACE_OUTER_BOUND ( 'NONE', #1440, .T. ) ;
#86 = DIRECTION ( 'NONE',  ( -0.000000000000000000, -0.000000000000000000, 1.000000000000000000 ) ) ;
#87 = EDGE_CURVE ( 'NONE', #484, #1548, #1068, .T. ) ;
#88 = ORIENTED_EDGE ( 'NONE', *, *, #1332, .F. ) ;
#89 = VECTOR ( 'NONE', #841, 1000.000000000000000 ) ;
#90 = CARTESIAN_POINT ( 'NONE',  ( -0.8874547237637790964, -18.45980132780353955, 3.199999999999969980 ) ) ;
#91 = EDGE_CURVE ( 'NONE', #281, #1786, #1621, .T. ) ;
#92 = EDGE_CURVE ( 'NONE', #444, #245, #1570, .T. ) ;
#93 = ORIENTED_EDGE ( 'NONE', *, *, #1866, .T. ) ;
#94 = CARTESIAN_POINT ( 'NONE',  ( 10.20009800898741759, -126.8099815356934243, 5.599999999999999645 ) ) ;
#95 = PLANE ( 'NONE',  #1101 ) ;
#96 = EDGE_LOOP ( 'NONE', ( #675, #2312, #381, #630 ) ) ;
#97 = CARTESIAN_POINT ( 'NONE',  ( 3.968545276236235875, -115.9542181297286163, 5.599999999999999645 ) ) ;
#98 = CARTESIAN_POINT ( 'NONE',  ( -4.947369754492285665, -120.1146118877603612, 12.24999999999999822 ) ) ;
#99 = PLANE ( 'NONE',  #24 ) ;
#100 = ORIENTED_EDGE ( 'NONE', *, *, #708, .T. ) ;
#101 = DIRECTION ( 'NONE',  ( -1.000000000000000000, 0.000000000000000000, 0.000000000000000000 ) ) ;
#102 = CIRCLE ( 'NONE', #845, 5.400000000000002132 ) ;
#103 = VECTOR ( 'NONE', #818, 1000.000000000000000 ) ;
#104 = VECTOR ( 'NONE', #1430, 1000.000000000000000 ) ;
#105 = ORIENTED_EDGE ( 'NONE', *, *, #87, .T. ) ;
#106 = CARTESIAN_POINT ( 'NONE',  ( 33.49154527623622357, -69.05098153569343822, 5.599999999999999645 ) ) ;
#107 = CARTESIAN_POINT ( 'NONE',  ( 34.90154527623621306, -3.999999999999999112, 0.000000000000000000 ) ) ;
#108 = ORIENTED_EDGE ( 'NONE', *, *, #1279, .T. ) ;
#109 = CARTESIAN_POINT ( 'NONE',  ( -0.8874547237637790964, -18.45980132780353955, 3.199999999999969980 ) ) ;
#110 = EDGE_CURVE ( 'NONE', #1833, #418, #1785, .T. ) ;
#111 = LINE ( 'NONE', #1995, #996 ) ;
#112 = CARTESIAN_POINT ( 'NONE',  ( 37.90154527623621306, 4.499999999999952927, 0.000000000000000000 ) ) ;
#113 = DIRECTION ( 'NONE',  ( 1.000000000000000000, 0.000000000000000000, 0.000000000000000000 ) ) ;
#114 = VERTEX_POINT ( 'NONE', #13 ) ;
#115 = ORIENTED_EDGE ( 'NONE', *, *, #929, .T. ) ;
#116 = ADVANCED_FACE ( 'NONE', ( #1257 ), #2047, .T. ) ;
#117 = VERTEX_POINT ( 'NONE', #930 ) ;
#118 = ADVANCED_FACE ( 'NONE', ( #1462, #1110, #1 ), #939, .F. ) ;
#119 = CARTESIAN_POINT ( 'NONE',  ( 10.20009800898741759, -126.8099815356934243, 10.75000000000000000 ) ) ;
#120 = DIRECTION ( 'NONE',  ( 0.000000000000000000, 0.000000000000000000, -1.000000000000000000 ) ) ;
#121 = VERTEX_POINT ( 'NONE', #1999 ) ;
#122 = DIRECTION ( 'NONE',  ( 0.7071261234860530820, -0.7070874383579355271, 0.000000000000000000 ) ) ;
#123 = DIRECTION ( 'NONE',  ( 0.000000000000000000, -0.000000000000000000, 1.000000000000000000 ) ) ;
#124 = FACE_OUTER_BOUND ( 'NONE', #68, .T. ) ;
#125 = CARTESIAN_POINT ( 'NONE',  ( 48.40154527623622016, -4.000000000000000000, 4.000000000000000000 ) ) ;
#126 = VERTEX_POINT ( 'NONE', #744 ) ;
#127 = LINE ( 'NONE', #1985, #735 ) ;
#128 = PERSON_AND_ORGANIZATION_ROLE ( 'design_supplier' ) ;
#129 = LINE ( 'NONE', #873, #1341 ) ;
#130 = DIRECTION ( 'NONE',  ( -0.000000000000000000, 1.000000000000000000, -0.000000000000000000 ) ) ;
#131 = DIRECTION ( 'NONE',  ( 0.000000000000000000, 1.000000000000000000, 0.000000000000000000 ) ) ;
#132 = CARTESIAN_POINT ( 'NONE',  ( 12.76812274805451608, -120.6099815356934357, 0.000000000000000000 ) ) ;
#133 = LINE ( 'NONE', #1663, #1233 ) ;
#134 = DIRECTION ( 'NONE',  ( 0.000000000000000000, 0.000000000000000000, 1.000000000000000000 ) ) ;
#135 = EDGE_LOOP ( 'NONE', ( #1492, #908, #1545, #707 ) ) ;
#136 = APPROVAL ( #860, 'NEURČEN' ) ;
#137 = ORIENTED_EDGE ( 'NONE', *, *, #1770, .T. ) ;
#138 = ORIENTED_EDGE ( 'NONE', *, *, #1747, .F. ) ;
#139 = ORIENTED_EDGE ( 'NONE', *, *, #1996, .F. ) ;
#140 = VECTOR ( 'NONE', #793, 999.9999999999998863 ) ;
#141 = AXIS2_PLACEMENT_3D ( 'NONE', #762, #2025, #1493 ) ;
#142 = DIRECTION ( 'NONE',  ( 0.000000000000000000, 0.000000000000000000, -1.000000000000000000 ) ) ;
#143 = VECTOR ( 'NONE', #1480, 1000.000000000000000 ) ;
#144 = LINE ( 'NONE', #891, #1992 ) ;
#145 = DIRECTION ( 'NONE',  ( -0.000000000000000000, 0.000000000000000000, -1.000000000000000000 ) ) ;
#146 = VECTOR ( 'NONE', #2378, 1000.000000000000000 ) ;
#147 = PLANE ( 'NONE',  #1305 ) ;
#148 = ORIENTED_EDGE ( 'NONE', *, *, #885, .F. ) ;
#149 = CC_DESIGN_SECURITY_CLASSIFICATION ( #1008, ( #1826 ) ) ;
#150 = DIRECTION ( 'NONE',  ( 0.000000000000000000, 1.000000000000000000, 0.000000000000000000 ) ) ;
#151 = ORIENTED_EDGE ( 'NONE', *, *, #335, .T. ) ;
#152 = ORIENTED_EDGE ( 'NONE', *, *, #2313, .T. ) ;
#153 = DIRECTION ( 'NONE',  ( 0.000000000000000000, 0.000000000000000000, 1.000000000000000000 ) ) ;
#154 = CARTESIAN_POINT ( 'NONE',  ( 7.819204350196697462, -124.4292181297286106, 10.75000000000000000 ) ) ;
#155 = CARTESIAN_POINT ( 'NONE',  ( -6.587454723763779718, -18.45980132780353955, 3.199999999999969980 ) ) ;
#156 = CARTESIAN_POINT ( 'NONE',  ( 26.65945124223093288, -109.6099815356934499, -1.800000000000000044 ) ) ;
#157 = ADVANCED_FACE ( 'NONE', ( #2218 ), #383, .T. ) ;
#158 = DIRECTION ( 'NONE',  ( 1.000000000000000000, 0.000000000000000000, 0.000000000000000000 ) ) ;
#159 = ORIENTED_EDGE ( 'NONE', *, *, #348, .F. ) ;
#160 = PLANE ( 'NONE',  #218 ) ;
#161 = ORIENTED_EDGE ( 'NONE', *, *, #1586, .T. ) ;
#162 = EDGE_LOOP ( 'NONE', ( #970, #863 ) ) ;
#163 = EDGE_CURVE ( 'NONE', #1760, #1302, #196, .T. ) ;
#164 = EDGE_CURVE ( 'NONE', #223, #51, #1679, .T. ) ;
#165 = VECTOR ( 'NONE', #1085, 1000.000000000000000 ) ;
#166 = PRODUCT_DEFINITION ( 'NEZNÁM', '', #1826, #1380 ) ;
#167 = CARTESIAN_POINT ( 'NONE',  ( 2.412545276236220726, -4.000000000000000000, 5.599999999999999645 ) ) ;
#168 = DIRECTION ( 'NONE',  ( -1.000000000000000000, 0.000000000000000000, 0.000000000000000000 ) ) ;
#169 = LINE ( 'NONE', #581, #1266 ) ;
#170 = LINE ( 'NONE', #354, #656 ) ;
#171 = EDGE_LOOP ( 'NONE', ( #2303, #1346, #698, #2283 ) ) ;
#172 = CARTESIAN_POINT ( 'NONE',  ( -3.787454723763779452, 2.200000000000000178, 10.75000000000000000 ) ) ;
#173 = VERTEX_POINT ( 'NONE', #551 ) ;
#174 = CARTESIAN_POINT ( 'NONE',  ( 34.90154527623621306, -4.000000000000000000, 5.599999999999999645 ) ) ;
#175 = LINE ( 'NONE', #167, #1410 ) ;
#176 = VECTOR ( 'NONE', #17, 1000.000000000000000 ) ;
#177 = CONICAL_SURFACE ( 'NONE', #2392, 6.400000000000008349, 0.7853981633974557175 ) ;
#178 = DIRECTION ( 'NONE',  ( -0.000000000000000000, -0.000000000000000000, -1.000000000000000000 ) ) ;
#179 = CARTESIAN_POINT ( 'NONE',  ( 32.90945124223093643, -109.6099815356934499, -1.800000000000000044 ) ) ;
#180 = AXIS2_PLACEMENT_3D ( 'NONE', #1264, #2369, #1622 ) ;
#181 = CARTESIAN_POINT ( 'NONE',  ( 132.6322410603347350, -126.8099815356934243, 12.24999999999999645 ) ) ;
#182 = ADVANCED_FACE ( 'NONE', ( #1649 ), #2196, .F. ) ;
#183 = VERTEX_POINT ( 'NONE', #1834 ) ;
#184 = AXIS2_PLACEMENT_3D ( 'NONE', #1851, #2053, #1467 ) ;
#185 = CARTESIAN_POINT ( 'NONE',  ( -6.587454723763779718, -121.9196026556070791, -450.7362439051084380 ) ) ;
#186 = ORIENTED_EDGE ( 'NONE', *, *, #1385, .T. ) ;
#187 = ADVANCED_FACE ( 'NONE', ( #1450 ), #752, .T. ) ;
#188 = LINE ( 'NONE', #579, #950 ) ;
#189 = EDGE_CURVE ( 'NONE', #976, #1547, #337, .T. ) ;
#190 = FACE_OUTER_BOUND ( 'NONE', #171, .T. ) ;
#191 = CARTESIAN_POINT ( 'NONE',  ( 39.15154527623622016, -4.000000000000000000, 4.000000000000000000 ) ) ;
#192 = CARTESIAN_POINT ( 'NONE',  ( 2.412545276236220726, -110.7832545831543456, 5.599999999999999645 ) ) ;
#193 = CYLINDRICAL_SURFACE ( 'NONE', #806, 5.400000000000002132 ) ;
#194 = ORIENTED_EDGE ( 'NONE', *, *, #1382, .T. ) ;
#195 = ADVANCED_FACE ( 'NONE', ( #1844 ), #2033, .T. ) ;
#196 = LINE ( 'NONE', #185, #2164 ) ;
#197 = VERTEX_POINT ( 'NONE', #718 ) ;
#198 = ORIENTED_EDGE ( 'NONE', *, *, #449, .F. ) ;
#199 = CARTESIAN_POINT ( 'NONE',  ( 10.68042987029309820, -127.8049907678467321, 12.24999999999999822 ) ) ;
#200 = CARTESIAN_POINT ( 'NONE',  ( 39.15154527623622016, 19.32654878189440595, 7.499999999999999112 ) ) ;
#201 = AXIS2_PLACEMENT_3D ( 'NONE', #1261, #315, #1829 ) ;
#202 = CARTESIAN_POINT ( 'NONE',  ( 207.5526302455077143, -129.6099815356934357, -1.800000000000023803 ) ) ;
#203 = CARTESIAN_POINT ( 'NONE',  ( 33.65154527623621306, 19.32654878189440595, 0.4999999999999995559 ) ) ;
#204 = EDGE_LOOP ( 'NONE', ( #917, #2397, #2127, #831 ) ) ;
#205 = CARTESIAN_POINT ( 'NONE',  ( 2.412545276236221170, -4.000000000000000000, 0.4999999999999978351 ) ) ;
#206 = VERTEX_POINT ( 'NONE', #1078 ) ;
#207 = EDGE_CURVE ( 'NONE', #15, #51, #368, .T. ) ;
#208 = ORIENTED_EDGE ( 'NONE', *, *, #219, .F. ) ;
#209 = ORIENTED_EDGE ( 'NONE', *, *, #1732, .F. ) ;
#210 = ADVANCED_FACE ( 'NONE', ( #1267, #2012 ), #160, .F. ) ;
#211 = FACE_OUTER_BOUND ( 'NONE', #2104, .T. ) ;
#212 = CARTESIAN_POINT ( 'NONE',  ( -4.947369754492285665, 3.195009232153282142, 12.24999999999999822 ) ) ;
#213 = VECTOR ( 'NONE', #2251, 1000.000000000000000 ) ;
#214 = PLANE ( 'NONE',  #2048 ) ;
#215 = ORIENTED_EDGE ( 'NONE', *, *, #1503, .T. ) ;
#216 = CARTESIAN_POINT ( 'NONE',  ( 34.90154527623621306, 4.499999999999952927, 5.599999999999999645 ) ) ;
#217 = VECTOR ( 'NONE', #900, 1000.000000000000000 ) ;
#218 = AXIS2_PLACEMENT_3D ( 'NONE', #907, #1856, #2382 ) ;
#219 = EDGE_CURVE ( 'NONE', #969, #1327, #709, .T. ) ;
#220 = CARTESIAN_POINT ( 'NONE',  ( -3.787454723763779452, 2.200000000000000178, 10.75000000000000000 ) ) ;
#221 = EDGE_LOOP ( 'NONE', ( #552, #955 ) ) ;
#222 = VECTOR ( 'NONE', #1944, 1000.000000000000000 ) ;
#223 = VERTEX_POINT ( 'NONE', #729 ) ;
#224 = VERTEX_POINT ( 'NONE', #2208 ) ;
#225 = ORIENTED_EDGE ( 'NONE', *, *, #1709, .T. ) ;
#226 = DIRECTION ( 'NONE',  ( -0.000000000000000000, -0.000000000000000000, -1.000000000000000000 ) ) ;
#227 = DIRECTION ( 'NONE',  ( -1.000000000000000000, 0.000000000000000000, 0.000000000000000000 ) ) ;
#228 = EDGE_CURVE ( 'NONE', #2291, #223, #356, .T. ) ;
#229 = VERTEX_POINT ( 'NONE', #2264 ) ;
#230 = DIRECTION ( 'NONE',  ( 1.000000000000000000, 0.000000000000000000, 0.000000000000000000 ) ) ;
#231 = DIRECTION ( 'NONE',  ( -1.000000000000000000, 0.000000000000000000, 0.000000000000000000 ) ) ;
#232 = ORIENTED_EDGE ( 'NONE', *, *, #1846, .T. ) ;
#233 = VERTEX_POINT ( 'NONE', #990 ) ;
#234 = ORIENTED_EDGE ( 'NONE', *, *, #851, .F. ) ;
#235 = EDGE_CURVE ( 'NONE', #1548, #1735, #1704, .T. ) ;
#236 = COORDINATED_UNIVERSAL_TIME_OFFSET ( 1, 0, .AHEAD. ) ;
#237 = LINE ( 'NONE', #1174, #1854 ) ;
#238 = EDGE_CURVE ( 'NONE', #487, #1891, #1717, .T. ) ;
#239 = DIRECTION ( 'NONE',  ( 0.7071261234859760325, -0.7070874383580125766, 0.000000000000000000 ) ) ;
#240 = ORIENTED_EDGE ( 'NONE', *, *, #1373, .T. ) ;
#241 = DIRECTION ( 'NONE',  ( 0.000000000000000000, -1.000000000000000000, 0.000000000000000000 ) ) ;
#242 = VECTOR ( 'NONE', #2356, 1000.000000000000000 ) ;
#243 = DIRECTION ( 'NONE',  ( -0.000000000000000000, -0.000000000000000000, 1.000000000000000000 ) ) ;
#244 = VERTEX_POINT ( 'NONE', #1531 ) ;
#245 = VERTEX_POINT ( 'NONE', #403 ) ;
#246 = EDGE_LOOP ( 'NONE', ( #1009, #2186, #408, #1127 ) ) ;
#247 = ORIENTED_EDGE ( 'NONE', *, *, #1293, .F. ) ;
#248 = DIRECTION ( 'NONE',  ( 1.000000000000000000, 0.000000000000000000, 0.000000000000000000 ) ) ;
#249 = DIRECTION ( 'NONE',  ( 0.000000000000000000, -1.000000000000000000, 0.000000000000000000 ) ) ;
#250 = EDGE_LOOP ( 'NONE', ( #2073, #576, #1591, #2102 ) ) ;
#251 = FACE_OUTER_BOUND ( 'NONE', #2308, .T. ) ;
#252 = AXIS2_PLACEMENT_3D ( 'NONE', #781, #790, #1381 ) ;
#253 = CARTESIAN_POINT ( 'NONE',  ( -6.587454723763779718, 4.999999999999999112, -450.7362439051084380 ) ) ;
#254 = FACE_OUTER_BOUND ( 'NONE', #2124, .T. ) ;
#255 = ORIENTED_EDGE ( 'NONE', *, *, #495, .F. ) ;
#256 = AXIS2_PLACEMENT_3D ( 'NONE', #570, #547, #1313 ) ;
#257 = VECTOR ( 'NONE', #1325, 1000.000000000000000 ) ;
#258 = VECTOR ( 'NONE', #2137, 999.9999999999998863 ) ;
#259 = AXIS2_PLACEMENT_3D ( 'NONE', #716, #1853, #1459 ) ;
#260 = ORIENTED_EDGE ( 'NONE', *, *, #61, .T. ) ;
#261 = ORIENTED_EDGE ( 'NONE', *, *, #1837, .T. ) ;
#262 = EDGE_CURVE ( 'NONE', #391, #1170, #60, .T. ) ;
#263 = CIRCLE ( 'NONE', #1240, 2.000000000000001332 ) ;
#264 = ORIENTED_EDGE ( 'NONE', *, *, #514, .F. ) ;
#265 = COORDINATED_UNIVERSAL_TIME_OFFSET ( 1, 0, .AHEAD. ) ;
#266 = CARTESIAN_POINT ( 'NONE',  ( 28.09154527623622499, -69.05098153569343822, 5.599999999999999645 ) ) ;
#267 = EDGE_CURVE ( 'NONE', #454, #1177, #50, .T. ) ;
#268 = DIRECTION ( 'NONE',  ( 0.000000000000000000, 0.000000000000000000, -1.000000000000000000 ) ) ;
#269 = VERTEX_POINT ( 'NONE', #1544 ) ;
#270 = CARTESIAN_POINT ( 'NONE',  ( 7.162545276236198077, -15.00000000000000178, -0.2999999999999999334 ) ) ;
#271 = AXIS2_PLACEMENT_3D ( 'NONE', #1756, #652, #829 ) ;
#272 = LINE ( 'NONE', #112, #1328 ) ;
#273 = CARTESIAN_POINT ( 'NONE',  ( -0.2399816456752842941, -124.8217424669712159, 10.75000000000000000 ) ) ;
#274 = VERTEX_POINT ( 'NONE', #2057 ) ;
#275 = EDGE_CURVE ( 'NONE', #1845, #245, #597, .T. ) ;
#276 = CARTESIAN_POINT ( 'NONE',  ( 33.65154527623621306, 4.999999999999999112, 7.499999999999999112 ) ) ;
#277 = VERTEX_POINT ( 'NONE', #1336 ) ;
#278 = SECURITY_CLASSIFICATION_LEVEL ( 'unclassified' ) ;
#279 = DIRECTION ( 'NONE',  ( 1.000000000000000000, 0.000000000000000000, 0.000000000000000000 ) ) ;
#280 = LINE ( 'NONE', #1034, #789 ) ;
#281 = VERTEX_POINT ( 'NONE', #2290 ) ;
#282 = DIRECTION ( 'NONE',  ( 0.000000000000000000, 0.000000000000000000, 1.000000000000000000 ) ) ;
#283 = LINE ( 'NONE', #294, #620 ) ;
#284 = DIRECTION ( 'NONE',  ( 0.000000000000000000, -1.000000000000000000, 0.000000000000000000 ) ) ;
#285 = ORIENTED_EDGE ( 'NONE', *, *, #901, .T. ) ;
#286 = PLANE ( 'NONE',  #2046 ) ;
#287 = EDGE_CURVE ( 'NONE', #2384, #2370, #2081, .T. ) ;
#288 = PERSON_AND_ORGANIZATION ( #1966, #1121 ) ;
#289 = LINE ( 'NONE', #119, #1383 ) ;
#290 = DIRECTION ( 'NONE',  ( -0.7071261234860521938, 0.7070874383579364153, 0.000000000000000000 ) ) ;
#291 = EDGE_LOOP ( 'NONE', ( #1682, #2001, #743, #1772 ) ) ;
#292 = DIRECTION ( 'NONE',  ( 0.000000000000000000, 0.000000000000000000, 1.000000000000000000 ) ) ;
#293 = LINE ( 'NONE', #2325, #1965 ) ;
#294 = CARTESIAN_POINT ( 'NONE',  ( 37.90154527623621306, -4.000000000000000000, 5.599999999999999645 ) ) ;
#295 = CARTESIAN_POINT ( 'NONE',  ( 33.49154527623622357, -69.05098153569343822, 1.000000000000015543 ) ) ;
#296 = ORIENTED_EDGE ( 'NONE', *, *, #1482, .F. ) ;
#297 = ADVANCED_FACE ( 'NONE', ( #1899 ), #625, .F. ) ;
#298 = EDGE_CURVE ( 'NONE', #1596, #1172, #785, .T. ) ;
#299 = EDGE_CURVE ( 'NONE', #1731, #117, #2110, .T. ) ;
#300 = LINE ( 'NONE', #1771, #1307 ) ;
#301 = VECTOR ( 'NONE', #1288, 1000.000000000000000 ) ;
#302 = ORIENTED_EDGE ( 'NONE', *, *, #1656, .F. ) ;
#303 = AXIS2_PLACEMENT_3D ( 'NONE', #394, #1728, #1359 ) ;
#304 = ORIENTED_EDGE ( 'NONE', *, *, #616, .F. ) ;
#305 = CARTESIAN_POINT ( 'NONE',  ( 24.40154527623621306, 2.200000000000000178, 4.000000000000000000 ) ) ;
#306 = AXIS2_PLACEMENT_3D ( 'NONE', #687, #1592, #1050 ) ;
#307 = CARTESIAN_POINT ( 'NONE',  ( 132.6326302455076984, 2.199999999999997069, 62.15991928837468095 ) ) ;
#308 = VERTEX_POINT ( 'NONE', #1180 ) ;
#309 = CARTESIAN_POINT ( 'NONE',  ( 2.412545276236220726, -4.000000000000000000, 0.000000000000000000 ) ) ;
#310 = PLANE ( 'NONE',  #1379 ) ;
#311 = PLANE ( 'NONE',  #1203 ) ;
#312 = CARTESIAN_POINT ( 'NONE',  ( 132.6326302455076984, 2.199999999999997069, 62.15991928837468095 ) ) ;
#313 = ORIENTED_EDGE ( 'NONE', *, *, #1749, .F. ) ;
#314 = DIRECTION ( 'NONE',  ( 0.000000000000000000, -0.000000000000000000, -1.000000000000000000 ) ) ;
#315 = DIRECTION ( 'NONE',  ( 0.000000000000000000, -0.000000000000000000, 1.000000000000000000 ) ) ;
#316 = LINE ( 'NONE', #1062, #1975 ) ;
#317 = DIRECTION ( 'NONE',  ( -0.000000000000000000, 1.000000000000000000, 0.000000000000000000 ) ) ;
#318 = EDGE_CURVE ( 'NONE', #1352, #2043, #978, .T. ) ;
#319 = DIRECTION ( 'NONE',  ( -1.000000000000000000, 0.000000000000000000, 0.000000000000000000 ) ) ;
#320 = CARTESIAN_POINT ( 'NONE',  ( 38.89154527623622926, -69.05098153569343822, 1.000000000000015543 ) ) ;
#321 = ORIENTED_EDGE ( 'NONE', *, *, #601, .T. ) ;
#322 = DIRECTION ( 'NONE',  ( -0.000000000000000000, -0.000000000000000000, -1.000000000000000000 ) ) ;
#323 = VERTEX_POINT ( 'NONE', #1507 ) ;
#324 = CIRCLE ( 'NONE', #1842, 6.250000000000001776 ) ;
#325 = LINE ( 'NONE', #1070, #733 ) ;
#326 = CARTESIAN_POINT ( 'NONE',  ( 207.5526302455077143, 4.999999999999999112, 12.24999999999999822 ) ) ;
#327 = CARTESIAN_POINT ( 'NONE',  ( 3.968545276236235875, -115.9542181297286163, -0.1499999999999999667 ) ) ;
#328 = CARTESIAN_POINT ( 'NONE',  ( 30.15154527623621306, 19.32654878189440595, 4.000000000000000000 ) ) ;
#329 = CARTESIAN_POINT ( 'NONE',  ( 132.6326302455076984, 2.200000000000000178, 10.75000000000000000 ) ) ;
#330 = ORIENTED_EDGE ( 'NONE', *, *, #298, .F. ) ;
#331 = DIRECTION ( 'NONE',  ( -0.7071261234859760325, 0.7070874383580125766, 0.000000000000000000 ) ) ;
#332 = ORIENTED_EDGE ( 'NONE', *, *, #1964, .T. ) ;
#333 = AXIS2_PLACEMENT_3D ( 'NONE', #1605, #317, #1437 ) ;
#334 = ORIENTED_EDGE ( 'NONE', *, *, #1656, .T. ) ;
#335 = EDGE_CURVE ( 'NONE', #229, #969, #795, .T. ) ;
#336 = AXIS2_PLACEMENT_3D ( 'NONE', #1227, #314, #836 ) ;
#337 = CIRCLE ( 'NONE', #141, 5.400000000000000355 ) ;
#338 = CARTESIAN_POINT ( 'NONE',  ( 2.412545276236221170, -4.000000000000000000, 0.4999999999999978351 ) ) ;
#339 = VECTOR ( 'NONE', #1541, 1000.000000000000000 ) ;
#340 = CARTESIAN_POINT ( 'NONE',  ( 24.40154527623621306, 2.200000000000000178, 4.000000000000000000 ) ) ;
#341 = FACE_OUTER_BOUND ( 'NONE', #2281, .T. ) ;
#342 = DIRECTION ( 'NONE',  ( -1.000000000000000000, 0.000000000000000000, 0.000000000000000000 ) ) ;
#343 = AXIS2_PLACEMENT_3D ( 'NONE', #1711, #618, #2269 ) ;
#344 = FACE_BOUND ( 'NONE', #1167, .T. ) ;
#345 = ORIENTED_EDGE ( 'NONE', *, *, #1499, .F. ) ;
#346 =( GEOMETRIC_REPRESENTATION_CONTEXT ( 3 ) GLOBAL_UNCERTAINTY_ASSIGNED_CONTEXT ( ( #2017 ) ) GLOBAL_UNIT_ASSIGNED_CONTEXT ( ( #984, #44, #2063 ) ) REPRESENTATION_CONTEXT ( 'NONE', 'WORKASPACE' ) );
#347 = DIRECTION ( 'NONE',  ( -0.000000000000000000, -0.000000000000000000, 1.000000000000000000 ) ) ;
#348 = EDGE_CURVE ( 'NONE', #350, #2034, #1690, .T. ) ;
#349 = VERTEX_POINT ( 'NONE', #2254 ) ;
#350 = VERTEX_POINT ( 'NONE', #1519 ) ;
#351 = CARTESIAN_POINT ( 'NONE',  ( 0.000000000000000000, 0.000000000000000000, 5.599999999999999645 ) ) ;
#352 = FACE_OUTER_BOUND ( 'NONE', #442, .T. ) ;
#353 = FACE_OUTER_BOUND ( 'NONE', #424, .T. ) ;
#354 = CARTESIAN_POINT ( 'NONE',  ( -0.1177956498029014282, -124.4292181297286106, 10.75000000000000000 ) ) ;
#355 = ORIENTED_EDGE ( 'NONE', *, *, #1727, .T. ) ;
#356 = LINE ( 'NONE', #1099, #2126 ) ;
#357 = ORIENTED_EDGE ( 'NONE', *, *, #87, .F. ) ;
#358 = ORIENTED_EDGE ( 'NONE', *, *, #2068, .F. ) ;
#359 = VECTOR ( 'NONE', #2342, 1000.000000000000000 ) ;
#360 = ADVANCED_FACE ( 'NONE', ( #254 ), #2276, .F. ) ;
#361 = DIRECTION ( 'NONE',  ( -0.000000000000000000, 1.000000000000000000, -0.000000000000000000 ) ) ;
#362 = LINE ( 'NONE', #154, #1949 ) ;
#363 = CARTESIAN_POINT ( 'NONE',  ( 24.40154527623621306, -11.20000000000009344, 5.599999999999999645 ) ) ;
#364 = DIRECTION ( 'NONE',  ( 0.000000000000000000, 0.000000000000000000, 1.000000000000000000 ) ) ;
#365 = LINE ( 'NONE', #1108, #1857 ) ;
#366 = ORIENTED_EDGE ( 'NONE', *, *, #1473, .T. ) ;
#367 = EDGE_CURVE ( 'NONE', #1925, #57, #1746, .T. ) ;
#368 = LINE ( 'NONE', #1822, #2008 ) ;
#369 = ORIENTED_EDGE ( 'NONE', *, *, #1703, .T. ) ;
#370 = EDGE_CURVE ( 'NONE', #487, #1731, #1135, .T. ) ;
#371 = ADVANCED_FACE ( 'NONE', ( #1556 ), #1316, .T. ) ;
#372 = CARTESIAN_POINT ( 'NONE',  ( 39.15154527623622016, 2.200000000000000622, 4.000000000000000000 ) ) ;
#373 = CARTESIAN_POINT ( 'NONE',  ( 35.49154527623623068, -69.05098153569343822, -0.1499999999999999667 ) ) ;
#374 = CIRCLE ( 'NONE', #1733, 2.000000000000001776 ) ;
#375 = AXIS2_PLACEMENT_3D ( 'NONE', #1769, #2135, #1017 ) ;
#376 = DIRECTION ( 'NONE',  ( -0.000000000000000000, -1.000000000000000000, -0.000000000000000000 ) ) ;
#377 = FACE_OUTER_BOUND ( 'NONE', #1145, .T. ) ;
#378 = AXIS2_PLACEMENT_3D ( 'NONE', #1176, #413, #622 ) ;
#379 = APPLICATION_CONTEXT ( 'configuration controlled 3d designs of mechanical parts and assemblies' ) ;
#380 = DIRECTION ( 'NONE',  ( -1.000000000000000000, -0.000000000000000000, -0.000000000000000000 ) ) ;
#381 = ORIENTED_EDGE ( 'NONE', *, *, #1351, .T. ) ;
#382 = VECTOR ( 'NONE', #767, 1000.000000000000000 ) ;
#383 = PLANE ( 'NONE',  #1425 ) ;
#384 = LOCAL_TIME ( 20, 17, 0.000000000000000000, #462 ) ;
#385 = ORIENTED_EDGE ( 'NONE', *, *, #911, .T. ) ;
#386 = EDGE_LOOP ( 'NONE', ( #1449, #600, #1422, #515 ) ) ;
#387 = LINE ( 'NONE', #1104, #2386 ) ;
#388 = PLANE ( 'NONE',  #2284 ) ;
#389 = FACE_OUTER_BOUND ( 'NONE', #2227, .T. ) ;
#390 = CARTESIAN_POINT ( 'NONE',  ( 2.412545276236220726, -4.000000000000000000, 4.000000000000000000 ) ) ;
#391 = VERTEX_POINT ( 'NONE', #690 ) ;
#392 = APPROVAL ( #445, 'NEURČEN' ) ;
#393 = EDGE_CURVE ( 'NONE', #1988, #274, #1027, .T. ) ;
#394 = CARTESIAN_POINT ( 'NONE',  ( 9.040344901021665436, -129.6099815356934357, -450.7362439051084380 ) ) ;
#395 = ORIENTED_EDGE ( 'NONE', *, *, #953, .T. ) ;
#396 = ORIENTED_EDGE ( 'NONE', *, *, #476, .F. ) ;
#397 = CARTESIAN_POINT ( 'NONE',  ( 39.15154527623626279, 4.999999999999999112, 0.4999999999999777955 ) ) ;
#398 = AXIS2_PLACEMENT_3D ( 'NONE', #1615, #1801, #1643 ) ;
#399 = DIRECTION ( 'NONE',  ( 0.000000000000000000, 0.000000000000000000, 1.000000000000000000 ) ) ;
#400 = ADVANCED_FACE ( 'NONE', ( #842 ), #99, .F. ) ;
#401 = DIRECTION ( 'NONE',  ( -1.000000000000000000, 0.000000000000000000, -5.913830031739110612E-17 ) ) ;
#402 = ORIENTED_EDGE ( 'NONE', *, *, #1588, .F. ) ;
#403 = CARTESIAN_POINT ( 'NONE',  ( 24.40154527623621306, -4.000000000000000000, 4.000000000000000000 ) ) ;
#404 = ORIENTED_EDGE ( 'NONE', *, *, #318, .F. ) ;
#405 = ORIENTED_EDGE ( 'NONE', *, *, #1557, .F. ) ;
#406 = EDGE_LOOP ( 'NONE', ( #980, #2211, #66, #1006 ) ) ;
#407 = ADVANCED_FACE ( 'NONE', ( #1607 ), #177, .T. ) ;
#408 = ORIENTED_EDGE ( 'NONE', *, *, #1477, .F. ) ;
#409 = ADVANCED_FACE ( 'NONE', ( #1054 ), #1390, .T. ) ;
#410 = CALENDAR_DATE ( 2025, 5, 11 ) ;
#411 = CYLINDRICAL_SURFACE ( 'NONE', #1774, 3.499999999999999556 ) ;
#412 = VECTOR ( 'NONE', #32, 1000.000000000000000 ) ;
#413 = DIRECTION ( 'NONE',  ( 0.000000000000000000, -0.000000000000000000, -1.000000000000000000 ) ) ;
#414 = EDGE_LOOP ( 'NONE', ( #1282, #302, #763, #1868, #1045, #296 ) ) ;
#415 = DIRECTION ( 'NONE',  ( 0.7071261234859760325, -0.7070874383580125766, 0.000000000000000000 ) ) ;
#416 = VECTOR ( 'NONE', #1159, 1000.000000000000000 ) ;
#417 = CARTESIAN_POINT ( 'NONE',  ( 418.8927152147792299, 2.200000000000000178, 7.499999999999999112 ) ) ;
#418 = VERTEX_POINT ( 'NONE', #273 ) ;
#419 = EDGE_CURVE ( 'NONE', #1707, #761, #1968, .T. ) ;
#420 = ADVANCED_FACE ( 'NONE', ( #1246 ), #1582, .T. ) ;
#421 = ORIENTED_EDGE ( 'NONE', *, *, #393, .T. ) ;
#422 = EDGE_LOOP ( 'NONE', ( #1807, #588, #1583, #1024 ) ) ;
#423 = PRODUCT_RELATED_PRODUCT_CATEGORY ( 'detail', '', ( #1213 ) ) ;
#424 = EDGE_LOOP ( 'NONE', ( #470, #1394 ) ) ;
#425 = CARTESIAN_POINT ( 'NONE',  ( 7.819204350196697462, -124.4292181297286106, 10.75000000000000000 ) ) ;
#426 = FACE_OUTER_BOUND ( 'NONE', #732, .T. ) ;
#427 = CARTESIAN_POINT ( 'NONE',  ( 0.000000000000000000, 0.000000000000000000, 4.000000000000000000 ) ) ;
#428 = ORIENTED_EDGE ( 'NONE', *, *, #954, .T. ) ;
#429 = CARTESIAN_POINT ( 'NONE',  ( 34.90154527623621306, -3.999999999999999112, 0.4999999999999995559 ) ) ;
#430 = DIRECTION ( 'NONE',  ( 0.000000000000000000, -1.000000000000000000, 0.000000000000000000 ) ) ;
#431 = ORIENTED_EDGE ( 'NONE', *, *, #1403, .F. ) ;
#432 = ORIENTED_EDGE ( 'NONE', *, *, #1058, .T. ) ;
#433 = FACE_OUTER_BOUND ( 'NONE', #938, .T. ) ;
#434 = DIRECTION ( 'NONE',  ( -1.000000000000000000, 0.000000000000000000, -0.000000000000000000 ) ) ;
#435 = EDGE_CURVE ( 'NONE', #2082, #206, #1236, .T. ) ;
#436 = DIRECTION ( 'NONE',  ( -1.000000000000000000, 0.000000000000000000, -0.000000000000000000 ) ) ;
#437 = ORIENTED_EDGE ( 'NONE', *, *, #1272, .F. ) ;
#438 = DIRECTION ( 'NONE',  ( -0.000000000000000000, -0.000000000000000000, -1.000000000000000000 ) ) ;
#439 = CARTESIAN_POINT ( 'NONE',  ( 10.20009800898741759, -126.8099815356934243, 10.75000000000000000 ) ) ;
#440 = EDGE_LOOP ( 'NONE', ( #2265, #527, #919, #83 ) ) ;
#441 = EDGE_CURVE ( 'NONE', #1177, #1299, #1427, .T. ) ;
#442 = EDGE_LOOP ( 'NONE', ( #2363, #1798, #2253, #1428 ) ) ;
#443 = ADVANCED_FACE ( 'NONE', ( #830 ), #2174, .F. ) ;
#444 = VERTEX_POINT ( 'NONE', #1066 ) ;
#445 = APPROVAL_STATUS ( 'not_yet_approved' ) ;
#446 = CARTESIAN_POINT ( 'NONE',  ( 5.968545276236236319, -115.9542181297286163, -0.1499999999999999667 ) ) ;
#447 = EDGE_CURVE ( 'NONE', #612, #1705, #2279, .T. ) ;
#448 = DIRECTION ( 'NONE',  ( 1.000000000000000000, 0.000000000000000000, 0.000000000000000000 ) ) ;
#449 = EDGE_CURVE ( 'NONE', #812, #632, #1572, .T. ) ;
#450 = ORIENTED_EDGE ( 'NONE', *, *, #447, .T. ) ;
#451 = CARTESIAN_POINT ( 'NONE',  ( -3.787454723763779452, -120.7597598137749770, 10.75000000000000000 ) ) ;
#452 = VECTOR ( 'NONE', #1438, 1000.000000000000000 ) ;
#453 = DIRECTION ( 'NONE',  ( -0.000000000000000000, 1.000000000000000000, -0.000000000000000000 ) ) ;
#454 = VERTEX_POINT ( 'NONE', #125 ) ;
#455 = VECTOR ( 'NONE', #473, 1000.000000000000000 ) ;
#456 = VECTOR ( 'NONE', #1393, 1000.000000000000000 ) ;
#457 = VECTOR ( 'NONE', #2361, 999.9999999999998863 ) ;
#458 = EDGE_LOOP ( 'NONE', ( #1820, #1306, #1404, #629 ) ) ;
#459 = VECTOR ( 'NONE', #1365, 1000.000000000000000 ) ;
#460 = EDGE_LOOP ( 'NONE', ( #77, #1133 ) ) ;
#461 = LOCAL_TIME ( 20, 17, 0.000000000000000000, #236 ) ;
#462 = COORDINATED_UNIVERSAL_TIME_OFFSET ( 1, 0, .AHEAD. ) ;
#463 = DIRECTION ( 'NONE',  ( 1.000000000000000000, 0.000000000000000000, 0.000000000000000000 ) ) ;
#464 = FACE_OUTER_BOUND ( 'NONE', #1639, .T. ) ;
#465 = ORIENTED_EDGE ( 'NONE', *, *, #616, .T. ) ;
#466 = CARTESIAN_POINT ( 'NONE',  ( 182.5322410603347123, -126.8099815356934243, 12.24999999999999645 ) ) ;
#467 = CARTESIAN_POINT ( 'NONE',  ( 24.40154527623621306, 2.200000000000000178, 4.000000000000000000 ) ) ;
#468 = CARTESIAN_POINT ( 'NONE',  ( 2.412545276236220726, -110.7832545831543456, 0.9999999999999931166 ) ) ;
#469 = EDGE_CURVE ( 'NONE', #1988, #1730, #64, .T. ) ;
#470 = ORIENTED_EDGE ( 'NONE', *, *, #42, .T. ) ;
#471 = ADVANCED_FACE ( 'NONE', ( #1946, #559 ), #147, .T. ) ;
#472 = CARTESIAN_POINT ( 'NONE',  ( -4.947369754492285665, -120.1146118877603612, 10.75000000000000000 ) ) ;
#473 = DIRECTION ( 'NONE',  ( 1.000000000000000000, 0.000000000000000000, 0.000000000000000000 ) ) ;
#474 = DIRECTION ( 'NONE',  ( 1.000000000000000000, 0.000000000000000000, 0.000000000000000000 ) ) ;
#475 = ORIENTED_EDGE ( 'NONE', *, *, #447, .F. ) ;
#476 = EDGE_CURVE ( 'NONE', #2082, #1796, #2183, .T. ) ;
#477 = FACE_OUTER_BOUND ( 'NONE', #458, .T. ) ;
#478 = FACE_OUTER_BOUND ( 'NONE', #135, .T. ) ;
#479 = EDGE_CURVE ( 'NONE', #820, #1402, #1074, .T. ) ;
#480 = LINE ( 'NONE', #857, #89 ) ;
#481 = CARTESIAN_POINT ( 'NONE',  ( 48.40154527623622016, 2.200000000000000178, 4.000000000000000000 ) ) ;
#482 = AXIS2_PLACEMENT_3D ( 'NONE', #486, #268, #1590 ) ;
#483 = ORIENTED_EDGE ( 'NONE', *, *, #2015, .T. ) ;
#484 = VERTEX_POINT ( 'NONE', #329 ) ;
#485 = DIRECTION ( 'NONE',  ( 1.000000000000000000, 0.000000000000000000, 0.000000000000000000 ) ) ;
#486 = CARTESIAN_POINT ( 'NONE',  ( 13.41254527623619808, -15.00000000000000178, -1.800000000000000044 ) ) ;
#487 = VERTEX_POINT ( 'NONE', #2042 ) ;
#488 = DIRECTION ( 'NONE',  ( 0.000000000000000000, -0.000000000000000000, 1.000000000000000000 ) ) ;
#489 = CARTESIAN_POINT ( 'NONE',  ( 132.6322410603347350, -126.8099815356934243, 62.15991928837468095 ) ) ;
#490 = CARTESIAN_POINT ( 'NONE',  ( 10.38722908926378174, -118.2292181297286078, 0.000000000000000000 ) ) ;
#491 = CARTESIAN_POINT ( 'NONE',  ( 3.968545276236235875, -115.9542181297286163, 0.000000000000000000 ) ) ;
#492 = ORIENTED_EDGE ( 'NONE', *, *, #238, .F. ) ;
#493 = VECTOR ( 'NONE', #1012, 1000.000000000000000 ) ;
#494 = AXIS2_PLACEMENT_3D ( 'NONE', #1757, #2348, #134 ) ;
#495 = EDGE_CURVE ( 'NONE', #2035, #2266, #905, .T. ) ;
#496 = VECTOR ( 'NONE', #2380, 1000.000000000000000 ) ;
#497 = EDGE_CURVE ( 'NONE', #692, #1302, #2021, .T. ) ;
#498 = APPROVAL_STATUS ( 'not_yet_approved' ) ;
#499 = LINE ( 'NONE', #1215, #1042 ) ;
#500 = FACE_OUTER_BOUND ( 'NONE', #2349, .T. ) ;
#501 = DIRECTION ( 'NONE',  ( 1.000000000000000000, 0.000000000000000000, -0.000000000000000000 ) ) ;
#502 = CARTESIAN_POINT ( 'NONE',  ( 182.5326302455077041, 2.200000000000000178, 10.75000000000000000 ) ) ;
#503 = DIRECTION ( 'NONE',  ( 0.000000000000000000, 0.000000000000000000, -1.000000000000000000 ) ) ;
#504 = DIRECTION ( 'NONE',  ( 0.000000000000000000, -0.000000000000000000, 1.000000000000000000 ) ) ;
#505 = LINE ( 'NONE', #1248, #258 ) ;
#506 = DATE_AND_TIME ( #1613, #1744 ) ;
#507 = CYLINDRICAL_SURFACE ( 'NONE', #2391, 2.000000000000001776 ) ;
#508 = CARTESIAN_POINT ( 'NONE',  ( 182.5322410603347123, -127.8049907678467321, 10.75000000000000000 ) ) ;
#509 = LINE ( 'NONE', #1243, #613 ) ;
#510 = DIRECTION ( 'NONE',  ( 0.000000000000000000, 1.000000000000000000, 0.000000000000000000 ) ) ;
#511 = DIRECTION ( 'NONE',  ( -0.000000000000000000, -0.000000000000000000, -1.000000000000000000 ) ) ;
#512 = EDGE_LOOP ( 'NONE', ( #787, #1497, #1520, #640 ) ) ;
#513 = DIRECTION ( 'NONE',  ( 0.000000000000000000, 0.000000000000000000, 1.000000000000000000 ) ) ;
#514 = EDGE_CURVE ( 'NONE', #1891, #1044, #1469, .T. ) ;
#515 = ORIENTED_EDGE ( 'NONE', *, *, #16, .F. ) ;
#516 = CIRCLE ( 'NONE', #2188, 6.250000000000000000 ) ;
#517 = ORIENTED_EDGE ( 'NONE', *, *, #299, .T. ) ;
#518 = EDGE_CURVE ( 'NONE', #988, #882, #742, .T. ) ;
#519 = DIRECTION ( 'NONE',  ( -0.7071261234860521938, 0.7070874383579364153, 0.000000000000000000 ) ) ;
#520 = CARTESIAN_POINT ( 'NONE',  ( 207.5526302455077143, 2.200000000000000178, 10.75000000000000000 ) ) ;
#521 = LINE ( 'NONE', #8, #1083 ) ;
#522 = DIRECTION ( 'NONE',  ( 1.000000000000000000, 0.000000000000000000, -0.000000000000000000 ) ) ;
#523 = EDGE_CURVE ( 'NONE', #2317, #1299, #365, .T. ) ;
#524 = EDGE_CURVE ( 'NONE', #1123, #1729, #170, .T. ) ;
#525 = ADVANCED_FACE ( 'NONE', ( #526 ), #193, .T. ) ;
#526 = FACE_OUTER_BOUND ( 'NONE', #1183, .T. ) ;
#527 = ORIENTED_EDGE ( 'NONE', *, *, #1331, .T. ) ;
#528 = DIRECTION ( 'NONE',  ( 1.000000000000000000, 0.000000000000000000, 0.000000000000000000 ) ) ;
#529 = EDGE_LOOP ( 'NONE', ( #209, #234 ) ) ;
#530 = AXIS2_PLACEMENT_3D ( 'NONE', #1872, #1852, #1320 ) ;
#531 = ORIENTED_EDGE ( 'NONE', *, *, #911, .F. ) ;
#532 = VECTOR ( 'NONE', #415, 1000.000000000000114 ) ;
#533 = CARTESIAN_POINT ( 'NONE',  ( 33.49154527623622357, -69.05098153569343822, 1.000000000000015543 ) ) ;
#534 = LINE ( 'NONE', #923, #926 ) ;
#535 = FACE_OUTER_BOUND ( 'NONE', #1247, .T. ) ;
#536 = VECTOR ( 'NONE', #1143, 1000.000000000000000 ) ;
#537 = DIRECTION ( 'NONE',  ( -0.000000000000000000, -0.000000000000000000, -1.000000000000000000 ) ) ;
#538 = ORIENTED_EDGE ( 'NONE', *, *, #944, .T. ) ;
#539 = CARTESIAN_POINT ( 'NONE',  ( 207.5526302455077143, 2.200000000000000178, 10.75000000000000000 ) ) ;
#540 = EDGE_LOOP ( 'NONE', ( #1494, #2210, #2295, #2074 ) ) ;
#541 = EDGE_CURVE ( 'NONE', #808, #1149, #1122, .T. ) ;
#542 = ORIENTED_EDGE ( 'NONE', *, *, #626, .T. ) ;
#543 = CARTESIAN_POINT ( 'NONE',  ( 182.5322410603347123, -126.8099815356934243, 10.75000000000000000 ) ) ;
#544 = CARTESIAN_POINT ( 'NONE',  ( 132.6326302455076984, 2.199999999999997069, 10.75000000000000000 ) ) ;
#545 = ADVANCED_FACE ( 'NONE', ( #726 ), #2402, .T. ) ;
#546 = CARTESIAN_POINT ( 'NONE',  ( 2.412545276236220726, -4.000000000000000000, 5.599999999999999645 ) ) ;
#547 = DIRECTION ( 'NONE',  ( 0.000000000000000000, 1.000000000000000000, 0.000000000000000000 ) ) ;
#548 = CARTESIAN_POINT ( 'NONE',  ( 7.697018354324194789, -124.8217424669712159, 12.24999999999999822 ) ) ;
#549 = VERTEX_POINT ( 'NONE', #1655 ) ;
#550 = ADVANCED_FACE ( 'NONE', ( #1097, #344 ), #2393, .T. ) ;
#551 = CARTESIAN_POINT ( 'NONE',  ( 207.5526302455077143, 3.195009232153295464, 12.24999999999999822 ) ) ;
#552 = ORIENTED_EDGE ( 'NONE', *, *, #2192, .F. ) ;
#553 = VERTEX_POINT ( 'NONE', #1447 ) ;
#554 = CIRCLE ( 'NONE', #1364, 2.000000000000001332 ) ;
#555 = CARTESIAN_POINT ( 'NONE',  ( 420.0526302455077143, 3.195009232153282142, 12.24999999999999822 ) ) ;
#556 = CARTESIAN_POINT ( 'NONE',  ( 2.412545276236220726, -4.000000000000000000, 4.000000000000000000 ) ) ;
#557 = LINE ( 'NONE', #1653, #1698 ) ;
#558 = LINE ( 'NONE', #1863, #213 ) ;
#559 = FACE_OUTER_BOUND ( 'NONE', #623, .T. ) ;
#560 = ORIENTED_EDGE ( 'NONE', *, *, #1457, .T. ) ;
#561 = DIRECTION ( 'NONE',  ( 0.000000000000000000, 0.000000000000000000, -1.000000000000000000 ) ) ;
#562 = EDGE_LOOP ( 'NONE', ( #240, #957, #1651, #1571 ) ) ;
#563 = ORIENTED_EDGE ( 'NONE', *, *, #1226, .T. ) ;
#564 = VECTOR ( 'NONE', #1712, 1000.000000000000000 ) ;
#565 = LINE ( 'NONE', #199, #1587 ) ;
#566 = CC_DESIGN_PERSON_AND_ORGANIZATION_ASSIGNMENT ( #288, #128, ( #1826 ) ) ;
#567 = CIRCLE ( 'NONE', #336, 6.400000000000016342 ) ;
#568 = AXIS2_PLACEMENT_3D ( 'NONE', #1401, #1569, #1222 ) ;
#569 = LINE ( 'NONE', #363, #741 ) ;
#570 = CARTESIAN_POINT ( 'NONE',  ( 39.15154527623622016, 4.999999999999999112, 4.000000000000000000 ) ) ;
#571 = AXIS2_PLACEMENT_3D ( 'NONE', #2236, #963, #1700 ) ;
#572 = CARTESIAN_POINT ( 'NONE',  ( 12.76812274805451608, -120.6099815356934357, 0.000000000000000000 ) ) ;
#573 = ORIENTED_EDGE ( 'NONE', *, *, #2366, .F. ) ;
#574 = CIRCLE ( 'NONE', #1740, 2.000000000000000888 ) ;
#575 = DIRECTION ( 'NONE',  ( 1.000000000000000000, 0.000000000000000000, 5.913830031739110612E-17 ) ) ;
#576 = ORIENTED_EDGE ( 'NONE', *, *, #1057, .F. ) ;
#577 = ORIENTED_EDGE ( 'NONE', *, *, #871, .F. ) ;
#578 = VECTOR ( 'NONE', #1416, 1000.000000000000000 ) ;
#579 = CARTESIAN_POINT ( 'NONE',  ( 207.5526302455077143, -126.8099815356934243, 10.75000000000000000 ) ) ;
#580 = APPLICATION_PROTOCOL_DEFINITION ( 'international standard', 'config_control_design', 1994, #379 ) ;
#581 = CARTESIAN_POINT ( 'NONE',  ( -0.2399816456752842941, -124.8217424669712159, 10.75000000000000000 ) ) ;
#582 = FACE_OUTER_BOUND ( 'NONE', #1225, .T. ) ;
#583 = ORIENTED_EDGE ( 'NONE', *, *, #2194, .T. ) ;
#584 = DIRECTION ( 'NONE',  ( 0.000000000000000000, 1.000000000000000000, 0.000000000000000000 ) ) ;
#585 = ORIENTED_EDGE ( 'NONE', *, *, #944, .F. ) ;
#586 = EDGE_CURVE ( 'NONE', #1859, #1672, #2193, .T. ) ;
#587 = ORIENTED_EDGE ( 'NONE', *, *, #627, .F. ) ;
#588 = ORIENTED_EDGE ( 'NONE', *, *, #1051, .F. ) ;
#589 = PERSON_AND_ORGANIZATION ( #1966, #1121 ) ;
#590 = AXIS2_PLACEMENT_3D ( 'NONE', #307, #1941, #120 ) ;
#591 = CARTESIAN_POINT ( 'NONE',  ( 3.968545276236235875, -115.9542181297286163, 0.000000000000000000 ) ) ;
#592 = PLANE ( 'NONE',  #1927 ) ;
#593 = ORIENTED_EDGE ( 'NONE', *, *, #1382, .F. ) ;
#594 = FACE_OUTER_BOUND ( 'NONE', #1824, .T. ) ;
#595 = EDGE_CURVE ( 'NONE', #1302, #1509, #1289, .T. ) ;
#596 = EDGE_CURVE ( 'NONE', #2216, #1069, #1277, .T. ) ;
#597 = LINE ( 'NONE', #774, #2085 ) ;
#598 = EDGE_CURVE ( 'NONE', #1891, #223, #1841, .T. ) ;
#599 = EDGE_LOOP ( 'NONE', ( #691, #1163 ) ) ;
#600 = ORIENTED_EDGE ( 'NONE', *, *, #1551, .T. ) ;
#601 = EDGE_CURVE ( 'NONE', #1705, #233, #1356, .T. ) ;
#602 = ORIENTED_EDGE ( 'NONE', *, *, #1847, .T. ) ;
#603 = ORIENTED_EDGE ( 'NONE', *, *, #1560, .F. ) ;
#604 = PERSON_AND_ORGANIZATION ( #1966, #1121 ) ;
#605 = DIRECTION ( 'NONE',  ( 0.000000000000000000, 0.000000000000000000, 1.000000000000000000 ) ) ;
#606 = VECTOR ( 'NONE', #2114, 1000.000000000000000 ) ;
#607 = DIRECTION ( 'NONE',  ( -0.000000000000000000, -0.000000000000000000, -1.000000000000000000 ) ) ;
#608 = ORIENTED_EDGE ( 'NONE', *, *, #1913, .T. ) ;
#609 = CARTESIAN_POINT ( 'NONE',  ( 6.659451242230931989, -127.2292181297286220, 12.24999999999999822 ) ) ;
#610 = VECTOR ( 'NONE', #231, 1000.000000000000000 ) ;
#611 = CARTESIAN_POINT ( 'NONE',  ( 182.5322410603347123, -126.8099815356934243, 12.24999999999999645 ) ) ;
#612 = VERTEX_POINT ( 'NONE', #2273 ) ;
#613 = VECTOR ( 'NONE', #664, 1000.000000000000000 ) ;
#614 = ORIENTED_EDGE ( 'NONE', *, *, #2294, .F. ) ;
#615 = ORIENTED_EDGE ( 'NONE', *, *, #2192, .T. ) ;
#616 = EDGE_CURVE ( 'NONE', #1452, #2139, #46, .T. ) ;
#617 = ORIENTED_EDGE ( 'NONE', *, *, #2022, .T. ) ;
#618 = DIRECTION ( 'NONE',  ( -1.000000000000000000, -0.000000000000000000, -0.000000000000000000 ) ) ;
#619 = CARTESIAN_POINT ( 'NONE',  ( 13.41254527623619808, -15.00000000000000178, -0.2999999999999999334 ) ) ;
#620 = VECTOR ( 'NONE', #1026, 1000.000000000000000 ) ;
#621 = EDGE_CURVE ( 'NONE', #1730, #1988, #1193, .T. ) ;
#622 = DIRECTION ( 'NONE',  ( 1.000000000000000000, 0.000000000000000000, 0.000000000000000000 ) ) ;
#623 = EDGE_LOOP ( 'NONE', ( #1559, #1214 ) ) ;
#624 = LINE ( 'NONE', #609, #532 ) ;
#625 = PLANE ( 'NONE',  #303 ) ;
#626 = EDGE_CURVE ( 'NONE', #2293, #1191, #791, .T. ) ;
#627 = EDGE_CURVE ( 'NONE', #245, #2026, #35, .T. ) ;
#628 = ORIENTED_EDGE ( 'NONE', *, *, #1586, .F. ) ;
#629 = ORIENTED_EDGE ( 'NONE', *, *, #2244, .T. ) ;
#630 = ORIENTED_EDGE ( 'NONE', *, *, #2115, .T. ) ;
#631 = EDGE_CURVE ( 'NONE', #1786, #281, #2128, .T. ) ;
#632 = VERTEX_POINT ( 'NONE', #1526 ) ;
#633 = CARTESIAN_POINT ( 'NONE',  ( 33.65154527623621306, 19.32654878189440595, 7.499999999999999112 ) ) ;
#634 = CARTESIAN_POINT ( 'NONE',  ( 10.68042987029309820, -127.8049907678467321, 12.24999999999999822 ) ) ;
#635 = DIRECTION ( 'NONE',  ( 0.000000000000000000, -0.000000000000000000, -1.000000000000000000 ) ) ;
#636 = AXIS2_PLACEMENT_3D ( 'NONE', #533, #2200, #922 ) ;
#637 = ORIENTED_EDGE ( 'NONE', *, *, #1661, .T. ) ;
#638 = DIRECTION ( 'NONE',  ( 0.000000000000000000, 0.000000000000000000, 1.000000000000000000 ) ) ;
#639 = DIRECTION ( 'NONE',  ( -1.000000000000000000, -0.000000000000000000, -0.000000000000000000 ) ) ;
#640 = ORIENTED_EDGE ( 'NONE', *, *, #832, .T. ) ;
#641 = ORIENTED_EDGE ( 'NONE', *, *, #2346, .T. ) ;
#642 = ORIENTED_EDGE ( 'NONE', *, *, #2346, .F. ) ;
#643 = VERTEX_POINT ( 'NONE', #2065 ) ;
#644 = COORDINATED_UNIVERSAL_TIME_OFFSET ( 1, 0, .AHEAD. ) ;
#645 = DIRECTION ( 'NONE',  ( 0.000000000000000000, 0.000000000000000000, -1.000000000000000000 ) ) ;
#646 = ADVANCED_FACE ( 'NONE', ( #1345 ), #782, .F. ) ;
#647 = DIRECTION ( 'NONE',  ( -1.000000000000000000, 0.000000000000000000, 0.000000000000000000 ) ) ;
#648 = EDGE_LOOP ( 'NONE', ( #2156, #573, #137, #1865 ) ) ;
#649 = CARTESIAN_POINT ( 'NONE',  ( 30.15154527623621306, -4.000000000000000000, 4.000000000000000000 ) ) ;
#650 = EDGE_CURVE ( 'NONE', #964, #1326, #1314, .T. ) ;
#651 = AXIS2_PLACEMENT_3D ( 'NONE', #1139, #1513, #1879 ) ;
#652 = DIRECTION ( 'NONE',  ( 1.000000000000000000, 0.000000000000000000, -0.000000000000000000 ) ) ;
#653 = EDGE_LOOP ( 'NONE', ( #1484, #421, #1947, #671 ) ) ;
#654 = CIRCLE ( 'NONE', #1496, 3.499999999999999556 ) ;
#655 = AXIS2_PLACEMENT_3D ( 'NONE', #1867, #1280, #331 ) ;
#656 = VECTOR ( 'NONE', #2031, 1000.000000000000000 ) ;
#657 = DIRECTION ( 'NONE',  ( -0.7071067811865472397, 0.000000000000000000, -0.7071067811865479058 ) ) ;
#658 = AXIS2_PLACEMENT_3D ( 'NONE', #1980, #1413, #1398 ) ;
#659 = EDGE_CURVE ( 'NONE', #1258, #1196, #1714, .T. ) ;
#660 = APPROVAL_PERSON_ORGANIZATION ( #1939, #1713, #2153 ) ;
#661 = CARTESIAN_POINT ( 'NONE',  ( 5.968545276236236319, -115.9542181297286163, 5.599999999999999645 ) ) ;
#662 = CARTESIAN_POINT ( 'NONE',  ( 10.68042987029309820, -127.8049907678467321, 12.24999999999999822 ) ) ;
#663 = ORIENTED_EDGE ( 'NONE', *, *, #1089, .T. ) ;
#664 = DIRECTION ( 'NONE',  ( -1.000000000000000000, 0.000000000000000000, 0.000000000000000000 ) ) ;
#665 = DIRECTION ( 'NONE',  ( 1.000000000000000000, 0.000000000000000000, 0.000000000000000000 ) ) ;
#666 = VECTOR ( 'NONE', #667, 1000.000000000000000 ) ;
#667 = DIRECTION ( 'NONE',  ( 0.000000000000000000, 1.000000000000000000, 0.000000000000000000 ) ) ;
#668 = DIRECTION ( 'NONE',  ( 0.000000000000000000, 0.000000000000000000, 1.000000000000000000 ) ) ;
#669 = EDGE_LOOP ( 'NONE', ( #1208, #932, #313, #1914, #869, #1546, #1701, #357, #148, #1805, #332, #815, #215, #719 ) ) ;
#670 = CARTESIAN_POINT ( 'NONE',  ( 33.49154527623622357, -69.05098153569343822, -0.1499999999999999667 ) ) ;
#671 = ORIENTED_EDGE ( 'NONE', *, *, #3, .F. ) ;
#672 = PERSON_AND_ORGANIZATION ( #1966, #1121 ) ;
#673 = DIRECTION ( 'NONE',  ( 0.7070874383579364153, 0.7071261234860521938, -0.000000000000000000 ) ) ;
#674 = DIRECTION ( 'NONE',  ( 0.7070874383579364153, 0.7071261234860521938, -0.000000000000000000 ) ) ;
#675 = ORIENTED_EDGE ( 'NONE', *, *, #1880, .F. ) ;
#676 = CARTESIAN_POINT ( 'NONE',  ( 207.5526302455077143, -4.000000000000000000, 5.599999999999999645 ) ) ;
#677 = CARTESIAN_POINT ( 'NONE',  ( -4.947369754492285665, -120.1146118877603612, 12.24999999999999822 ) ) ;
#678 = CARTESIAN_POINT ( 'NONE',  ( 421.6927152147791844, 4.999999999999999112, 12.24999999999999822 ) ) ;
#679 = CARTESIAN_POINT ( 'NONE',  ( 2.412545276236220726, -110.0909388826914892, 0.3343461451858263378 ) ) ;
#680 = EDGE_CURVE ( 'NONE', #553, #274, #1538, .T. ) ;
#681 = VECTOR ( 'NONE', #902, 1000.000000000000000 ) ;
#682 = ADVANCED_FACE ( 'NONE', ( #582 ), #1132, .F. ) ;
#683 = LINE ( 'NONE', #312, #2206 ) ;
#684 = DIRECTION ( 'NONE',  ( -0.000000000000000000, -0.000000000000000000, 1.000000000000000000 ) ) ;
#685 = PLANE ( 'NONE',  #1448 ) ;
#686 = ORIENTED_EDGE ( 'NONE', *, *, #2151, .F. ) ;
#687 = CARTESIAN_POINT ( 'NONE',  ( 13.41254527623619808, -15.00000000000000178, -0.2999999999999999334 ) ) ;
#688 = LINE ( 'NONE', #502, #2316 ) ;
#689 = DIRECTION ( 'NONE',  ( -0.7071261234859760325, 0.7070874383580125766, 0.000000000000000000 ) ) ;
#690 = CARTESIAN_POINT ( 'NONE',  ( 42.65154527623621306, 2.199999999999997069, 4.000000000000000000 ) ) ;
#691 = ORIENTED_EDGE ( 'NONE', *, *, #779, .F. ) ;
#692 = VERTEX_POINT ( 'NONE', #1155 ) ;
#693 = VECTOR ( 'NONE', #510, 1000.000000000000000 ) ;
#694 = AXIS2_PLACEMENT_3D ( 'NONE', #295, #879, #113 ) ;
#695 = ORIENTED_EDGE ( 'NONE', *, *, #1303, .T. ) ;
#696 = VECTOR ( 'NONE', #657, 1000.000000000000000 ) ;
#697 = VECTOR ( 'NONE', #1688, 1000.000000000000000 ) ;
#698 = ORIENTED_EDGE ( 'NONE', *, *, #1005, .T. ) ;
#699 = VECTOR ( 'NONE', #1862, 999.9999999999998863 ) ;
#700 = DIRECTION ( 'NONE',  ( -1.000000000000000000, 0.000000000000000000, 0.000000000000000000 ) ) ;
#701 = CARTESIAN_POINT ( 'NONE',  ( -0.8874547237637790964, -98.45980132780354666, 3.199999999999969980 ) ) ;
#702 = DIRECTION ( 'NONE',  ( 1.000000000000000000, 0.000000000000000000, 0.000000000000000000 ) ) ;
#703 = CARTESIAN_POINT ( 'NONE',  ( 8.865929782276168680, -118.2292181297286078, 0.9999999999999931166 ) ) ;
#704 = ADVANCED_FACE ( 'NONE', ( #1516 ), #214, .F. ) ;
#705 = CARTESIAN_POINT ( 'NONE',  ( 34.90154527623621306, 0.000000000000000000, 0.000000000000000000 ) ) ;
#706 = DIRECTION ( 'NONE',  ( 0.000000000000000000, 0.000000000000000000, 1.000000000000000000 ) ) ;
#707 = ORIENTED_EDGE ( 'NONE', *, *, #1486, .F. ) ;
#708 = EDGE_CURVE ( 'NONE', #269, #2, #1873, .T. ) ;
#709 = LINE ( 'NONE', #539, #734 ) ;
#710 = ORIENTED_EDGE ( 'NONE', *, *, #299, .F. ) ;
#711 = DIRECTION ( 'NONE',  ( 1.000000000000000000, 0.000000000000000000, 0.000000000000000000 ) ) ;
#712 = EDGE_CURVE ( 'NONE', #1149, #1452, #1905, .T. ) ;
#713 = CARTESIAN_POINT ( 'NONE',  ( 10.20009800898741759, -126.8099815356934243, 10.75000000000000000 ) ) ;
#714 = DIRECTION ( 'NONE',  ( -0.000000000000000000, -0.000000000000000000, -1.000000000000000000 ) ) ;
#715 = DIRECTION ( 'NONE',  ( 0.000000000000000000, -0.000000000000000000, -1.000000000000000000 ) ) ;
#716 = CARTESIAN_POINT ( 'NONE',  ( 0.000000000000000000, 0.000000000000000000, 0.000000000000000000 ) ) ;
#717 = VERTEX_POINT ( 'NONE', #2078 ) ;
#718 = CARTESIAN_POINT ( 'NONE',  ( 37.90154527623621306, -4.500000000000046185, 0.4999999999999997780 ) ) ;
#719 = ORIENTED_EDGE ( 'NONE', *, *, #1710, .T. ) ;
#720 = AXIS2_PLACEMENT_3D ( 'NONE', #701, #1850, #2385 ) ;
#721 = ORIENTED_EDGE ( 'NONE', *, *, #59, .T. ) ;
#722 = PLANE ( 'NONE',  #960 ) ;
#723 = DIRECTION ( 'NONE',  ( -1.000000000000000000, -0.000000000000000000, -0.000000000000000000 ) ) ;
#724 = DIRECTION ( 'NONE',  ( 1.000000000000000000, 0.000000000000000000, 0.000000000000000000 ) ) ;
#725 = DIRECTION ( 'NONE',  ( -1.000000000000000000, 0.000000000000000000, 0.000000000000000000 ) ) ;
#726 = FACE_OUTER_BOUND ( 'NONE', #1998, .T. ) ;
#727 = EDGE_CURVE ( 'NONE', #269, #1315, #1308, .T. ) ;
#728 = ORIENTED_EDGE ( 'NONE', *, *, #1904, .T. ) ;
#729 = CARTESIAN_POINT ( 'NONE',  ( 132.6322410603347350, -127.8049907678467321, 12.24999999999999822 ) ) ;
#730 = ORIENTED_EDGE ( 'NONE', *, *, #1477, .T. ) ;
#731 = AXIS2_PLACEMENT_3D ( 'NONE', #1154, #1752, #248 ) ;
#732 = EDGE_LOOP ( 'NONE', ( #1265, #1517, #786, #1874 ) ) ;
#733 = VECTOR ( 'NONE', #2353, 1000.000000000000000 ) ;
#734 = VECTOR ( 'NONE', #561, 1000.000000000000000 ) ;
#735 = VECTOR ( 'NONE', #322, 1000.000000000000000 ) ;
#736 = ADVANCED_FACE ( 'NONE', ( #1491 ), #770, .T. ) ;
#737 = ADVANCED_FACE ( 'NONE', ( #2259 ), #592, .F. ) ;
#738 = CARTESIAN_POINT ( 'NONE',  ( 132.6326302455076984, 3.195009232153308787, 12.24999999999999645 ) ) ;
#739 = CARTESIAN_POINT ( 'NONE',  ( 32.90945124223093643, -109.6099815356934499, -0.2999999999999999334 ) ) ;
#740 = LINE ( 'NONE', #1276, #1619 ) ;
#741 = VECTOR ( 'NONE', #376, 1000.000000000000000 ) ;
#742 = LINE ( 'NONE', #1254, #143 ) ;
#743 = ORIENTED_EDGE ( 'NONE', *, *, #1031, .T. ) ;
#744 = CARTESIAN_POINT ( 'NONE',  ( 1.968545276236234765, -115.9542181297286163, 5.599999999999999645 ) ) ;
#745 = ORIENTED_EDGE ( 'NONE', *, *, #2220, .F. ) ;
#746 = DIRECTION ( 'NONE',  ( 0.000000000000000000, 0.000000000000000000, 1.000000000000000000 ) ) ;
#747 = CARTESIAN_POINT ( 'NONE',  ( 421.6927152147791844, 4.999999999999999112, -1.800000000000023803 ) ) ;
#748 = DIRECTION ( 'NONE',  ( 0.000000000000000000, 0.000000000000000000, 1.000000000000000000 ) ) ;
#749 = DIRECTION ( 'NONE',  ( 0.000000000000000000, -0.000000000000000000, -1.000000000000000000 ) ) ;
#750 = CARTESIAN_POINT ( 'NONE',  ( 6.659451242230931989, -127.2292181297286220, -450.7362439051084380 ) ) ;
#751 = VERTEX_POINT ( 'NONE', #107 ) ;
#752 = PLANE ( 'NONE',  #1694 ) ;
#753 = ORIENTED_EDGE ( 'NONE', *, *, #2336, .F. ) ;
#754 = ADVANCED_FACE ( 'NONE', ( #1577, #1384, #464 ), #685, .F. ) ;
#755 = ORIENTED_EDGE ( 'NONE', *, *, #1324, .F. ) ;
#756 = CYLINDRICAL_SURFACE ( 'NONE', #1900, 6.250000000000001776 ) ;
#757 = CARTESIAN_POINT ( 'NONE',  ( 0.000000000000000000, 0.000000000000000000, 4.000000000000000000 ) ) ;
#758 = DIRECTION ( 'NONE',  ( 0.000000000000000000, 0.000000000000000000, -1.000000000000000000 ) ) ;
#759 = CARTESIAN_POINT ( 'NONE',  ( 8.865929782276168680, -118.2292181297286078, 5.599999999999999645 ) ) ;
#760 = CARTESIAN_POINT ( 'NONE',  ( -0.8874547237637790964, -18.45980132780353955, 3.199999999999969980 ) ) ;
#761 = VERTEX_POINT ( 'NONE', #2131 ) ;
#762 = CARTESIAN_POINT ( 'NONE',  ( 3.968545276236235875, -115.9542181297286163, 5.599999999999999645 ) ) ;
#763 = ORIENTED_EDGE ( 'NONE', *, *, #2248, .T. ) ;
#764 = AXIS2_PLACEMENT_3D ( 'NONE', #634, #2306, #70 ) ;
#765 = CARTESIAN_POINT ( 'NONE',  ( 37.90154527623621306, -3.999999999999999112, 0.000000000000000000 ) ) ;
#766 = VECTOR ( 'NONE', #1144, 1000.000000000000000 ) ;
#767 = DIRECTION ( 'NONE',  ( 0.000000000000000000, -1.000000000000000000, -0.000000000000000000 ) ) ;
#768 = CARTESIAN_POINT ( 'NONE',  ( -3.787454723763779452, 2.200000000000000178, 10.75000000000000000 ) ) ;
#769 = VECTOR ( 'NONE', #803, 1000.000000000000000 ) ;
#770 = PLANE ( 'NONE',  #571 ) ;
#771 = ORIENTED_EDGE ( 'NONE', *, *, #61, .F. ) ;
#772 = ADVANCED_FACE ( 'NONE', ( #1931 ), #1565, .F. ) ;
#773 = VECTOR ( 'NONE', #788, 1000.000000000000000 ) ;
#774 = CARTESIAN_POINT ( 'NONE',  ( 24.40154527623621306, -11.20000000000009344, 4.000000000000000000 ) ) ;
#775 = APPROVAL_PERSON_ORGANIZATION ( #1019, #136, #1574 ) ;
#776 = ORIENTED_EDGE ( 'NONE', *, *, #42, .F. ) ;
#777 = ORIENTED_EDGE ( 'NONE', *, *, #2151, .T. ) ;
#778 = DIRECTION ( 'NONE',  ( 0.000000000000000000, 0.000000000000000000, 1.000000000000000000 ) ) ;
#779 = EDGE_CURVE ( 'NONE', #1884, #870, #1647, .T. ) ;
#780 = DIRECTION ( 'NONE',  ( 0.000000000000000000, 0.000000000000000000, 1.000000000000000000 ) ) ;
#781 = CARTESIAN_POINT ( 'NONE',  ( 0.000000000000000000, 0.000000000000000000, 10.75000000000000000 ) ) ;
#782 = PLANE ( 'NONE',  #1429 ) ;
#783 = ORIENTED_EDGE ( 'NONE', *, *, #41, .T. ) ;
#784 = CYLINDRICAL_SURFACE ( 'NONE', #2204, 6.250000000000000000 ) ;
#785 = LINE ( 'NONE', #417, #610 ) ;
#786 = ORIENTED_EDGE ( 'NONE', *, *, #207, .F. ) ;
#787 = ORIENTED_EDGE ( 'NONE', *, *, #1377, .F. ) ;
#788 = DIRECTION ( 'NONE',  ( -0.000000000000000000, -0.000000000000000000, -1.000000000000000000 ) ) ;
#789 = VECTOR ( 'NONE', #1207, 1000.000000000000114 ) ;
#790 = DIRECTION ( 'NONE',  ( 0.000000000000000000, 0.000000000000000000, 1.000000000000000000 ) ) ;
#791 = LINE ( 'NONE', #1917, #65 ) ;
#792 = ORIENTED_EDGE ( 'NONE', *, *, #1160, .F. ) ;
#793 = DIRECTION ( 'NONE',  ( 0.7071261234859760325, -0.7070874383580125766, 0.000000000000000000 ) ) ;
#794 = ADVANCED_FACE ( 'NONE', ( #500 ), #2141, .T. ) ;
#795 = LINE ( 'NONE', #951, #2240 ) ;
#796 = ORIENTED_EDGE ( 'NONE', *, *, #1158, .F. ) ;
#797 = EDGE_CURVE ( 'NONE', #1869, #981, #1790, .T. ) ;
#798 = ORIENTED_EDGE ( 'NONE', *, *, #2294, .T. ) ;
#799 = DIRECTION ( 'NONE',  ( -0.000000000000000000, -0.000000000000000000, -1.000000000000000000 ) ) ;
#800 = EDGE_CURVE ( 'NONE', #2216, #2291, #280, .T. ) ;
#801 = AXIS2_PLACEMENT_3D ( 'NONE', #936, #1840, #1502 ) ;
#802 = VECTOR ( 'NONE', #1371, 1000.000000000000000 ) ;
#803 = DIRECTION ( 'NONE',  ( 1.000000000000000000, 0.000000000000000000, 0.000000000000000000 ) ) ;
#804 = ORIENTED_EDGE ( 'NONE', *, *, #2162, .T. ) ;
#805 = CARTESIAN_POINT ( 'NONE',  ( 7.162545276236198077, -15.00000000000000178, -0.2999999999999999334 ) ) ;
#806 = AXIS2_PLACEMENT_3D ( 'NONE', #1634, #1668, #1864 ) ;
#807 = DIRECTION ( 'NONE',  ( -1.000000000000000000, 0.000000000000000000, 0.000000000000000000 ) ) ;
#808 = VERTEX_POINT ( 'NONE', #1013 ) ;
#809 = AXIS2_PLACEMENT_3D ( 'NONE', #839, #1617, #2357 ) ;
#810 = APPROVAL_PERSON_ORGANIZATION ( #589, #392, #2076 ) ;
#811 = ORIENTED_EDGE ( 'NONE', *, *, #2149, .T. ) ;
#812 = VERTEX_POINT ( 'NONE', #2322 ) ;
#813 = DIRECTION ( 'NONE',  ( 0.000000000000000000, 0.000000000000000000, -1.000000000000000000 ) ) ;
#814 = PLANE ( 'NONE',  #590 ) ;
#815 = ORIENTED_EDGE ( 'NONE', *, *, #110, .T. ) ;
#816 = DIRECTION ( 'NONE',  ( -1.000000000000000000, 0.000000000000000000, 0.000000000000000000 ) ) ;
#817 = LINE ( 'NONE', #1606, #666 ) ;
#818 = DIRECTION ( 'NONE',  ( -0.000000000000000000, -0.000000000000000000, -1.000000000000000000 ) ) ;
#819 = ORIENTED_EDGE ( 'NONE', *, *, #1986, .T. ) ;
#820 = VERTEX_POINT ( 'NONE', #2155 ) ;
#821 = ORIENTED_EDGE ( 'NONE', *, *, #621, .T. ) ;
#822 = ADVANCED_FACE ( 'NONE', ( #2307 ), #1228, .T. ) ;
#823 = CALENDAR_DATE ( 2025, 5, 11 ) ;
#824 = DIRECTION ( 'NONE',  ( 1.000000000000000000, 0.000000000000000000, 0.000000000000000000 ) ) ;
#825 = FACE_OUTER_BOUND ( 'NONE', #440, .T. ) ;
#826 = VECTOR ( 'NONE', #1969, 1000.000000000000000 ) ;
#827 = VERTEX_POINT ( 'NONE', #837 ) ;
#828 = DIRECTION ( 'NONE',  ( -0.000000000000000000, -0.000000000000000000, -1.000000000000000000 ) ) ;
#829 = DIRECTION ( 'NONE',  ( -0.000000000000000000, 0.000000000000000000, -1.000000000000000000 ) ) ;
#830 = FACE_OUTER_BOUND ( 'NONE', #1669, .T. ) ;
#831 = ORIENTED_EDGE ( 'NONE', *, *, #1129, .T. ) ;
#832 = EDGE_CURVE ( 'NONE', #1869, #277, #1367, .T. ) ;
#833 = DIRECTION ( 'NONE',  ( 0.000000000000000000, 0.000000000000000000, 1.000000000000000000 ) ) ;
#834 = ADVANCED_BREP_SHAPE_REPRESENTATION ( '1-back', ( #2374, #968 ), #346 ) ;
#835 = ORIENTED_EDGE ( 'NONE', *, *, #800, .T. ) ;
#836 = DIRECTION ( 'NONE',  ( 1.000000000000000000, 0.000000000000000000, 0.000000000000000000 ) ) ;
#837 = CARTESIAN_POINT ( 'NONE',  ( 207.5526302455077143, -3.999999999999999112, 0.000000000000000000 ) ) ;
#838 = ORIENTED_EDGE ( 'NONE', *, *, #1293, .T. ) ;
#839 = CARTESIAN_POINT ( 'NONE',  ( 33.49154527623622357, -69.05098153569343822, 1.000000000000015543 ) ) ;
#840 = AXIS2_PLACEMENT_3D ( 'NONE', #1096, #725, #1687 ) ;
#841 = DIRECTION ( 'NONE',  ( -0.000000000000000000, -0.000000000000000000, 1.000000000000000000 ) ) ;
#842 = FACE_OUTER_BOUND ( 'NONE', #648, .T. ) ;
#843 = ORIENTED_EDGE ( 'NONE', *, *, #627, .T. ) ;
#844 = ADVANCED_FACE ( 'NONE', ( #2116 ), #814, .F. ) ;
#845 = AXIS2_PLACEMENT_3D ( 'NONE', #106, #1420, #1020 ) ;
#846 = VECTOR ( 'NONE', #1625, 1000.000000000000000 ) ;
#847 = DIRECTION ( 'NONE',  ( 1.000000000000000000, 0.000000000000000000, 0.000000000000000000 ) ) ;
#848 = CIRCLE ( 'NONE', #306, 6.250000000000000000 ) ;
#849 = LINE ( 'NONE', #1600, #1776 ) ;
#850 = EDGE_CURVE ( 'NONE', #1754, #126, #2152, .T. ) ;
#851 = EDGE_CURVE ( 'NONE', #114, #1271, #49, .T. ) ;
#852 = DIRECTION ( 'NONE',  ( 1.000000000000000000, 0.000000000000000000, 0.000000000000000000 ) ) ;
#853 = ORIENTED_EDGE ( 'NONE', *, *, #1847, .F. ) ;
#854 = DIRECTION ( 'NONE',  ( 0.000000000000000000, 0.000000000000000000, 1.000000000000000000 ) ) ;
#855 = DIRECTION ( 'NONE',  ( 0.000000000000000000, 0.000000000000000000, 1.000000000000000000 ) ) ;
#856 = CC_DESIGN_PERSON_AND_ORGANIZATION_ASSIGNMENT ( #604, #1722, ( #166 ) ) ;
#857 = CARTESIAN_POINT ( 'NONE',  ( 5.968545276236236319, -115.9542181297286163, -0.1499999999999999667 ) ) ;
#858 = FACE_BOUND ( 'NONE', #1721, .T. ) ;
#859 = ORIENTED_EDGE ( 'NONE', *, *, #631, .F. ) ;
#860 = APPROVAL_STATUS ( 'not_yet_approved' ) ;
#861 = CARTESIAN_POINT ( 'NONE',  ( -6.587454723763779718, -98.45980132780354666, 1.199999999999968425 ) ) ;
#862 = DIRECTION ( 'NONE',  ( 0.000000000000000000, 0.000000000000000000, 1.000000000000000000 ) ) ;
#863 = ORIENTED_EDGE ( 'NONE', *, *, #1311, .F. ) ;
#864 = LINE ( 'NONE', #2169, #2321 ) ;
#865 = PLANE ( 'NONE',  #333 ) ;
#866 = LINE ( 'NONE', #467, #1023 ) ;
#867 = ADVANCED_FACE ( 'NONE', ( #2167 ), #998, .T. ) ;
#868 = CARTESIAN_POINT ( 'NONE',  ( 207.5526302455077143, -126.8099815356934243, 5.599999999999999645 ) ) ;
#869 = ORIENTED_EDGE ( 'NONE', *, *, #524, .F. ) ;
#870 = VERTEX_POINT ( 'NONE', #2298 ) ;
#871 = EDGE_CURVE ( 'NONE', #1705, #612, #324, .T. ) ;
#872 = SHAPE_DEFINITION_REPRESENTATION ( #2314, #834 ) ;
#873 = CARTESIAN_POINT ( 'NONE',  ( 420.0526302455077143, 3.195009232153282142, 10.75000000000000000 ) ) ;
#874 = DIRECTION ( 'NONE',  ( -0.000000000000000000, 0.000000000000000000, 1.000000000000000000 ) ) ;
#875 = DIRECTION ( 'NONE',  ( 1.000000000000000000, 0.000000000000000000, -0.000000000000000000 ) ) ;
#876 = CARTESIAN_POINT ( 'NONE',  ( 33.65154527623621306, -4.000000000000000000, 0.4999999999999995559 ) ) ;
#877 = ADVANCED_FACE ( 'NONE', ( #825 ), #95, .T. ) ;
#878 = LINE ( 'NONE', #2360, #452 ) ;
#879 = DIRECTION ( 'NONE',  ( -0.000000000000000000, -0.000000000000000000, 1.000000000000000000 ) ) ;
#880 = ORIENTED_EDGE ( 'NONE', *, *, #1089, .F. ) ;
#881 = CIRCLE ( 'NONE', #1812, 2.000000000000001332 ) ;
#882 = VERTEX_POINT ( 'NONE', #326 ) ;
#883 = VECTOR ( 'NONE', #1395, 1000.000000000000000 ) ;
#884 = VECTOR ( 'NONE', #158, 1000.000000000000000 ) ;
#885 = EDGE_CURVE ( 'NONE', #1608, #484, #1444, .T. ) ;
#886 = VECTOR ( 'NONE', #1832, 1000.000000000000000 ) ;
#887 = ORIENTED_EDGE ( 'NONE', *, *, #708, .F. ) ;
#888 = VECTOR ( 'NONE', #131, 1000.000000000000000 ) ;
#889 = LINE ( 'NONE', #1628, #883 ) ;
#890 = CC_DESIGN_APPROVAL ( #136, ( #1008 ) ) ;
#891 = CARTESIAN_POINT ( 'NONE',  ( 207.5526302455077143, -129.6099815356934357, -1.800000000000023803 ) ) ;
#892 = CARTESIAN_POINT ( 'NONE',  ( 10.68042987029309820, -127.8049907678467321, 10.75000000000000000 ) ) ;
#893 = DIRECTION ( 'NONE',  ( -1.000000000000000000, -0.000000000000000000, -0.000000000000000000 ) ) ;
#894 = CARTESIAN_POINT ( 'NONE',  ( -0.1177956498029014282, -124.4292181297286106, 5.599999999999999645 ) ) ;
#895 = ORIENTED_EDGE ( 'NONE', *, *, #2115, .F. ) ;
#896 = CARTESIAN_POINT ( 'NONE',  ( -6.587454723763779718, 4.999999999999999112, -450.7362439051084380 ) ) ;
#897 = ORIENTED_EDGE ( 'NONE', *, *, #2336, .T. ) ;
#898 = ORIENTED_EDGE ( 'NONE', *, *, #2068, .T. ) ;
#899 = ADVANCED_FACE ( 'NONE', ( #1811 ), #2377, .T. ) ;
#900 = DIRECTION ( 'NONE',  ( 1.000000000000000000, 0.000000000000000000, 5.913830031739110612E-17 ) ) ;
#901 = EDGE_CURVE ( 'NONE', #988, #1566, #2028, .T. ) ;
#902 = DIRECTION ( 'NONE',  ( 1.000000000000000000, 6.083699565048922206E-17, 0.000000000000000000 ) ) ;
#903 = DIRECTION ( 'NONE',  ( 0.000000000000000000, -0.000000000000000000, -1.000000000000000000 ) ) ;
#904 = PLANE ( 'NONE',  #1888 ) ;
#905 = LINE ( 'NONE', #1819, #1388 ) ;
#906 = ORIENTED_EDGE ( 'NONE', *, *, #1986, .F. ) ;
#907 = CARTESIAN_POINT ( 'NONE',  ( 421.6927152147791844, 4.999999999999999112, -450.7362439051084380 ) ) ;
#908 = ORIENTED_EDGE ( 'NONE', *, *, #476, .T. ) ;
#909 = AXIS2_PLACEMENT_3D ( 'NONE', #1601, #1022, #448 ) ;
#910 = EDGE_CURVE ( 'NONE', #969, #244, #1838, .T. ) ;
#911 = EDGE_CURVE ( 'NONE', #2403, #1845, #2189, .T. ) ;
#912 = ORIENTED_EDGE ( 'NONE', *, *, #419, .F. ) ;
#913 = FACE_OUTER_BOUND ( 'NONE', #1028, .T. ) ;
#914 = DIRECTION ( 'NONE',  ( -0.000000000000000000, -0.000000000000000000, 1.000000000000000000 ) ) ;
#915 = DIRECTION ( 'NONE',  ( 0.000000000000000000, -0.000000000000000000, 1.000000000000000000 ) ) ;
#916 = CARTESIAN_POINT ( 'NONE',  ( 2.450229089263784577, -118.2292181297286078, 0.000000000000000000 ) ) ;
#917 = ORIENTED_EDGE ( 'NONE', *, *, #479, .F. ) ;
#918 = DIRECTION ( 'NONE',  ( 0.000000000000000000, 0.000000000000000000, -1.000000000000000000 ) ) ;
#919 = ORIENTED_EDGE ( 'NONE', *, *, #523, .F. ) ;
#920 = VECTOR ( 'NONE', #799, 1000.000000000000000 ) ;
#921 = CARTESIAN_POINT ( 'NONE',  ( 48.40154527623622016, 2.200000000000000178, 5.599999999999999645 ) ) ;
#922 = DIRECTION ( 'NONE',  ( -1.000000000000000000, 0.000000000000000000, 0.000000000000000000 ) ) ;
#923 = CARTESIAN_POINT ( 'NONE',  ( 182.5326302455077041, 3.195009232153315004, 62.15991928837468095 ) ) ;
#924 = CARTESIAN_POINT ( 'NONE',  ( 12.76812274805451608, -120.6099815356934357, 5.599999999999999645 ) ) ;
#925 = ADVANCED_FACE ( 'NONE', ( #1061 ), #1522, .T. ) ;
#926 = VECTOR ( 'NONE', #2213, 1000.000000000000000 ) ;
#927 = DIRECTION ( 'NONE',  ( 0.000000000000000000, -1.000000000000000000, 0.000000000000000000 ) ) ;
#928 = ORIENTED_EDGE ( 'NONE', *, *, #1641, .F. ) ;
#929 = EDGE_CURVE ( 'NONE', #1729, #964, #362, .T. ) ;
#930 = CARTESIAN_POINT ( 'NONE',  ( 207.5526302455077143, -126.8099815356934243, 10.75000000000000000 ) ) ;
#931 = ORIENTED_EDGE ( 'NONE', *, *, #2138, .T. ) ;
#932 = ORIENTED_EDGE ( 'NONE', *, *, #1913, .F. ) ;
#933 = CARTESIAN_POINT ( 'NONE',  ( 26.65945124223093288, -109.6099815356934499, -1.800000000000000044 ) ) ;
#934 = DIRECTION ( 'NONE',  ( -1.000000000000000000, 0.000000000000000000, -0.000000000000000000 ) ) ;
#935 = DIRECTION ( 'NONE',  ( -1.000000000000000000, -0.000000000000000000, -0.000000000000000000 ) ) ;
#936 = CARTESIAN_POINT ( 'NONE',  ( 26.65945124223093288, -109.6099815356934499, -0.2999999999999999334 ) ) ;
#937 = DIRECTION ( 'NONE',  ( 0.000000000000000000, 0.000000000000000000, 1.000000000000000000 ) ) ;
#938 = EDGE_LOOP ( 'NONE', ( #887, #776, #1339, #615 ) ) ;
#939 = PLANE ( 'NONE',  #1817 ) ;
#940 = ORIENTED_EDGE ( 'NONE', *, *, #2175, .T. ) ;
#941 = ORIENTED_EDGE ( 'NONE', *, *, #2147, .F. ) ;
#942 = AXIS2_PLACEMENT_3D ( 'NONE', #757, #1674, #934 ) ;
#943 = FACE_OUTER_BOUND ( 'NONE', #669, .T. ) ;
#944 = EDGE_CURVE ( 'NONE', #173, #882, #1286, .T. ) ;
#945 = CARTESIAN_POINT ( 'NONE',  ( 10.68042987029309820, -127.8049907678467321, 12.24999999999999822 ) ) ;
#946 = CARTESIAN_POINT ( 'NONE',  ( -6.587454723763779718, 4.999999999999999112, -1.800000000000023803 ) ) ;
#947 = CARTESIAN_POINT ( 'NONE',  ( -0.8874547237637790964, -18.45980132780353955, 1.199999999999968425 ) ) ;
#948 = ORIENTED_EDGE ( 'NONE', *, *, #16, .T. ) ;
#949 = EDGE_CURVE ( 'NONE', #1506, #2370, #144, .T. ) ;
#950 = VECTOR ( 'NONE', #1318, 1000.000000000000000 ) ;
#951 = CARTESIAN_POINT ( 'NONE',  ( 207.5526302455077143, 0.000000000000000000, 10.75000000000000000 ) ) ;
#952 = ORIENTED_EDGE ( 'NONE', *, *, #419, .T. ) ;
#953 = EDGE_CURVE ( 'NONE', #1786, #114, #1094, .T. ) ;
#954 = EDGE_CURVE ( 'NONE', #444, #2035, #175, .T. ) ;
#955 = ORIENTED_EDGE ( 'NONE', *, *, #2238, .F. ) ;
#956 = EDGE_CURVE ( 'NONE', #349, #11, #2367, .T. ) ;
#957 = ORIENTED_EDGE ( 'NONE', *, *, #949, .T. ) ;
#958 = CIRCLE ( 'NONE', #2044, 3.499999999999999556 ) ;
#959 = DIRECTION ( 'NONE',  ( -0.000000000000000000, -0.000000000000000000, -1.000000000000000000 ) ) ;
#960 = AXIS2_PLACEMENT_3D ( 'NONE', #1828, #153, #1642 ) ;
#961 = CARTESIAN_POINT ( 'NONE',  ( 26.65945124223093288, -109.6099815356934499, -0.2999999999999999334 ) ) ;
#962 = VECTOR ( 'NONE', #927, 1000.000000000000000 ) ;
#963 = DIRECTION ( 'NONE',  ( 0.000000000000000000, 1.000000000000000000, 0.000000000000000000 ) ) ;
#964 = VERTEX_POINT ( 'NONE', #713 ) ;
#965 = CARTESIAN_POINT ( 'NONE',  ( 7.819204350196697462, -124.4292181297286106, 5.599999999999999645 ) ) ;
#966 = AXIS2_PLACEMENT_3D ( 'NONE', #1178, #2309, #2080 ) ;
#967 = CARTESIAN_POINT ( 'NONE',  ( 48.40154527623622016, -11.20000000000009344, 4.000000000000000000 ) ) ;
#968 = AXIS2_PLACEMENT_3D ( 'NONE', #994, #780, #2257 ) ;
#969 = VERTEX_POINT ( 'NONE', #520 ) ;
#970 = ORIENTED_EDGE ( 'NONE', *, *, #1473, .F. ) ;
#971 = VERTEX_POINT ( 'NONE', #738 ) ;
#972 = CARTESIAN_POINT ( 'NONE',  ( 207.5526302455077143, -129.6099815356934357, 12.24999999999999822 ) ) ;
#973 = DIRECTION ( 'NONE',  ( -1.000000000000000000, 0.000000000000000000, 0.000000000000000000 ) ) ;
#974 = ADVANCED_FACE ( 'NONE', ( #913 ), #1652, .F. ) ;
#975 = CARTESIAN_POINT ( 'NONE',  ( 33.49154527623622357, -69.05098153569343822, -0.1499999999999999667 ) ) ;
#976 = VERTEX_POINT ( 'NONE', #1665 ) ;
#977 = CARTESIAN_POINT ( 'NONE',  ( 38.89154527623622926, -69.05098153569343822, 1.000000000000015543 ) ) ;
#978 = LINE ( 'NONE', #205, #1113 ) ;
#979 = ORIENTED_EDGE ( 'NONE', *, *, #1683, .F. ) ;
#980 = ORIENTED_EDGE ( 'NONE', *, *, #1503, .F. ) ;
#981 = VERTEX_POINT ( 'NONE', #508 ) ;
#982 = ADVANCED_FACE ( 'NONE', ( #1466 ), #2399, .T. ) ;
#983 = ORIENTED_EDGE ( 'NONE', *, *, #2094, .T. ) ;
#984 =( LENGTH_UNIT ( ) NAMED_UNIT ( * ) SI_UNIT ( .MILLI., .METRE. ) );
#985 = AXIS2_PLACEMENT_3D ( 'NONE', #1753, #1741, #71 ) ;
#986 = CARTESIAN_POINT ( 'NONE',  ( 33.65154527623621306, 19.32654878189440595, 0.4999999999999995559 ) ) ;
#987 = DIRECTION ( 'NONE',  ( -0.000000000000000000, -0.000000000000000000, 1.000000000000000000 ) ) ;
#988 = VERTEX_POINT ( 'NONE', #2212 ) ;
#989 = DIRECTION ( 'NONE',  ( -0.000000000000000000, -0.000000000000000000, -1.000000000000000000 ) ) ;
#990 = CARTESIAN_POINT ( 'NONE',  ( 20.40945124223093288, -109.6099815356934499, -1.800000000000000044 ) ) ;
#991 = EDGE_LOOP ( 'NONE', ( #2221, #1537, #115, #1035 ) ) ;
#992 = EDGE_LOOP ( 'NONE', ( #2195, #43 ) ) ;
#993 = ORIENTED_EDGE ( 'NONE', *, *, #586, .T. ) ;
#994 = CARTESIAN_POINT ( 'NONE',  ( 0.000000000000000000, 0.000000000000000000, 0.000000000000000000 ) ) ;
#995 = LINE ( 'NONE', #1205, #1535 ) ;
#996 = VECTOR ( 'NONE', #665, 1000.000000000000000 ) ;
#997 = AXIS2_PLACEMENT_3D ( 'NONE', #1974, #284, #1984 ) ;
#998 = PLANE ( 'NONE',  #985 ) ;
#999 = AXIS2_PLACEMENT_3D ( 'NONE', #90, #101, #513 ) ;
#1000 = EDGE_LOOP ( 'NONE', ( #1278, #22, #1718, #1553 ) ) ;
#1001 = PLANE ( 'NONE',  #2172 ) ;
#1002 = VECTOR ( 'NONE', #607, 1000.000000000000000 ) ;
#1003 = LINE ( 'NONE', #1745, #1508 ) ;
#1004 = DIRECTION ( 'NONE',  ( 1.000000000000000000, 0.000000000000000000, 0.000000000000000000 ) ) ;
#1005 = EDGE_CURVE ( 'NONE', #1170, #454, #2223, .T. ) ;
#1006 = ORIENTED_EDGE ( 'NONE', *, *, #596, .T. ) ;
#1007 = VECTOR ( 'NONE', #230, 1000.000000000000000 ) ;
#1008 = SECURITY_CLASSIFICATION ( '', '', #278 ) ;
#1009 = ORIENTED_EDGE ( 'NONE', *, *, #335, .F. ) ;
#1010 = ORIENTED_EDGE ( 'NONE', *, *, #871, .T. ) ;
#1011 = CALENDAR_DATE ( 2025, 5, 11 ) ;
#1012 = DIRECTION ( 'NONE',  ( -0.000000000000000000, -0.000000000000000000, -1.000000000000000000 ) ) ;
#1013 = CARTESIAN_POINT ( 'NONE',  ( 9.950549539023091583, -118.2292181297286078, 0.000000000000000000 ) ) ;
#1014 = EDGE_LOOP ( 'NONE', ( #538, #1598, #1691, #2168, #1353, #1156, #1317, #2343, #1361, #898, #1202, #1223, #1954, #39, #1485, #593, #437, #1623, #152, #29, #186, #2394 ) ) ;
#1015 = LINE ( 'NONE', #58, #1150 ) ;
#1016 = PLANE ( 'NONE',  #271 ) ;
#1017 = DIRECTION ( 'NONE',  ( 1.000000000000000000, 0.000000000000000000, 0.000000000000000000 ) ) ;
#1018 = CARTESIAN_POINT ( 'NONE',  ( 418.8927152147792299, 2.200000000000000178, 10.75000000000000000 ) ) ;
#1019 = PERSON_AND_ORGANIZATION ( #1966, #1121 ) ;
#1020 = DIRECTION ( 'NONE',  ( 1.000000000000000000, 0.000000000000000000, 0.000000000000000000 ) ) ;
#1021 = EDGE_CURVE ( 'NONE', #1796, #1137, #554, .T. ) ;
#1022 = DIRECTION ( 'NONE',  ( 0.000000000000000000, 0.000000000000000000, 1.000000000000000000 ) ) ;
#1023 = VECTOR ( 'NONE', #639, 1000.000000000000000 ) ;
#1024 = ORIENTED_EDGE ( 'NONE', *, *, #779, .T. ) ;
#1025 = CARTESIAN_POINT ( 'NONE',  ( 48.40154527623622016, -4.000000000000000000, 5.599999999999999645 ) ) ;
#1026 = DIRECTION ( 'NONE',  ( 0.000000000000000000, 0.000000000000000000, -1.000000000000000000 ) ) ;
#1027 = LINE ( 'NONE', #320, #802 ) ;
#1028 = EDGE_LOOP ( 'NONE', ( #396, #345, #2011, #617 ) ) ;
#1029 = LINE ( 'NONE', #2329, #846 ) ;
#1030 = ADVANCED_FACE ( 'NONE', ( #190 ), #1295, .F. ) ;
#1031 = EDGE_CURVE ( 'NONE', #281, #1271, #6, .T. ) ;
#1032 = PERSON_AND_ORGANIZATION ( #1966, #1121 ) ;
#1033 = CARTESIAN_POINT ( 'NONE',  ( 24.40154527623621306, 2.200000000000000178, 4.000000000000000000 ) ) ;
#1034 = CARTESIAN_POINT ( 'NONE',  ( 7.697018354324194789, -124.8217424669712159, 12.24999999999999822 ) ) ;
#1035 = ORIENTED_EDGE ( 'NONE', *, *, #650, .T. ) ;
#1036 = PLANE ( 'NONE',  #1823 ) ;
#1037 = DIRECTION ( 'NONE',  ( 0.7071261234860521938, -0.7070874383579364153, 0.000000000000000000 ) ) ;
#1038 = CIRCLE ( 'NONE', #2235, 6.250000000000001776 ) ;
#1039 = LINE ( 'NONE', #253, #34 ) ;
#1040 = DIRECTION ( 'NONE',  ( -1.000000000000000000, 0.000000000000000000, 0.000000000000000000 ) ) ;
#1041 = ORIENTED_EDGE ( 'NONE', *, *, #367, .T. ) ;
#1042 = VECTOR ( 'NONE', #1951, 1000.000000000000000 ) ;
#1043 = AXIS2_PLACEMENT_3D ( 'NONE', #172, #1670, #1301 ) ;
#1044 = VERTEX_POINT ( 'NONE', #1117 ) ;
#1045 = ORIENTED_EDGE ( 'NONE', *, *, #2036, .T. ) ;
#1046 = VECTOR ( 'NONE', #1358, 1000.000000000000000 ) ;
#1047 = CARTESIAN_POINT ( 'NONE',  ( 207.5526302455077143, 0.000000000000000000, 0.000000000000000000 ) ) ;
#1048 = DIRECTION ( 'NONE',  ( 0.7070874383579355271, 0.7071261234860530820, 0.000000000000000000 ) ) ;
#1049 = ORIENTED_EDGE ( 'NONE', *, *, #469, .T. ) ;
#1050 = DIRECTION ( 'NONE',  ( -1.000000000000000000, 0.000000000000000000, 0.000000000000000000 ) ) ;
#1051 = EDGE_CURVE ( 'NONE', #1942, #183, #516, .T. ) ;
#1052 = CARTESIAN_POINT ( 'NONE',  ( 207.5526302455077143, 0.000000000000000000, 5.599999999999999645 ) ) ;
#1053 = CARTESIAN_POINT ( 'NONE',  ( 6.659451242230931989, -127.2292181297286220, -450.7362439051084380 ) ) ;
#1054 = FACE_OUTER_BOUND ( 'NONE', #512, .T. ) ;
#1055 = ORIENTED_EDGE ( 'NONE', *, *, #1232, .T. ) ;
#1056 = DIRECTION ( 'NONE',  ( -0.000000000000000000, -0.000000000000000000, -1.000000000000000000 ) ) ;
#1057 = EDGE_CURVE ( 'NONE', #323, #1149, #2301, .T. ) ;
#1058 = EDGE_CURVE ( 'NONE', #1707, #1754, #480, .T. ) ;
#1059 = EDGE_CURVE ( 'NONE', #323, #717, #1594, .T. ) ;
#1060 = DIRECTION ( 'NONE',  ( -0.000000000000000000, -1.000000000000000000, -0.000000000000000000 ) ) ;
#1061 = FACE_OUTER_BOUND ( 'NONE', #1742, .T. ) ;
#1062 = CARTESIAN_POINT ( 'NONE',  ( 207.5526302455077143, -120.6099815356934357, 5.599999999999999645 ) ) ;
#1063 = CARTESIAN_POINT ( 'NONE',  ( -0.8874547237637790964, -98.45980132780354666, 3.199999999999969980 ) ) ;
#1064 = CARTESIAN_POINT ( 'NONE',  ( -6.587454723763779718, -121.9196026556070791, 12.24999999999999822 ) ) ;
#1065 = EDGE_CURVE ( 'NONE', #1177, #391, #866, .T. ) ;
#1066 = CARTESIAN_POINT ( 'NONE',  ( 24.40154527623621306, -4.000000000000000000, 5.599999999999999645 ) ) ;
#1067 = ORIENTED_EDGE ( 'NONE', *, *, #1311, .T. ) ;
#1068 = LINE ( 'NONE', #1018, #1779 ) ;
#1069 = VERTEX_POINT ( 'NONE', #1555 ) ;
#1070 = CARTESIAN_POINT ( 'NONE',  ( 2.412545276236220726, -4.000000000000000000, 0.000000000000000000 ) ) ;
#1071 = DIRECTION ( 'NONE',  ( -0.000000000000000000, -1.000000000000000000, -0.000000000000000000 ) ) ;
#1072 = CYLINDRICAL_SURFACE ( 'NONE', #2091, 2.000000000000001332 ) ;
#1073 = LINE ( 'NONE', #1446, #2352 ) ;
#1074 = LINE ( 'NONE', #894, #884 ) ;
#1075 = ORIENTED_EDGE ( 'NONE', *, *, #1962, .T. ) ;
#1076 = CIRCLE ( 'NONE', #256, 3.499999999999999556 ) ;
#1077 = CC_DESIGN_PERSON_AND_ORGANIZATION_ASSIGNMENT ( #1032, #2340, ( #1008 ) ) ;
#1078 = CARTESIAN_POINT ( 'NONE',  ( -0.8874547237637790964, -98.45980132780354666, 5.199999999999970868 ) ) ;
#1079 = VECTOR ( 'NONE', #1408, 1000.000000000000000 ) ;
#1080 = ORIENTED_EDGE ( 'NONE', *, *, #1952, .F. ) ;
#1081 = EDGE_CURVE ( 'NONE', #1506, #988, #1794, .T. ) ;
#1082 = VECTOR ( 'NONE', #2095, 1000.000000000000000 ) ;
#1083 = VECTOR ( 'NONE', #914, 1000.000000000000000 ) ;
#1084 = FACE_OUTER_BOUND ( 'NONE', #1391, .T. ) ;
#1085 = DIRECTION ( 'NONE',  ( -0.000000000000000000, -0.000000000000000000, 1.000000000000000000 ) ) ;
#1086 = CARTESIAN_POINT ( 'NONE',  ( 48.40154527623622016, -4.000000000000000000, 5.599999999999999645 ) ) ;
#1087 = CARTESIAN_POINT ( 'NONE',  ( 182.5326302455077041, 2.200000000000000178, 12.24999999999999645 ) ) ;
#1088 = DIRECTION ( 'NONE',  ( 1.000000000000000000, 0.000000000000000000, -0.000000000000000000 ) ) ;
#1089 = EDGE_CURVE ( 'NONE', #2372, #1338, #272, .T. ) ;
#1090 = VERTEX_POINT ( 'NONE', #1945 ) ;
#1091 = CARTESIAN_POINT ( 'NONE',  ( 3.968545276236235875, -115.9542181297286163, -0.1499999999999999667 ) ) ;
#1092 = ORIENTED_EDGE ( 'NONE', *, *, #1482, .T. ) ;
#1093 = EDGE_LOOP ( 'NONE', ( #745, #983, #993, #2229 ) ) ;
#1094 = LINE ( 'NONE', #1629, #165 ) ;
#1095 = FACE_OUTER_BOUND ( 'NONE', #2058, .T. ) ;
#1096 = CARTESIAN_POINT ( 'NONE',  ( -0.8874547237637790964, -18.45980132780353955, 3.199999999999969980 ) ) ;
#1097 = FACE_OUTER_BOUND ( 'NONE', #1406, .T. ) ;
#1098 = EDGE_LOOP ( 'NONE', ( #1411, #36, #811, #2246 ) ) ;
#1099 = CARTESIAN_POINT ( 'NONE',  ( 10.68042987029309820, -127.8049907678467321, 12.24999999999999822 ) ) ;
#1100 = EDGE_LOOP ( 'NONE', ( #642, #2299, #583, #2328 ) ) ;
#1101 = AXIS2_PLACEMENT_3D ( 'NONE', #351, #874, #2003 ) ;
#1102 = ORIENTED_EDGE ( 'NONE', *, *, #850, .F. ) ;
#1103 = EDGE_CURVE ( 'NONE', #1191, #2372, #1581, .T. ) ;
#1104 = CARTESIAN_POINT ( 'NONE',  ( 418.8927152147792299, 2.200000000000000178, 5.599999999999999645 ) ) ;
#1105 = DIRECTION ( 'NONE',  ( -1.000000000000000000, -0.000000000000000000, -0.000000000000000000 ) ) ;
#1106 = PLANE ( 'NONE',  #184 ) ;
#1107 = LINE ( 'NONE', #759, #2201 ) ;
#1108 = CARTESIAN_POINT ( 'NONE',  ( 48.40154527623622016, -11.20000000000009344, 5.599999999999999645 ) ) ;
#1109 = ORIENTED_EDGE ( 'NONE', *, *, #1147, .F. ) ;
#1110 = FACE_BOUND ( 'NONE', #2122, .T. ) ;
#1111 = ORIENTED_EDGE ( 'NONE', *, *, #797, .T. ) ;
#1112 = AXIS2_PLACEMENT_3D ( 'NONE', #156, #2144, #2345 ) ;
#1113 = VECTOR ( 'NONE', #575, 1000.000000000000000 ) ;
#1114 = ORIENTED_EDGE ( 'NONE', *, *, #367, .F. ) ;
#1115 = AXIS2_PLACEMENT_3D ( 'NONE', #1321, #987, #10 ) ;
#1116 = DIRECTION ( 'NONE',  ( -0.000000000000000000, -0.000000000000000000, -1.000000000000000000 ) ) ;
#1117 = CARTESIAN_POINT ( 'NONE',  ( 132.6322410603347350, -126.8099815356934243, 10.75000000000000000 ) ) ;
#1118 = VECTOR ( 'NONE', #122, 1000.000000000000000 ) ;
#1119 = CARTESIAN_POINT ( 'NONE',  ( 132.6326302455076984, 2.199999999999997069, 12.24999999999999645 ) ) ;
#1120 = CARTESIAN_POINT ( 'NONE',  ( 132.6326302455076416, 3.195009232153282142, 10.75000000000000000 ) ) ;
#1121 = ORGANIZATION ( 'NEURČEN', 'NEURČEN', '' ) ;
#1122 = LINE ( 'NONE', #916, #886 ) ;
#1123 = VERTEX_POINT ( 'NONE', #2335 ) ;
#1124 = DIRECTION ( 'NONE',  ( 1.000000000000000000, 0.000000000000000000, 0.000000000000000000 ) ) ;
#1125 = EDGE_LOOP ( 'NONE', ( #1357, #76, #52, #1961, #264, #492, #1533, #517 ) ) ;
#1126 = ADVANCED_FACE ( 'NONE', ( #85 ), #1016, .T. ) ;
#1127 = ORIENTED_EDGE ( 'NONE', *, *, #910, .F. ) ;
#1128 = DIRECTION ( 'NONE',  ( 0.000000000000000000, -1.000000000000000000, 0.000000000000000000 ) ) ;
#1129 = EDGE_CURVE ( 'NONE', #1729, #1402, #1957, .T. ) ;
#1130 = CARTESIAN_POINT ( 'NONE',  ( 2.412545276236220726, -4.000000000000000000, 5.599999999999999645 ) ) ;
#1131 = PLANE ( 'NONE',  #530 ) ;
#1132 = PLANE ( 'NONE',  #1736 ) ;
#1133 = ORIENTED_EDGE ( 'NONE', *, *, #2147, .T. ) ;
#1134 = EDGE_CURVE ( 'NONE', #643, #1833, #1389, .T. ) ;
#1135 = LINE ( 'NONE', #75, #103 ) ;
#1136 = ORIENTED_EDGE ( 'NONE', *, *, #1031, .F. ) ;
#1137 = VERTEX_POINT ( 'NONE', #1920 ) ;
#1138 = VECTOR ( 'NONE', #2134, 1000.000000000000000 ) ;
#1139 = CARTESIAN_POINT ( 'NONE',  ( 13.41254527623619808, -15.00000000000000178, -1.800000000000000044 ) ) ;
#1140 = CARTESIAN_POINT ( 'NONE',  ( 132.6326302455076984, 3.195009232153308787, 62.15991928837468095 ) ) ;
#1141 = CARTESIAN_POINT ( 'NONE',  ( 10.20009800898741759, -126.8099815356934243, 10.75000000000000000 ) ) ;
#1142 = VERTEX_POINT ( 'NONE', #2326 ) ;
#1143 = DIRECTION ( 'NONE',  ( -0.000000000000000000, -0.000000000000000000, -1.000000000000000000 ) ) ;
#1144 = DIRECTION ( 'NONE',  ( 1.000000000000000000, 0.000000000000000000, 0.000000000000000000 ) ) ;
#1145 = EDGE_LOOP ( 'NONE', ( #1010, #450 ) ) ;
#1146 = ORIENTED_EDGE ( 'NONE', *, *, #1532, .F. ) ;
#1147 = EDGE_CURVE ( 'NONE', #224, #1338, #283, .T. ) ;
#1148 = VECTOR ( 'NONE', #342, 1000.000000000000000 ) ;
#1149 = VERTEX_POINT ( 'NONE', #490 ) ;
#1150 = VECTOR ( 'NONE', #1907, 1000.000000000000000 ) ;
#1151 = AXIS2_PLACEMENT_3D ( 'NONE', #1908, #243, #1004 ) ;
#1152 = CIRCLE ( 'NONE', #999, 2.000000000000001332 ) ;
#1153 = APPLICATION_PROTOCOL_DEFINITION ( 'international standard', 'config_control_design', 1994, #2086 ) ;
#1154 = CARTESIAN_POINT ( 'NONE',  ( 33.49154527623622357, -69.05098153569343822, 5.599999999999999645 ) ) ;
#1155 = CARTESIAN_POINT ( 'NONE',  ( -6.587454723763779718, 4.999999999999999112, 12.24999999999999822 ) ) ;
#1156 = ORIENTED_EDGE ( 'NONE', *, *, #1952, .T. ) ;
#1157 = CARTESIAN_POINT ( 'NONE',  ( 13.41254527623619808, -15.00000000000000178, -0.2999999999999999334 ) ) ;
#1158 = EDGE_CURVE ( 'NONE', #1566, #692, #1039, .T. ) ;
#1159 = DIRECTION ( 'NONE',  ( 0.000000000000000000, -1.000000000000000000, 0.000000000000000000 ) ) ;
#1160 = EDGE_CURVE ( 'NONE', #2293, #2043, #817, .T. ) ;
#1161 = ORIENTED_EDGE ( 'NONE', *, *, #910, .T. ) ;
#1162 = ORIENTED_EDGE ( 'NONE', *, *, #1272, .T. ) ;
#1163 = ORIENTED_EDGE ( 'NONE', *, *, #1279, .F. ) ;
#1164 = ORIENTED_EDGE ( 'NONE', *, *, #2149, .F. ) ;
#1165 = FACE_OUTER_BOUND ( 'NONE', #460, .T. ) ;
#1166 = DIRECTION ( 'NONE',  ( -1.000000000000000000, -0.000000000000000000, -0.000000000000000000 ) ) ;
#1167 = EDGE_LOOP ( 'NONE', ( #1671, #1181 ) ) ;
#1168 = DIRECTION ( 'NONE',  ( -1.000000000000000000, 0.000000000000000000, 0.000000000000000000 ) ) ;
#1169 = CARTESIAN_POINT ( 'NONE',  ( 418.8927152147792299, 2.200000000000000178, 5.599999999999999645 ) ) ;
#1170 = VERTEX_POINT ( 'NONE', #2120 ) ;
#1171 = ORIENTED_EDGE ( 'NONE', *, *, #3, .T. ) ;
#1172 = VERTEX_POINT ( 'NONE', #2310 ) ;
#1173 = DIRECTION ( 'NONE',  ( -1.000000000000000000, 0.000000000000000000, 0.000000000000000000 ) ) ;
#1174 = CARTESIAN_POINT ( 'NONE',  ( 39.15154527623622016, 19.32654878189440595, 0.5000000000000004441 ) ) ;
#1175 = CC_DESIGN_DATE_AND_TIME_ASSIGNMENT ( #506, #1809, ( #1008 ) ) ;
#1176 = CARTESIAN_POINT ( 'NONE',  ( 33.49154527623622357, -69.05098153569343822, 0.000000000000000000 ) ) ;
#1177 = VERTEX_POINT ( 'NONE', #1400 ) ;
#1178 = CARTESIAN_POINT ( 'NONE',  ( -6.587454723763779718, -98.45980132780354666, 3.199999999999969980 ) ) ;
#1179 = CARTESIAN_POINT ( 'NONE',  ( 10.38722908926378174, -118.2292181297286078, 5.599999999999999645 ) ) ;
#1180 = CARTESIAN_POINT ( 'NONE',  ( 38.89154527623622926, -69.05098153569343822, 5.599999999999999645 ) ) ;
#1181 = ORIENTED_EDGE ( 'NONE', *, *, #1789, .T. ) ;
#1182 = VECTOR ( 'NONE', #1128, 1000.000000000000000 ) ;
#1183 = EDGE_LOOP ( 'NONE', ( #62, #1432, #1049, #1527 ) ) ;
#1184 = ORIENTED_EDGE ( 'NONE', *, *, #441, .T. ) ;
#1185 = CIRCLE ( 'NONE', #2123, 6.400000000000008349 ) ;
#1186 = DATE_AND_TIME ( #410, #461 ) ;
#1187 = DIRECTION ( 'NONE',  ( -0.000000000000000000, -1.000000000000000000, -0.000000000000000000 ) ) ;
#1188 = VECTOR ( 'NONE', #684, 1000.000000000000000 ) ;
#1189 = DIRECTION ( 'NONE',  ( -0.000000000000000000, 0.000000000000000000, 1.000000000000000000 ) ) ;
#1190 = AXIS2_PLACEMENT_3D ( 'NONE', #670, #833, #847 ) ;
#1191 = VERTEX_POINT ( 'NONE', #1973 ) ;
#1192 = FACE_OUTER_BOUND ( 'NONE', #540, .T. ) ;
#1193 = CIRCLE ( 'NONE', #1115, 5.400000000000002132 ) ;
#1194 = DIRECTION ( 'NONE',  ( -1.000000000000000000, 0.000000000000000000, 0.000000000000000000 ) ) ;
#1195 = DIRECTION ( 'NONE',  ( -1.000000000000000000, 0.000000000000000000, 0.000000000000000000 ) ) ;
#1196 = VERTEX_POINT ( 'NONE', #1768 ) ;
#1197 = VECTOR ( 'NONE', #935, 1000.000000000000000 ) ;
#1198 = LOCAL_TIME ( 20, 17, 0.000000000000000000, #1950 ) ;
#1199 = ORIENTED_EDGE ( 'NONE', *, *, #518, .F. ) ;
#1200 = EDGE_CURVE ( 'NONE', #882, #692, #2145, .T. ) ;
#1201 = ADVANCED_FACE ( 'NONE', ( #124 ), #311, .F. ) ;
#1202 = ORIENTED_EDGE ( 'NONE', *, *, #238, .T. ) ;
#1203 = AXIS2_PLACEMENT_3D ( 'NONE', #1053, #2347, #689 ) ;
#1204 = APPROVAL_DATE_TIME ( #1763, #1713 ) ;
#1205 = CARTESIAN_POINT ( 'NONE',  ( 7.697018354324194789, -124.8217424669712159, 10.75000000000000000 ) ) ;
#1206 = EDGE_CURVE ( 'NONE', #121, #2216, #1003, .T. ) ;
#1207 = DIRECTION ( 'NONE',  ( 0.7071261234859778089, -0.7070874383580106892, 0.000000000000000000 ) ) ;
#1208 = ORIENTED_EDGE ( 'NONE', *, *, #207, .T. ) ;
#1209 = CARTESIAN_POINT ( 'NONE',  ( 3.968545276236235875, -115.9542181297286163, -0.1499999999999999667 ) ) ;
#1210 = DIRECTION ( 'NONE',  ( -0.000000000000000000, -0.000000000000000000, -1.000000000000000000 ) ) ;
#1211 = CARTESIAN_POINT ( 'NONE',  ( 2.412545276236220726, -109.7462503463070504, 0.000000000000000000 ) ) ;
#1212 = ADVANCED_FACE ( 'NONE', ( #211 ), #756, .F. ) ;
#1213 = PRODUCT ( '1-back', '1-back', '', ( #69 ) ) ;
#1214 = ORIENTED_EDGE ( 'NONE', *, *, #1681, .T. ) ;
#1215 = CARTESIAN_POINT ( 'NONE',  ( 2.412545276236220726, -4.000000000000000000, 0.000000000000000000 ) ) ;
#1216 = CARTESIAN_POINT ( 'NONE',  ( 0.000000000000000000, 0.000000000000000000, -1.800000000000000044 ) ) ;
#1217 = VECTOR ( 'NONE', #130, 1000.000000000000000 ) ;
#1218 = VERTEX_POINT ( 'NONE', #1803 ) ;
#1219 = LINE ( 'NONE', #892, #1348 ) ;
#1220 = DIRECTION ( 'NONE',  ( -1.000000000000000000, -0.000000000000000000, -0.000000000000000000 ) ) ;
#1221 = CARTESIAN_POINT ( 'NONE',  ( 34.90154527623621306, -4.500000000000046185, 0.000000000000000000 ) ) ;
#1222 = DIRECTION ( 'NONE',  ( 0.000000000000000000, 0.000000000000000000, 1.000000000000000000 ) ) ;
#1223 = ORIENTED_EDGE ( 'NONE', *, *, #598, .T. ) ;
#1224 = FACE_OUTER_BOUND ( 'NONE', #1720, .T. ) ;
#1225 = EDGE_LOOP ( 'NONE', ( #1109, #798, #1922, #663 ) ) ;
#1226 = EDGE_CURVE ( 'NONE', #2291, #15, #565, .T. ) ;
#1227 = CARTESIAN_POINT ( 'NONE',  ( 33.49154527623622357, -69.05098153569343822, 0.000000000000000000 ) ) ;
#1228 = PLANE ( 'NONE',  #1875 ) ;
#1229 = ORIENTED_EDGE ( 'NONE', *, *, #631, .T. ) ;
#1230 = FACE_OUTER_BOUND ( 'NONE', #653, .T. ) ;
#1231 = LINE ( 'NONE', #1052, #1495 ) ;
#1232 = EDGE_CURVE ( 'NONE', #1191, #751, #1620, .T. ) ;
#1233 = VECTOR ( 'NONE', #319, 1000.000000000000000 ) ;
#1234 = AXIS2_PLACEMENT_3D ( 'NONE', #1091, #347, #1124 ) ;
#1235 = DIRECTION ( 'NONE',  ( -1.000000000000000000, 0.000000000000000000, 0.000000000000000000 ) ) ;
#1236 = CIRCLE ( 'NONE', #494, 2.000000000000001332 ) ;
#1237 = EDGE_CURVE ( 'NONE', #57, #117, #188, .T. ) ;
#1238 = CARTESIAN_POINT ( 'NONE',  ( 28.09154527623622499, -69.05098153569343822, 1.000000000000015543 ) ) ;
#1239 = AXIS2_PLACEMENT_3D ( 'NONE', #1478, #1666, #758 ) ;
#1240 = AXIS2_PLACEMENT_3D ( 'NONE', #1871, #1275, #2019 ) ;
#1241 = CARTESIAN_POINT ( 'NONE',  ( 39.15154527623622016, 19.32654878189440595, 4.000000000000000000 ) ) ;
#1242 = CARTESIAN_POINT ( 'NONE',  ( 182.5322410603347123, -127.8049907678467321, 62.15991928837468095 ) ) ;
#1243 = CARTESIAN_POINT ( 'NONE',  ( 420.0526302455077143, 3.195009232153282142, 10.75000000000000000 ) ) ;
#1244 = PLANE ( 'NONE',  #2278 ) ;
#1245 = DIRECTION ( 'NONE',  ( 0.000000000000000000, -1.000000000000000000, 0.000000000000000000 ) ) ;
#1246 = FACE_OUTER_BOUND ( 'NONE', #1375, .T. ) ;
#1247 = EDGE_LOOP ( 'NONE', ( #1362, #304, #603, #2117 ) ) ;
#1248 = CARTESIAN_POINT ( 'NONE',  ( -3.787454723763779452, -120.7597598137749770, 10.75000000000000000 ) ) ;
#1249 = DATE_AND_TIME ( #823, #384 ) ;
#1250 = CARTESIAN_POINT ( 'NONE',  ( 33.49154527623622357, -69.05098153569343822, -0.1499999999999999667 ) ) ;
#1251 = DIRECTION ( 'NONE',  ( -1.000000000000000000, 0.000000000000000000, 0.000000000000000000 ) ) ;
#1252 = DIRECTION ( 'NONE',  ( -1.000000000000000000, -0.000000000000000000, -0.000000000000000000 ) ) ;
#1253 = LINE ( 'NONE', #328, #1340 ) ;
#1254 = CARTESIAN_POINT ( 'NONE',  ( 207.5526302455077143, 4.999999999999999112, -1.800000000000023803 ) ) ;
#1255 = VECTOR ( 'NONE', #1251, 1000.000000000000000 ) ;
#1256 = EDGE_CURVE ( 'NONE', #751, #2043, #2061, .T. ) ;
#1257 = FACE_OUTER_BOUND ( 'NONE', #14, .T. ) ;
#1258 = VERTEX_POINT ( 'NONE', #397 ) ;
#1259 = ORIENTED_EDGE ( 'NONE', *, *, #1937, .F. ) ;
#1260 = DIRECTION ( 'NONE',  ( 0.000000000000000000, -1.000000000000000000, 0.000000000000000000 ) ) ;
#1261 = CARTESIAN_POINT ( 'NONE',  ( 0.000000000000000000, 0.000000000000000000, 12.24999999999999822 ) ) ;
#1262 = DIRECTION ( 'NONE',  ( 0.000000000000000000, 0.000000000000000000, -1.000000000000000000 ) ) ;
#1263 = CARTESIAN_POINT ( 'NONE',  ( 9.591284533400109780, -118.2292181297286078, 0.3358007492354353474 ) ) ;
#1264 = CARTESIAN_POINT ( 'NONE',  ( 3.968545276236235875, -115.9542181297286163, 5.599999999999999645 ) ) ;
#1265 = ORIENTED_EDGE ( 'NONE', *, *, #228, .T. ) ;
#1266 = VECTOR ( 'NONE', #2401, 1000.000000000000000 ) ;
#1267 = FACE_BOUND ( 'NONE', #2049, .T. ) ;
#1268 = AXIS2_PLACEMENT_3D ( 'NONE', #1241, #1060, #142 ) ;
#1269 = VECTOR ( 'NONE', #807, 1000.000000000000000 ) ;
#1270 = VERTEX_POINT ( 'NONE', #1309 ) ;
#1271 = VERTEX_POINT ( 'NONE', #1697 ) ;
#1272 = EDGE_CURVE ( 'NONE', #1695, #643, #2027, .T. ) ;
#1273 = VECTOR ( 'NONE', #178, 1000.000000000000000 ) ;
#1274 = DIRECTION ( 'NONE',  ( 0.000000000000000000, 0.000000000000000000, 1.000000000000000000 ) ) ;
#1275 = DIRECTION ( 'NONE',  ( -1.000000000000000000, 0.000000000000000000, 0.000000000000000000 ) ) ;
#1276 = CARTESIAN_POINT ( 'NONE',  ( 2.412545276236220726, -4.000000000000000000, 5.599999999999999645 ) ) ;
#1277 = LINE ( 'NONE', #548, #1821 ) ;
#1278 = ORIENTED_EDGE ( 'NONE', *, *, #163, .F. ) ;
#1279 = EDGE_CURVE ( 'NONE', #870, #1884, #1924, .T. ) ;
#1280 = DIRECTION ( 'NONE',  ( 0.7070874383580125766, 0.7071261234859760325, -0.000000000000000000 ) ) ;
#1281 = EDGE_CURVE ( 'NONE', #2108, #827, #2037, .T. ) ;
#1282 = ORIENTED_EDGE ( 'NONE', *, *, #1747, .T. ) ;
#1283 = CC_DESIGN_PERSON_AND_ORGANIZATION_ASSIGNMENT ( #672, #1990, ( #1826 ) ) ;
#1284 = ORIENTED_EDGE ( 'NONE', *, *, #1588, .T. ) ;
#1285 = DIRECTION ( 'NONE',  ( 0.000000000000000000, 1.000000000000000000, 0.000000000000000000 ) ) ;
#1286 = LINE ( 'NONE', #1476, #1217 ) ;
#1287 = DIRECTION ( 'NONE',  ( 0.000000000000000000, -1.000000000000000000, 0.000000000000000000 ) ) ;
#1288 = DIRECTION ( 'NONE',  ( -0.000000000000000000, -0.000000000000000000, -1.000000000000000000 ) ) ;
#1289 = LINE ( 'NONE', #2207, #457 ) ;
#1290 = ORIENTED_EDGE ( 'NONE', *, *, #2094, .F. ) ;
#1291 = DIRECTION ( 'NONE',  ( 0.000000000000000000, 0.000000000000000000, 1.000000000000000000 ) ) ;
#1292 = ORIENTED_EDGE ( 'NONE', *, *, #219, .T. ) ;
#1293 = EDGE_CURVE ( 'NONE', #391, #1596, #958, .T. ) ;
#1294 = CARTESIAN_POINT ( 'NONE',  ( 26.65945124223093288, -109.6099815356934499, -0.2999999999999999334 ) ) ;
#1295 = PLANE ( 'NONE',  #942 ) ;
#1296 = CARTESIAN_POINT ( 'NONE',  ( 7.697018354324194789, -124.8217424669712159, 12.24999999999999822 ) ) ;
#1297 = CARTESIAN_POINT ( 'NONE',  ( 39.15154527623622016, 2.200000000000000622, 7.499999999999999112 ) ) ;
#1298 = CARTESIAN_POINT ( 'NONE',  ( 33.49154527623622357, -69.05098153569343822, 5.599999999999999645 ) ) ;
#1299 = VERTEX_POINT ( 'NONE', #921 ) ;
#1300 = EDGE_CURVE ( 'NONE', #173, #2136, #133, .T. ) ;
#1301 = DIRECTION ( 'NONE',  ( -0.000000000000000000, 0.000000000000000000, -1.000000000000000000 ) ) ;
#1302 = VERTEX_POINT ( 'NONE', #1064 ) ;
#1303 = EDGE_CURVE ( 'NONE', #2293, #197, #878, .T. ) ;
#1304 = VECTOR ( 'NONE', #1667, 1000.000000000000000 ) ;
#1305 = AXIS2_PLACEMENT_3D ( 'NONE', #1298, #706, #1088 ) ;
#1306 = ORIENTED_EDGE ( 'NONE', *, *, #275, .F. ) ;
#1307 = VECTOR ( 'NONE', #1610, 999.9999999999998863 ) ;
#1308 = CIRCLE ( 'NONE', #1624, 2.000000000000001332 ) ;
#1309 = CARTESIAN_POINT ( 'NONE',  ( 9.040344901021665436, -129.6099815356934357, -1.800000000000023803 ) ) ;
#1310 = VECTOR ( 'NONE', #1343, 1000.000000000000000 ) ;
#1311 = EDGE_CURVE ( 'NONE', #1612, #233, #1038, .T. ) ;
#1312 = DIRECTION ( 'NONE',  ( 1.000000000000000000, 0.000000000000000000, -0.000000000000000000 ) ) ;
#1313 = DIRECTION ( 'NONE',  ( -1.387778780781445833E-14, 0.000000000000000000, -1.000000000000000000 ) ) ;
#1314 = LINE ( 'NONE', #1141, #1082 ) ;
#1315 = VERTEX_POINT ( 'NONE', #1475 ) ;
#1316 = PLANE ( 'NONE',  #997 ) ;
#1317 = ORIENTED_EDGE ( 'NONE', *, *, #287, .T. ) ;
#1318 = DIRECTION ( 'NONE',  ( 0.000000000000000000, -0.000000000000000000, 1.000000000000000000 ) ) ;
#1319 = CARTESIAN_POINT ( 'NONE',  ( 37.90154527623621306, -4.500000000000046185, 0.000000000000000000 ) ) ;
#1320 = DIRECTION ( 'NONE',  ( -0.7071261234859778089, 0.7070874383580106892, 0.000000000000000000 ) ) ;
#1321 = CARTESIAN_POINT ( 'NONE',  ( 33.49154527623622357, -69.05098153569343822, 1.000000000000015543 ) ) ;
#1322 = ORIENTED_EDGE ( 'NONE', *, *, #598, .F. ) ;
#1323 = ADVANCED_FACE ( 'NONE', ( #943 ), #2182, .T. ) ;
#1324 = EDGE_CURVE ( 'NONE', #981, #1731, #2222, .T. ) ;
#1325 = DIRECTION ( 'NONE',  ( 1.000000000000000000, 0.000000000000000000, 0.000000000000000000 ) ) ;
#1326 = VERTEX_POINT ( 'NONE', #2231 ) ;
#1327 = VERTEX_POINT ( 'NONE', #1684 ) ;
#1328 = VECTOR ( 'NONE', #453, 1000.000000000000000 ) ;
#1329 = ORIENTED_EDGE ( 'NONE', *, *, #601, .F. ) ;
#1330 = CARTESIAN_POINT ( 'NONE',  ( -3.787454723763779452, -120.7597598137749770, 10.75000000000000000 ) ) ;
#1331 = EDGE_CURVE ( 'NONE', #1327, #1299, #387, .T. ) ;
#1332 = EDGE_CURVE ( 'NONE', #197, #2372, #1849, .T. ) ;
#1333 = CARTESIAN_POINT ( 'NONE',  ( -6.587454723763779718, -121.9196026556070791, -450.7362439051084380 ) ) ;
#1334 = ORIENTED_EDGE ( 'NONE', *, *, #2194, .F. ) ;
#1335 = CARTESIAN_POINT ( 'NONE',  ( -0.1177956498029014282, -124.4292181297286106, 10.75000000000000000 ) ) ;
#1336 = CARTESIAN_POINT ( 'NONE',  ( 207.5526302455077143, -127.8049907678467321, 12.24999999999999822 ) ) ;
#1337 = ORIENTED_EDGE ( 'NONE', *, *, #1324, .T. ) ;
#1338 = VERTEX_POINT ( 'NONE', #765 ) ;
#1339 = ORIENTED_EDGE ( 'NONE', *, *, #7, .T. ) ;
#1340 = VECTOR ( 'NONE', #1814, 1000.000000000000000 ) ;
#1341 = VECTOR ( 'NONE', #700, 1000.000000000000000 ) ;
#1342 = VECTOR ( 'NONE', #1349, 1000.000000000000000 ) ;
#1343 = DIRECTION ( 'NONE',  ( 0.000000000000000000, 0.000000000000000000, -1.000000000000000000 ) ) ;
#1344 = CARTESIAN_POINT ( 'NONE',  ( 33.65154527623621306, 19.32654878189440595, 4.000000000000000888 ) ) ;
#1345 = FACE_OUTER_BOUND ( 'NONE', #1360, .T. ) ;
#1346 = ORIENTED_EDGE ( 'NONE', *, *, #262, .T. ) ;
#1347 = LINE ( 'NONE', #2300, #1007 ) ;
#1348 = VECTOR ( 'NONE', #702, 1000.000000000000000 ) ;
#1349 = DIRECTION ( 'NONE',  ( -0.000000000000000000, -1.000000000000000000, -0.000000000000000000 ) ) ;
#1350 = ORIENTED_EDGE ( 'NONE', *, *, #1727, .F. ) ;
#1351 = EDGE_CURVE ( 'NONE', #971, #1695, #2247, .T. ) ;
#1352 = VERTEX_POINT ( 'NONE', #876 ) ;
#1353 = ORIENTED_EDGE ( 'NONE', *, *, #2199, .T. ) ;
#1354 = CARTESIAN_POINT ( 'NONE',  ( -3.787454723763779452, 2.200000000000000178, 10.75000000000000000 ) ) ;
#1355 = LINE ( 'NONE', #2129, #920 ) ;
#1356 = LINE ( 'NONE', #1505, #1002 ) ;
#1357 = ORIENTED_EDGE ( 'NONE', *, *, #1237, .F. ) ;
#1358 = DIRECTION ( 'NONE',  ( -0.000000000000000000, -0.000000000000000000, -1.000000000000000000 ) ) ;
#1359 = DIRECTION ( 'NONE',  ( 0.000000000000000000, -0.000000000000000000, 1.000000000000000000 ) ) ;
#1360 = EDGE_LOOP ( 'NONE', ( #728, #1350, #2066, #334, #1827, #792, #695, #614 ) ) ;
#1361 = ORIENTED_EDGE ( 'NONE', *, *, #832, .F. ) ;
#1362 = ORIENTED_EDGE ( 'NONE', *, *, #2162, .F. ) ;
#1363 = ORIENTED_EDGE ( 'NONE', *, *, #1770, .F. ) ;
#1364 = AXIS2_PLACEMENT_3D ( 'NONE', #1435, #2179, #1861 ) ;
#1365 = DIRECTION ( 'NONE',  ( -0.000000000000000000, -1.000000000000000000, -0.000000000000000000 ) ) ;
#1366 = FACE_OUTER_BOUND ( 'NONE', #1650, .T. ) ;
#1367 = LINE ( 'NONE', #662, #826 ) ;
#1368 = ORIENTED_EDGE ( 'NONE', *, *, #2320, .F. ) ;
#1369 = LINE ( 'NONE', #451, #536 ) ;
#1370 = CARTESIAN_POINT ( 'NONE',  ( 207.5526302455077143, -129.6099815356934357, -1.800000000000023803 ) ) ;
#1371 = DIRECTION ( 'NONE',  ( 0.7071067811865472397, 8.659560562354929160E-17, -0.7071067811865479058 ) ) ;
#1372 = ORIENTED_EDGE ( 'NONE', *, *, #189, .T. ) ;
#1373 = EDGE_CURVE ( 'NONE', #1270, #1506, #111, .T. ) ;
#1374 = VECTOR ( 'NONE', #1285, 1000.000000000000000 ) ;
#1375 = EDGE_LOOP ( 'NONE', ( #1146, #1750, #637, #821 ) ) ;
#1376 = ORIENTED_EDGE ( 'NONE', *, *, #1641, .T. ) ;
#1377 = EDGE_CURVE ( 'NONE', #549, #277, #293, .T. ) ;
#1378 = EDGE_LOOP ( 'NONE', ( #1322, #1848, #608, #2142 ) ) ;
#1379 = AXIS2_PLACEMENT_3D ( 'NONE', #1632, #1399, #715 ) ;
#1380 = DESIGN_CONTEXT ( 'detailed design', #379, 'design' ) ;
#1381 = DIRECTION ( 'NONE',  ( 1.000000000000000000, 0.000000000000000000, -0.000000000000000000 ) ) ;
#1382 = EDGE_CURVE ( 'NONE', #643, #121, #2170, .T. ) ;
#1383 = VECTOR ( 'NONE', #485, 1000.000000000000000 ) ;
#1384 = FACE_BOUND ( 'NONE', #599, .T. ) ;
#1385 = EDGE_CURVE ( 'NONE', #11, #2136, #1414, .T. ) ;
#1386 = ORIENTED_EDGE ( 'NONE', *, *, #2069, .F. ) ;
#1387 = CARTESIAN_POINT ( 'NONE',  ( 2.412545276236220726, -4.000000000000000000, 5.599999999999999645 ) ) ;
#1388 = VECTOR ( 'NONE', #511, 1000.000000000000000 ) ;
#1389 = LINE ( 'NONE', #98, #578 ) ;
#1390 = PLANE ( 'NONE',  #1777 ) ;
#1391 = EDGE_LOOP ( 'NONE', ( #1948, #1229 ) ) ;
#1392 = CIRCLE ( 'NONE', #1930, 2.000000000000000888 ) ;
#1393 = DIRECTION ( 'NONE',  ( 0.000000000000000000, 0.000000000000000000, -1.000000000000000000 ) ) ;
#1394 = ORIENTED_EDGE ( 'NONE', *, *, #727, .T. ) ;
#1395 = DIRECTION ( 'NONE',  ( -0.000000000000000000, -0.000000000000000000, -1.000000000000000000 ) ) ;
#1396 = CARTESIAN_POINT ( 'NONE',  ( 33.49154527623622357, -69.05098153569343822, -0.1499999999999999667 ) ) ;
#1397 = VERTEX_POINT ( 'NONE', #1618 ) ;
#1398 = DIRECTION ( 'NONE',  ( 1.000000000000000000, 0.000000000000000000, 0.000000000000000000 ) ) ;
#1399 = DIRECTION ( 'NONE',  ( 0.000000000000000000, -1.000000000000000000, 0.000000000000000000 ) ) ;
#1400 = CARTESIAN_POINT ( 'NONE',  ( 48.40154527623622016, 2.200000000000000178, 4.000000000000000000 ) ) ;
#1401 = CARTESIAN_POINT ( 'NONE',  ( 182.5322410603347123, -126.8099815356934243, 62.15991928837468095 ) ) ;
#1402 = VERTEX_POINT ( 'NONE', #2334 ) ;
#1403 = EDGE_CURVE ( 'NONE', #808, #1419, #1685, .T. ) ;
#1404 = ORIENTED_EDGE ( 'NONE', *, *, #1808, .T. ) ;
#1405 = ORIENTED_EDGE ( 'NONE', *, *, #1065, .F. ) ;
#1406 = EDGE_LOOP ( 'NONE', ( #853, #1534, #880, #2237, #1055, #93, #940, #369, #1460, #2230, #465 ) ) ;
#1407 = CALENDAR_DATE ( 2025, 5, 11 ) ;
#1408 = DIRECTION ( 'NONE',  ( 0.000000000000000000, -1.000000000000000000, 0.000000000000000000 ) ) ;
#1409 = DIRECTION ( 'NONE',  ( 1.000000000000000000, 0.000000000000000000, 0.000000000000000000 ) ) ;
#1410 = VECTOR ( 'NONE', #1105, 1000.000000000000000 ) ;
#1411 = ORIENTED_EDGE ( 'NONE', *, *, #2138, .F. ) ;
#1412 = ADVANCED_FACE ( 'NONE', ( #478 ), #2358, .F. ) ;
#1413 = DIRECTION ( 'NONE',  ( 0.000000000000000000, 0.000000000000000000, 1.000000000000000000 ) ) ;
#1414 = LINE ( 'NONE', #1087, #693 ) ;
#1415 = ADVANCED_FACE ( 'NONE', ( #2158 ), #310, .T. ) ;
#1416 = DIRECTION ( 'NONE',  ( -0.000000000000000000, -0.000000000000000000, -1.000000000000000000 ) ) ;
#1417 = CARTESIAN_POINT ( 'NONE',  ( 33.65154527623621306, 19.32654878189440595, 7.499999999999999112 ) ) ;
#1418 = ORIENTED_EDGE ( 'NONE', *, *, #1005, .F. ) ;
#1419 = VERTEX_POINT ( 'NONE', #703 ) ;
#1420 = DIRECTION ( 'NONE',  ( 0.000000000000000000, 0.000000000000000000, 1.000000000000000000 ) ) ;
#1421 = CARTESIAN_POINT ( 'NONE',  ( 3.968545276236235875, -115.9542181297286163, 5.599999999999999645 ) ) ;
#1422 = ORIENTED_EDGE ( 'NONE', *, *, #885, .T. ) ;
#1423 = DIRECTION ( 'NONE',  ( 1.000000000000000000, 0.000000000000000000, 0.000000000000000000 ) ) ;
#1424 = AXIS2_PLACEMENT_3D ( 'NONE', #1490, #1676, #749 ) ;
#1425 = AXIS2_PLACEMENT_3D ( 'NONE', #2395, #150, #2241 ) ;
#1426 = DIRECTION ( 'NONE',  ( 1.000000000000000000, 0.000000000000000000, 0.000000000000000000 ) ) ;
#1427 = LINE ( 'NONE', #481, #2280 ) ;
#1428 = ORIENTED_EDGE ( 'NONE', *, *, #267, .F. ) ;
#1429 = AXIS2_PLACEMENT_3D ( 'NONE', #203, #21, #401 ) ;
#1430 = DIRECTION ( 'NONE',  ( 1.000000000000000000, 0.000000000000000000, 0.000000000000000000 ) ) ;
#1431 = VECTOR ( 'NONE', #724, 1000.000000000000000 ) ;
#1432 = ORIENTED_EDGE ( 'NONE', *, *, #1532, .T. ) ;
#1433 = CC_DESIGN_DATE_AND_TIME_ASSIGNMENT ( #79, #1799, ( #166 ) ) ;
#1434 = CARTESIAN_POINT ( 'NONE',  ( 7.162545276236198077, -15.00000000000000178, -1.800000000000000044 ) ) ;
#1435 = CARTESIAN_POINT ( 'NONE',  ( -6.587454723763779718, -98.45980132780354666, 3.199999999999969980 ) ) ;
#1436 = FACE_OUTER_BOUND ( 'NONE', #2323, .T. ) ;
#1437 = DIRECTION ( 'NONE',  ( 0.000000000000000000, -0.000000000000000000, 1.000000000000000000 ) ) ;
#1438 = DIRECTION ( 'NONE',  ( 1.000000000000000000, 0.000000000000000000, 5.913830031739110612E-17 ) ) ;
#1439 = DIRECTION ( 'NONE',  ( 0.000000000000000000, -1.000000000000000000, 0.000000000000000000 ) ) ;
#1440 = EDGE_LOOP ( 'NONE', ( #2364, #895, #1162, #1897 ) ) ;
#1441 = DIRECTION ( 'NONE',  ( -0.000000000000000000, 0.000000000000000000, 1.000000000000000000 ) ) ;
#1442 = EDGE_LOOP ( 'NONE', ( #27, #100, #2132, #2351 ) ) ;
#1443 = CARTESIAN_POINT ( 'NONE',  ( 132.6322410603347350, -126.8099815356934243, 12.24999999999999645 ) ) ;
#1444 = LINE ( 'NONE', #544, #1563 ) ;
#1445 = PLANE ( 'NONE',  #2050 ) ;
#1446 = CARTESIAN_POINT ( 'NONE',  ( -0.8874547237637790964, -98.45980132780354666, 5.199999999999970868 ) ) ;
#1447 = CARTESIAN_POINT ( 'NONE',  ( 27.09154527623621078, -69.05098153569343822, 0.000000000000000000 ) ) ;
#1448 = AXIS2_PLACEMENT_3D ( 'NONE', #1216, #1189, #1409 ) ;
#1449 = ORIENTED_EDGE ( 'NONE', *, *, #2313, .F. ) ;
#1450 = FACE_OUTER_BOUND ( 'NONE', #992, .T. ) ;
#1451 = ADVANCED_FACE ( 'NONE', ( #1831 ), #1244, .F. ) ;
#1452 = VERTEX_POINT ( 'NONE', #132 ) ;
#1453 = CARTESIAN_POINT ( 'NONE',  ( 132.6322410603347350, -126.8099815356934243, 10.75000000000000000 ) ) ;
#1454 = DIRECTION ( 'NONE',  ( -1.000000000000000000, 0.000000000000000000, 0.000000000000000000 ) ) ;
#1455 = DIRECTION ( 'NONE',  ( 0.000000000000000000, -1.000000000000000000, 0.000000000000000000 ) ) ;
#1456 = DIRECTION ( 'NONE',  ( 0.000000000000000000, -1.000000000000000000, 0.000000000000000000 ) ) ;
#1457 = EDGE_CURVE ( 'NONE', #1327, #2108, #1231, .T. ) ;
#1458 = ADVANCED_FACE ( 'NONE', ( #1982 ), #865, .F. ) ;
#1459 = DIRECTION ( 'NONE',  ( 1.000000000000000000, 0.000000000000000000, 0.000000000000000000 ) ) ;
#1460 = ORIENTED_EDGE ( 'NONE', *, *, #541, .T. ) ;
#1461 = VECTOR ( 'NONE', #503, 1000.000000000000000 ) ;
#1462 = FACE_BOUND ( 'NONE', #221, .T. ) ;
#1463 = VECTOR ( 'NONE', #241, 1000.000000000000000 ) ;
#1464 = EDGE_LOOP ( 'NONE', ( #941, #2090, #108, #1259 ) ) ;
#1465 = CIRCLE ( 'NONE', #658, 5.400000000000000355 ) ;
#1466 = FACE_OUTER_BOUND ( 'NONE', #1014, .T. ) ;
#1467 = DIRECTION ( 'NONE',  ( 0.000000000000000000, 0.000000000000000000, -1.000000000000000000 ) ) ;
#1468 = LINE ( 'NONE', #2214, #1573 ) ;
#1469 = LINE ( 'NONE', #1646, #496 ) ;
#1470 = ORIENTED_EDGE ( 'NONE', *, *, #1147, .T. ) ;
#1471 = CARTESIAN_POINT ( 'NONE',  ( 132.6322410603347350, -127.8049907678467321, 62.15991928837468095 ) ) ;
#1472 = ORIENTED_EDGE ( 'NONE', *, *, #1557, .T. ) ;
#1473 = EDGE_CURVE ( 'NONE', #233, #1612, #2004, .T. ) ;
#1474 = ORIENTED_EDGE ( 'NONE', *, *, #1385, .F. ) ;
#1475 = CARTESIAN_POINT ( 'NONE',  ( -0.8874547237637790964, -18.45980132780353955, 5.199999999999970868 ) ) ;
#1476 = CARTESIAN_POINT ( 'NONE',  ( 207.5526302455077143, -129.6099815356934357, 12.24999999999999822 ) ) ;
#1477 = EDGE_CURVE ( 'NONE', #244, #1510, #688, .T. ) ;
#1478 = CARTESIAN_POINT ( 'NONE',  ( 33.65154527623621306, 4.999999999999999112, 4.000000000000000888 ) ) ;
#1479 = CARTESIAN_POINT ( 'NONE',  ( -1.277548757768496301, -127.2292181297286220, 12.24999999999999822 ) ) ;
#1480 = DIRECTION ( 'NONE',  ( 0.000000000000000000, 0.000000000000000000, 1.000000000000000000 ) ) ;
#1481 = ORIENTED_EDGE ( 'NONE', *, *, #497, .F. ) ;
#1482 = EDGE_CURVE ( 'NONE', #2026, #2403, #1253, .T. ) ;
#1483 = CARTESIAN_POINT ( 'NONE',  ( -0.8874547237637790964, -98.45980132780354666, 3.199999999999969980 ) ) ;
#1484 = ORIENTED_EDGE ( 'NONE', *, *, #469, .F. ) ;
#1485 = ORIENTED_EDGE ( 'NONE', *, *, #1206, .F. ) ;
#1486 = EDGE_CURVE ( 'NONE', #206, #1137, #1073, .T. ) ;
#1487 = CARTESIAN_POINT ( 'NONE',  ( 0.000000000000000000, 0.000000000000000000, 10.75000000000000000 ) ) ;
#1488 = CARTESIAN_POINT ( 'NONE',  ( 13.41254527623619808, -15.00000000000000178, -0.2999999999999999334 ) ) ;
#1489 = LINE ( 'NONE', #1830, #1310 ) ;
#1490 = CARTESIAN_POINT ( 'NONE',  ( 2.412545276236220726, -4.000000000000000000, 5.599999999999999645 ) ) ;
#1491 = FACE_OUTER_BOUND ( 'NONE', #406, .T. ) ;
#1492 = ORIENTED_EDGE ( 'NONE', *, *, #435, .F. ) ;
#1493 = DIRECTION ( 'NONE',  ( 1.000000000000000000, 0.000000000000000000, 0.000000000000000000 ) ) ;
#1494 = ORIENTED_EDGE ( 'NONE', *, *, #626, .F. ) ;
#1495 = VECTOR ( 'NONE', #1793, 1000.000000000000000 ) ;
#1496 = AXIS2_PLACEMENT_3D ( 'NONE', #1775, #1940, #2154 ) ;
#1497 = ORIENTED_EDGE ( 'NONE', *, *, #2089, .F. ) ;
#1498 = CARTESIAN_POINT ( 'NONE',  ( -4.947369754492285665, 3.195009232153282142, 12.24999999999999822 ) ) ;
#1499 = EDGE_CURVE ( 'NONE', #206, #2082, #881, .T. ) ;
#1500 = AXIS2_PLACEMENT_3D ( 'NONE', #155, #168, #748 ) ;
#1501 = CARTESIAN_POINT ( 'NONE',  ( 30.15154527623621306, 2.199999999999997069, 4.000000000000000000 ) ) ;
#1502 = DIRECTION ( 'NONE',  ( -1.000000000000000000, 0.000000000000000000, -0.000000000000000000 ) ) ;
#1503 = EDGE_CURVE ( 'NONE', #418, #1069, #169, .T. ) ;
#1504 = CC_DESIGN_APPROVAL ( #1713, ( #1826 ) ) ;
#1505 = CARTESIAN_POINT ( 'NONE',  ( 20.40945124223093288, -109.6099815356934499, -0.2999999999999999334 ) ) ;
#1506 = VERTEX_POINT ( 'NONE', #202 ) ;
#1507 = CARTESIAN_POINT ( 'NONE',  ( 10.38722908926378174, -118.2292181297286078, 5.599999999999999645 ) ) ;
#1508 = VECTOR ( 'NONE', #74, 1000.000000000000000 ) ;
#1509 = VERTEX_POINT ( 'NONE', #1479 ) ;
#1510 = VERTEX_POINT ( 'NONE', #2020 ) ;
#1511 = ORIENTED_EDGE ( 'NONE', *, *, #1710, .F. ) ;
#1512 = ADVANCED_FACE ( 'NONE', ( #19 ), #1654, .T. ) ;
#1513 = DIRECTION ( 'NONE',  ( 0.000000000000000000, 0.000000000000000000, -1.000000000000000000 ) ) ;
#1514 = CARTESIAN_POINT ( 'NONE',  ( 9.040344901021665436, -129.6099815356934357, 12.24999999999999822 ) ) ;
#1515 = LINE ( 'NONE', #2106, #564 ) ;
#1516 = FACE_OUTER_BOUND ( 'NONE', #1892, .T. ) ;
#1517 = ORIENTED_EDGE ( 'NONE', *, *, #164, .T. ) ;
#1518 = DIRECTION ( 'NONE',  ( 0.000000000000000000, 1.000000000000000000, 0.000000000000000000 ) ) ;
#1519 = CARTESIAN_POINT ( 'NONE',  ( 24.40154527623621306, 2.200000000000000178, 5.599999999999999645 ) ) ;
#1520 = ORIENTED_EDGE ( 'NONE', *, *, #797, .F. ) ;
#1521 = ORIENTED_EDGE ( 'NONE', *, *, #659, .F. ) ;
#1522 = CONICAL_SURFACE ( 'NONE', #636, 5.400000000000002132, 0.7853981633974479459 ) ;
#1523 = ORIENTED_EDGE ( 'NONE', *, *, #1281, .T. ) ;
#1524 = PERSON_AND_ORGANIZATION_ROLE ( 'design_owner' ) ;
#1525 = CARTESIAN_POINT ( 'NONE',  ( 6.659451242230931989, -127.2292181297286220, 12.24999999999999822 ) ) ;
#1526 = CARTESIAN_POINT ( 'NONE',  ( 2.412545276236220726, -109.7462503463070504, 0.000000000000000000 ) ) ;
#1527 = ORIENTED_EDGE ( 'NONE', *, *, #1661, .F. ) ;
#1528 = CARTESIAN_POINT ( 'NONE',  ( -4.947369754492285665, 3.195009232153282142, 10.75000000000000000 ) ) ;
#1529 = ADVANCED_FACE ( 'NONE', ( #535 ), #2203, .T. ) ;
#1530 = ADVANCED_FACE ( 'NONE', ( #353 ), #2234, .T. ) ;
#1531 = CARTESIAN_POINT ( 'NONE',  ( 182.5326302455077041, 2.200000000000000178, 10.75000000000000000 ) ) ;
#1532 = EDGE_CURVE ( 'NONE', #308, #1988, #558, .T. ) ;
#1533 = ORIENTED_EDGE ( 'NONE', *, *, #370, .T. ) ;
#1534 = ORIENTED_EDGE ( 'NONE', *, *, #1759, .T. ) ;
#1535 = VECTOR ( 'NONE', #1903, 1000.000000000000114 ) ;
#1536 = AXIS2_PLACEMENT_3D ( 'NONE', #1958, #1804, #2311 ) ;
#1537 = ORIENTED_EDGE ( 'NONE', *, *, #1129, .F. ) ;
#1538 = CIRCLE ( 'NONE', #378, 6.400000000000016342 ) ;
#1539 = LINE ( 'NONE', #266, #493 ) ;
#1540 = AXIS2_PLACEMENT_3D ( 'NONE', #2040, #1455, #903 ) ;
#1541 = DIRECTION ( 'NONE',  ( -1.000000000000000000, 0.000000000000000000, -5.913830031739110612E-17 ) ) ;
#1542 = ORIENTED_EDGE ( 'NONE', *, *, #1081, .T. ) ;
#1543 = LINE ( 'NONE', #965, #140 ) ;
#1544 = CARTESIAN_POINT ( 'NONE',  ( -0.8874547237637790964, -18.45980132780353955, 1.199999999999968425 ) ) ;
#1545 = ORIENTED_EDGE ( 'NONE', *, *, #1021, .T. ) ;
#1546 = ORIENTED_EDGE ( 'NONE', *, *, #81, .F. ) ;
#1547 = VERTEX_POINT ( 'NONE', #192 ) ;
#1548 = VERTEX_POINT ( 'NONE', #768 ) ;
#1549 = DIRECTION ( 'NONE',  ( -0.7071261234859760325, 0.7070874383580125766, 0.000000000000000000 ) ) ;
#1550 = LINE ( 'NONE', #986, #412 ) ;
#1551 = EDGE_CURVE ( 'NONE', #971, #1608, #2064, .T. ) ;
#1552 = CARTESIAN_POINT ( 'NONE',  ( 2.412545276236220726, -4.000000000000000000, 5.599999999999999645 ) ) ;
#1553 = ORIENTED_EDGE ( 'NONE', *, *, #595, .F. ) ;
#1554 = CARTESIAN_POINT ( 'NONE',  ( 9.040344901021665436, -129.6099815356934357, -450.7362439051084380 ) ) ;
#1555 = CARTESIAN_POINT ( 'NONE',  ( 7.697018354324194789, -124.8217424669712159, 10.75000000000000000 ) ) ;
#1556 = FACE_OUTER_BOUND ( 'NONE', #1100, .T. ) ;
#1557 = EDGE_CURVE ( 'NONE', #2035, #1547, #740, .T. ) ;
#1558 = ORIENTED_EDGE ( 'NONE', *, *, #1200, .F. ) ;
#1559 = ORIENTED_EDGE ( 'NONE', *, *, #1815, .T. ) ;
#1560 = EDGE_CURVE ( 'NONE', #717, #1452, #1468, .T. ) ;
#1561 = ADVANCED_FACE ( 'NONE', ( #377 ), #2054, .T. ) ;
#1562 = VERTEX_POINT ( 'NONE', #2225 ) ;
#1563 = VECTOR ( 'NONE', #1071, 1000.000000000000000 ) ;
#1564 = FACE_OUTER_BOUND ( 'NONE', #414, .T. ) ;
#1565 = CYLINDRICAL_SURFACE ( 'NONE', #1761, 2.000000000000001776 ) ;
#1566 = VERTEX_POINT ( 'NONE', #946 ) ;
#1567 = LINE ( 'NONE', #1335, #1046 ) ;
#1568 = CARTESIAN_POINT ( 'NONE',  ( 7.819204350196697462, -124.4292181297286106, 10.75000000000000000 ) ) ;
#1569 = DIRECTION ( 'NONE',  ( -1.000000000000000000, 0.000000000000000000, 0.000000000000000000 ) ) ;
#1570 = LINE ( 'NONE', #2315, #456 ) ;
#1571 = ORIENTED_EDGE ( 'NONE', *, *, #1962, .F. ) ;
#1572 = B_SPLINE_CURVE_WITH_KNOTS ( 'NONE', 3,
 ( #468, #1784, #679, #1211 ),
 .UNSPECIFIED., .F., .F.,
 ( 4, 4 ),
 ( 0.000000000000000000, 0.001440617154985740327 ),
 .UNSPECIFIED. ) ;
#1573 = VECTOR ( 'NONE', #2030, 1000.000000000000000 ) ;
#1574 = APPROVAL_ROLE ( '' ) ;
#1575 = FACE_OUTER_BOUND ( 'NONE', #2103, .T. ) ;
#1576 = VECTOR ( 'NONE', #1921, 1000.000000000000000 ) ;
#1577 = FACE_BOUND ( 'NONE', #162, .T. ) ;
#1578 = ORIENTED_EDGE ( 'NONE', *, *, #110, .F. ) ;
#1579 = DIRECTION ( 'NONE',  ( 0.000000000000000000, 0.000000000000000000, 1.000000000000000000 ) ) ;
#1580 = EDGE_CURVE ( 'NONE', #2370, #277, #9, .T. ) ;
#1581 = LINE ( 'NONE', #1221, #1787 ) ;
#1582 = CYLINDRICAL_SURFACE ( 'NONE', #1734, 5.400000000000002132 ) ;
#1583 = ORIENTED_EDGE ( 'NONE', *, *, #1937, .T. ) ;
#1584 = VECTOR ( 'NONE', #2333, 1000.000000000000000 ) ;
#1585 = DIRECTION ( 'NONE',  ( 0.7071261234860521938, -0.7070874383579364153, 0.000000000000000000 ) ) ;
#1586 = EDGE_CURVE ( 'NONE', #1142, #1258, #1076, .T. ) ;
#1587 = VECTOR ( 'NONE', #959, 1000.000000000000000 ) ;
#1588 = EDGE_CURVE ( 'NONE', #1419, #976, #1107, .T. ) ;
#1589 = LINE ( 'NONE', #1047, #1079 ) ;
#1590 = DIRECTION ( 'NONE',  ( -1.000000000000000000, 0.000000000000000000, 0.000000000000000000 ) ) ;
#1591 = ORIENTED_EDGE ( 'NONE', *, *, #1059, .T. ) ;
#1592 = DIRECTION ( 'NONE',  ( 0.000000000000000000, 0.000000000000000000, -1.000000000000000000 ) ) ;
#1593 = DIRECTION ( 'NONE',  ( -0.000000000000000000, 0.000000000000000000, -1.000000000000000000 ) ) ;
#1594 = LINE ( 'NONE', #1934, #2070 ) ;
#1595 = DIRECTION ( 'NONE',  ( 0.000000000000000000, 1.000000000000000000, 0.000000000000000000 ) ) ;
#1596 = VERTEX_POINT ( 'NONE', #1297 ) ;
#1597 = CARTESIAN_POINT ( 'NONE',  ( 182.5326302455077041, 2.200000000000000178, 12.24999999999999645 ) ) ;
#1598 = ORIENTED_EDGE ( 'NONE', *, *, #1200, .T. ) ;
#1599 = ORIENTED_EDGE ( 'NONE', *, *, #1081, .F. ) ;
#1600 = CARTESIAN_POINT ( 'NONE',  ( 33.65154527623621306, 4.999999999999999112, 7.499999999999999112 ) ) ;
#1601 = CARTESIAN_POINT ( 'NONE',  ( 33.49154527623622357, -69.05098153569343822, 5.599999999999999645 ) ) ;
#1602 = VECTOR ( 'NONE', #1454, 1000.000000000000000 ) ;
#1603 = ORIENTED_EDGE ( 'NONE', *, *, #1059, .F. ) ;
#1604 = DIRECTION ( 'NONE',  ( 0.000000000000000000, 0.000000000000000000, 1.000000000000000000 ) ) ;
#1605 = CARTESIAN_POINT ( 'NONE',  ( -1.277548757768496301, -127.2292181297286220, -450.7362439051084380 ) ) ;
#1606 = CARTESIAN_POINT ( 'NONE',  ( 34.90154527623621306, 4.499999999999952927, 0.4999999999999995559 ) ) ;
#1607 = FACE_OUTER_BOUND ( 'NONE', #2274, .T. ) ;
#1608 = VERTEX_POINT ( 'NONE', #1120 ) ;
#1609 = ADVANCED_FACE ( 'NONE', ( #389 ), #1131, .T. ) ;
#1610 = DIRECTION ( 'NONE',  ( 0.7071261234859760325, -0.7070874383580125766, 0.000000000000000000 ) ) ;
#1611 = VECTOR ( 'NONE', #778, 1000.000000000000000 ) ;
#1612 = VERTEX_POINT ( 'NONE', #179 ) ;
#1613 = CALENDAR_DATE ( 2025, 5, 11 ) ;
#1614 = FACE_OUTER_BOUND ( 'NONE', #2383, .T. ) ;
#1615 = CARTESIAN_POINT ( 'NONE',  ( 2.450229089263784577, -118.2292181297286078, 5.599999999999999645 ) ) ;
#1616 = CIRCLE ( 'NONE', #731, 5.400000000000002132 ) ;
#1617 = DIRECTION ( 'NONE',  ( 0.000000000000000000, 0.000000000000000000, -1.000000000000000000 ) ) ;
#1618 = CARTESIAN_POINT ( 'NONE',  ( 39.15154527623622016, -4.000000000000000000, 0.5000000000000004441 ) ) ;
#1619 = VECTOR ( 'NONE', #1456, 1000.000000000000000 ) ;
#1620 = LINE ( 'NONE', #705, #1374 ) ;
#1621 = CIRCLE ( 'NONE', #1190, 2.000000000000001776 ) ;
#1622 = DIRECTION ( 'NONE',  ( -1.000000000000000000, 0.000000000000000000, 0.000000000000000000 ) ) ;
#1623 = ORIENTED_EDGE ( 'NONE', *, *, #1351, .F. ) ;
#1624 = AXIS2_PLACEMENT_3D ( 'NONE', #760, #1896, #1883 ) ;
#1625 = DIRECTION ( 'NONE',  ( -1.000000000000000000, -0.000000000000000000, -0.000000000000000000 ) ) ;
#1626 = AXIS2_PLACEMENT_3D ( 'NONE', #216, #875, #145 ) ;
#1627 = CC_DESIGN_APPROVAL ( #392, ( #166 ) ) ;
#1628 = CARTESIAN_POINT ( 'NONE',  ( 182.5326302455077041, 2.200000000000000178, 62.15991928837468095 ) ) ;
#1629 = CARTESIAN_POINT ( 'NONE',  ( 31.49154527623622357, -69.05098153569343822, -0.1499999999999999667 ) ) ;
#1630 = ADVANCED_FACE ( 'NONE', ( #1882 ), #904, .T. ) ;
#1631 = LINE ( 'NONE', #2368, #1584 ) ;
#1632 = CARTESIAN_POINT ( 'NONE',  ( 420.0526302455077143, 3.195009232153282142, 12.24999999999999822 ) ) ;
#1633 = ADVANCED_FACE ( 'NONE', ( #426 ), #2077, .T. ) ;
#1634 = CARTESIAN_POINT ( 'NONE',  ( 33.49154527623622357, -69.05098153569343822, 5.599999999999999645 ) ) ;
#1635 = ORIENTED_EDGE ( 'NONE', *, *, #1331, .F. ) ;
#1636 = ADVANCED_FACE ( 'NONE', ( #1564 ), #411, .F. ) ;
#1637 = DIRECTION ( 'NONE',  ( -0.000000000000000000, -0.000000000000000000, -1.000000000000000000 ) ) ;
#1638 = ORIENTED_EDGE ( 'NONE', *, *, #59, .F. ) ;
#1639 = EDGE_LOOP ( 'NONE', ( #2056, #1599, #1887, #1638, #1290, #1386, #928 ) ) ;
#1640 = ADVANCED_FACE ( 'NONE', ( #1366 ), #1738, .T. ) ;
#1641 = EDGE_CURVE ( 'NONE', #1566, #1760, #1515, .T. ) ;
#1642 = DIRECTION ( 'NONE',  ( 1.000000000000000000, 0.000000000000000000, -0.000000000000000000 ) ) ;
#1643 = DIRECTION ( 'NONE',  ( 0.000000000000000000, -0.000000000000000000, 1.000000000000000000 ) ) ;
#1644 = CARTESIAN_POINT ( 'NONE',  ( 2.412545276236220726, -4.000000000000000000, 0.000000000000000000 ) ) ;
#1645 = CARTESIAN_POINT ( 'NONE',  ( 0.000000000000000000, 0.000000000000000000, 10.75000000000000000 ) ) ;
#1646 = CARTESIAN_POINT ( 'NONE',  ( 132.6322410603347350, -126.8099815356934243, 62.15991928837468095 ) ) ;
#1647 = CIRCLE ( 'NONE', #482, 6.250000000000000000 ) ;
#1648 = ORIENTED_EDGE ( 'NONE', *, *, #2339, .T. ) ;
#1649 = FACE_OUTER_BOUND ( 'NONE', #1098, .T. ) ;
#1650 = EDGE_LOOP ( 'NONE', ( #139, #710, #755, #2260 ) ) ;
#1651 = ORIENTED_EDGE ( 'NONE', *, *, #287, .F. ) ;
#1652 = CYLINDRICAL_SURFACE ( 'NONE', #720, 2.000000000000001332 ) ;
#1653 = CARTESIAN_POINT ( 'NONE',  ( 37.90154527623621306, 4.499999999999952927, 0.4999999999999995559 ) ) ;
#1654 = PLANE ( 'NONE',  #1424 ) ;
#1655 = CARTESIAN_POINT ( 'NONE',  ( 207.5526302455077143, -127.8049907678467321, 10.75000000000000000 ) ) ;
#1656 = EDGE_CURVE ( 'NONE', #1196, #1352, #1550, .T. ) ;
#1657 = ORIENTED_EDGE ( 'NONE', *, *, #2320, .T. ) ;
#1658 = AXIS2_PLACEMENT_3D ( 'NONE', #619, #645, #434 ) ;
#1659 = DIRECTION ( 'NONE',  ( -0.000000000000000000, -0.000000000000000000, 1.000000000000000000 ) ) ;
#1660 = ORIENTED_EDGE ( 'NONE', *, *, #92, .F. ) ;
#1661 = EDGE_CURVE ( 'NONE', #1858, #1730, #1539, .T. ) ;
#1662 = CIRCLE ( 'NONE', #2396, 3.499999999999999556 ) ;
#1663 = CARTESIAN_POINT ( 'NONE',  ( 420.0526302455077143, 3.195009232153282142, 12.24999999999999822 ) ) ;
#1664 = ADVANCED_FACE ( 'NONE', ( #1165 ), #2286, .T. ) ;
#1665 = CARTESIAN_POINT ( 'NONE',  ( 8.865929782276168680, -118.2292181297286078, 5.599999999999999645 ) ) ;
#1666 = DIRECTION ( 'NONE',  ( 0.000000000000000000, 1.000000000000000000, 0.000000000000000000 ) ) ;
#1667 = DIRECTION ( 'NONE',  ( -0.000000000000000000, 1.000000000000000000, -0.000000000000000000 ) ) ;
#1668 = DIRECTION ( 'NONE',  ( -0.000000000000000000, -0.000000000000000000, -1.000000000000000000 ) ) ;
#1669 = EDGE_LOOP ( 'NONE', ( #358, #1111, #1337, #1877 ) ) ;
#1670 = DIRECTION ( 'NONE',  ( 1.000000000000000000, 0.000000000000000000, -0.000000000000000000 ) ) ;
#1671 = ORIENTED_EDGE ( 'NONE', *, *, #680, .T. ) ;
#1672 = VERTEX_POINT ( 'NONE', #1525 ) ;
#1673 = DIRECTION ( 'NONE',  ( 0.000000000000000000, 0.000000000000000000, -1.000000000000000000 ) ) ;
#1674 = DIRECTION ( 'NONE',  ( 0.000000000000000000, 0.000000000000000000, -1.000000000000000000 ) ) ;
#1675 = DIRECTION ( 'NONE',  ( 0.000000000000000000, -1.000000000000000000, 0.000000000000000000 ) ) ;
#1676 = DIRECTION ( 'NONE',  ( 0.000000000000000000, -1.000000000000000000, 0.000000000000000000 ) ) ;
#1677 = CARTESIAN_POINT ( 'NONE',  ( 10.38722908926378174, -118.2292181297286078, 0.000000000000000000 ) ) ;
#1678 = ORIENTED_EDGE ( 'NONE', *, *, #262, .F. ) ;
#1679 = LINE ( 'NONE', #1471, #2205 ) ;
#1680 = ORIENTED_EDGE ( 'NONE', *, *, #1846, .F. ) ;
#1681 = EDGE_CURVE ( 'NONE', #308, #1858, #1616, .T. ) ;
#1682 = ORIENTED_EDGE ( 'NONE', *, *, #953, .F. ) ;
#1683 = EDGE_CURVE ( 'NONE', #761, #126, #2297, .T. ) ;
#1684 = CARTESIAN_POINT ( 'NONE',  ( 207.5526302455077143, 2.200000000000000178, 5.599999999999999645 ) ) ;
#1685 = B_SPLINE_CURVE_WITH_KNOTS ( 'NONE', 3,
 ( #1972, #1263, #2006, #1782 ),
 .UNSPECIFIED., .F., .F.,
 ( 4, 4 ),
 ( 0.000000000000000000, 0.001475262694141534804 ),
 .UNSPECIFIED. ) ;
#1686 = CARTESIAN_POINT ( 'NONE',  ( 34.90154527623621306, -4.500000000000046185, 0.4999999999999996669 ) ) ;
#1687 = DIRECTION ( 'NONE',  ( 0.000000000000000000, 0.000000000000000000, 1.000000000000000000 ) ) ;
#1688 = DIRECTION ( 'NONE',  ( 1.000000000000000000, 0.000000000000000000, 0.000000000000000000 ) ) ;
#1689 = ORIENTED_EDGE ( 'NONE', *, *, #235, .T. ) ;
#1690 = LINE ( 'NONE', #1169, #1576 ) ;
#1691 = ORIENTED_EDGE ( 'NONE', *, *, #497, .T. ) ;
#1692 = VECTOR ( 'NONE', #1037, 999.9999999999998863 ) ;
#1693 = VECTOR ( 'NONE', #2097, 1000.000000000000000 ) ;
#1694 = AXIS2_PLACEMENT_3D ( 'NONE', #1483, #2228, #1291 ) ;
#1695 = VERTEX_POINT ( 'NONE', #212 ) ;
#1696 = VECTOR ( 'NONE', #1439, 1000.000000000000000 ) ;
#1697 = CARTESIAN_POINT ( 'NONE',  ( 35.49154527623623068, -69.05098153569343822, 5.599999999999999645 ) ) ;
#1698 = VECTOR ( 'NONE', #1287, 1000.000000000000000 ) ;
#1699 = CYLINDRICAL_SURFACE ( 'NONE', #1890, 6.250000000000001776 ) ;
#1700 = DIRECTION ( 'NONE',  ( 0.000000000000000000, -0.000000000000000000, 1.000000000000000000 ) ) ;
#1701 = ORIENTED_EDGE ( 'NONE', *, *, #235, .F. ) ;
#1702 = CYLINDRICAL_SURFACE ( 'NONE', #2125, 6.250000000000000000 ) ;
#1703 = EDGE_CURVE ( 'NONE', #632, #808, #1185, .T. ) ;
#1704 = LINE ( 'NONE', #220, #416 ) ;
#1705 = VERTEX_POINT ( 'NONE', #45 ) ;
#1706 = ORIENTED_EDGE ( 'NONE', *, *, #1281, .F. ) ;
#1707 = VERTEX_POINT ( 'NONE', #446 ) ;
#1708 = ORIENTED_EDGE ( 'NONE', *, *, #2022, .F. ) ;
#1709 = EDGE_CURVE ( 'NONE', #1547, #812, #1355, .T. ) ;
#1710 = EDGE_CURVE ( 'NONE', #1069, #15, #995, .T. ) ;
#1711 = CARTESIAN_POINT ( 'NONE',  ( -0.8874547237637790964, -18.45980132780353955, 3.199999999999969980 ) ) ;
#1712 = DIRECTION ( 'NONE',  ( 0.000000000000000000, -1.000000000000000000, 0.000000000000000000 ) ) ;
#1713 = APPROVAL ( #498, 'NEURČEN' ) ;
#1714 = LINE ( 'NONE', #56, #339 ) ;
#1715 = EDGE_LOOP ( 'NONE', ( #1706, #2087, #78, #1418, #47, #1773, #1470, #2267 ) ) ;
#1716 = CARTESIAN_POINT ( 'NONE',  ( -3.787454723763779452, 2.200000000000000178, 5.599999999999999645 ) ) ;
#1717 = LINE ( 'NONE', #611, #1269 ) ;
#1718 = ORIENTED_EDGE ( 'NONE', *, *, #2220, .T. ) ;
#1719 = ORIENTED_EDGE ( 'NONE', *, *, #1303, .F. ) ;
#1720 = EDGE_LOOP ( 'NONE', ( #1114, #2075, #1603, #771, #1372, #405, #2014, #1932, #2255, #819, #897, #2277, #2304, #261 ) ) ;
#1721 = EDGE_LOOP ( 'NONE', ( #1102, #1164 ) ) ;
#1722 = PERSON_AND_ORGANIZATION_ROLE ( 'creator' ) ;
#1723 = CARTESIAN_POINT ( 'NONE',  ( 7.819204350196697462, -124.4292181297286106, 10.75000000000000000 ) ) ;
#1724 = DIRECTION ( 'NONE',  ( 1.000000000000000000, 0.000000000000000000, 0.000000000000000000 ) ) ;
#1725 = ORIENTED_EDGE ( 'NONE', *, *, #2373, .F. ) ;
#1726 = DIRECTION ( 'NONE',  ( -0.000000000000000000, -0.000000000000000000, 1.000000000000000000 ) ) ;
#1727 = EDGE_CURVE ( 'NONE', #1258, #1397, #237, .T. ) ;
#1728 = DIRECTION ( 'NONE',  ( -0.000000000000000000, 1.000000000000000000, 0.000000000000000000 ) ) ;
#1729 = VERTEX_POINT ( 'NONE', #1723 ) ;
#1730 = VERTEX_POINT ( 'NONE', #2270 ) ;
#1731 = VERTEX_POINT ( 'NONE', #55 ) ;
#1732 = EDGE_CURVE ( 'NONE', #1271, #114, #374, .T. ) ;
#1733 = AXIS2_PLACEMENT_3D ( 'NONE', #1929, #605, #824 ) ;
#1734 = AXIS2_PLACEMENT_3D ( 'NONE', #1795, #2146, #1040 ) ;
#1735 = VERTEX_POINT ( 'NONE', #1330 ) ;
#1736 = AXIS2_PLACEMENT_3D ( 'NONE', #2287, #227, #937 ) ;
#1737 = DIRECTION ( 'NONE',  ( 0.000000000000000000, 0.000000000000000000, 1.000000000000000000 ) ) ;
#1738 = PLANE ( 'NONE',  #252 ) ;
#1739 = ADVANCED_FACE ( 'NONE', ( #1895 ), #1699, .F. ) ;
#1740 = AXIS2_PLACEMENT_3D ( 'NONE', #1209, #292, #2324 ) ;
#1741 = DIRECTION ( 'NONE',  ( 0.000000000000000000, 1.000000000000000000, 0.000000000000000000 ) ) ;
#1742 = EDGE_LOOP ( 'NONE', ( #2111, #1909, #1171, #4 ) ) ;
#1743 = CARTESIAN_POINT ( 'NONE',  ( 182.5326302455077041, 2.200000000000000178, 62.15991928837468095 ) ) ;
#1744 = LOCAL_TIME ( 20, 17, 0.000000000000000000, #644 ) ;
#1745 = CARTESIAN_POINT ( 'NONE',  ( -0.2399816456752842941, -124.8217424669712159, 12.24999999999999822 ) ) ;
#1746 = LINE ( 'NONE', #1876, #2045 ) ;
#1747 = EDGE_CURVE ( 'NONE', #2026, #1352, #654, .T. ) ;
#1748 = ORIENTED_EDGE ( 'NONE', *, *, #2248, .F. ) ;
#1749 = EDGE_CURVE ( 'NONE', #964, #1044, #289, .T. ) ;
#1750 = ORIENTED_EDGE ( 'NONE', *, *, #1815, .F. ) ;
#1751 = EDGE_LOOP ( 'NONE', ( #641, #151, #1292, #560, #1523, #602, #804, #1041, #53, #2292, #2332, #1936, #2096, #1542, #2088, #585 ) ) ;
#1752 = DIRECTION ( 'NONE',  ( 0.000000000000000000, 0.000000000000000000, 1.000000000000000000 ) ) ;
#1753 = CARTESIAN_POINT ( 'NONE',  ( 10.20009800898741759, -126.8099815356934243, 10.75000000000000000 ) ) ;
#1754 = VERTEX_POINT ( 'NONE', #661 ) ;
#1755 = LINE ( 'NONE', #1554, #1816 ) ;
#1756 = CARTESIAN_POINT ( 'NONE',  ( -4.947369754492285665, 3.195009232153282142, 12.24999999999999822 ) ) ;
#1757 = CARTESIAN_POINT ( 'NONE',  ( -0.8874547237637790964, -98.45980132780354666, 3.199999999999969980 ) ) ;
#1758 = DIRECTION ( 'NONE',  ( -1.000000000000000000, 0.000000000000000000, 0.000000000000000000 ) ) ;
#1759 = EDGE_CURVE ( 'NONE', #827, #1338, #325, .T. ) ;
#1760 = VERTEX_POINT ( 'NONE', #2341 ) ;
#1761 = AXIS2_PLACEMENT_3D ( 'NONE', #1396, #1778, #852 ) ;
#1762 = ADVANCED_FACE ( 'NONE', ( #1575 ), #2330, .T. ) ;
#1763 = DATE_AND_TIME ( #1407, #1198 ) ;
#1764 = CARTESIAN_POINT ( 'NONE',  ( -4.947369754492285665, -120.1146118877603612, 10.75000000000000000 ) ) ;
#1765 = CARTESIAN_POINT ( 'NONE',  ( 26.65945124223093288, -109.6099815356934499, -0.2999999999999999334 ) ) ;
#1766 = ORIENTED_EDGE ( 'NONE', *, *, #1021, .F. ) ;
#1767 = LINE ( 'NONE', #1025, #2245 ) ;
#1768 = CARTESIAN_POINT ( 'NONE',  ( 33.65154527623621306, 4.999999999999999112, 0.4999999999999995559 ) ) ;
#1769 = CARTESIAN_POINT ( 'NONE',  ( 3.968545276236235875, -115.9542181297286163, -0.1499999999999999667 ) ) ;
#1770 = EDGE_CURVE ( 'NONE', #72, #1142, #849, .T. ) ;
#1771 = CARTESIAN_POINT ( 'NONE',  ( 6.659451242230931989, -127.2292181297286220, -1.800000000000023803 ) ) ;
#1772 = ORIENTED_EDGE ( 'NONE', *, *, #1732, .T. ) ;
#1773 = ORIENTED_EDGE ( 'NONE', *, *, #1904, .F. ) ;
#1774 = AXIS2_PLACEMENT_3D ( 'NONE', #1344, #2093, #813 ) ;
#1775 = CARTESIAN_POINT ( 'NONE',  ( 33.65154527623621306, -4.000000000000000000, 4.000000000000000888 ) ) ;
#1776 = VECTOR ( 'NONE', #279, 1000.000000000000000 ) ;
#1777 = AXIS2_PLACEMENT_3D ( 'NONE', #1935, #1595, #504 ) ;
#1778 = DIRECTION ( 'NONE',  ( -0.000000000000000000, -0.000000000000000000, 1.000000000000000000 ) ) ;
#1779 = VECTOR ( 'NONE', #1758, 1000.000000000000000 ) ;
#1780 = ORIENTED_EDGE ( 'NONE', *, *, #851, .T. ) ;
#1781 = DIRECTION ( 'NONE',  ( -1.000000000000000000, 0.000000000000000000, 0.000000000000000000 ) ) ;
#1782 = CARTESIAN_POINT ( 'NONE',  ( 8.865929782276168680, -118.2292181297286078, 0.9999999999999931166 ) ) ;
#1783 = DIRECTION ( 'NONE',  ( -0.000000000000000000, -0.000000000000000000, 1.000000000000000000 ) ) ;
#1784 = CARTESIAN_POINT ( 'NONE',  ( 2.412545276236220726, -110.4364222350454128, 0.6678782539177633426 ) ) ;
#1785 = LINE ( 'NONE', #472, #1818 ) ;
#1786 = VERTEX_POINT ( 'NONE', #2319 ) ;
#1787 = VECTOR ( 'NONE', #1426, 1000.000000000000000 ) ;
#1788 = CARTESIAN_POINT ( 'NONE',  ( 6.659451242230932877, -127.2292181297286220, -1.800000000000023803 ) ) ;
#1789 = EDGE_CURVE ( 'NONE', #274, #553, #567, .T. ) ;
#1790 = LINE ( 'NONE', #1242, #359 ) ;
#1791 = ORIENTED_EDGE ( 'NONE', *, *, #1103, .T. ) ;
#1792 = FACE_OUTER_BOUND ( 'NONE', #1442, .T. ) ;
#1793 = DIRECTION ( 'NONE',  ( 0.000000000000000000, -1.000000000000000000, 0.000000000000000000 ) ) ;
#1794 = LINE ( 'NONE', #1370, #2376 ) ;
#1795 = CARTESIAN_POINT ( 'NONE',  ( 33.49154527623622357, -69.05098153569343822, 5.599999999999999645 ) ) ;
#1796 = VERTEX_POINT ( 'NONE', #861 ) ;
#1797 = DIRECTION ( 'NONE',  ( -0.000000000000000000, -0.000000000000000000, -1.000000000000000000 ) ) ;
#1798 = ORIENTED_EDGE ( 'NONE', *, *, #523, .T. ) ;
#1799 = DATE_TIME_ROLE ( 'creation_date' ) ;
#1800 = CARTESIAN_POINT ( 'NONE',  ( 182.5322410603347123, -127.8049907678467321, 12.24999999999999645 ) ) ;
#1801 = DIRECTION ( 'NONE',  ( 0.000000000000000000, 1.000000000000000000, 0.000000000000000000 ) ) ;
#1802 = CARTESIAN_POINT ( 'NONE',  ( -6.587454723763779718, -121.9196026556070791, -1.800000000000023803 ) ) ;
#1803 = CARTESIAN_POINT ( 'NONE',  ( -4.947369754492285665, 3.195009232153282142, 10.75000000000000000 ) ) ;
#1804 = DIRECTION ( 'NONE',  ( 0.000000000000000000, 0.000000000000000000, -1.000000000000000000 ) ) ;
#1805 = ORIENTED_EDGE ( 'NONE', *, *, #1880, .T. ) ;
#1806 = CARTESIAN_POINT ( 'NONE',  ( 19.66254527623619808, -15.00000000000000178, -0.2999999999999999334 ) ) ;
#1807 = ORIENTED_EDGE ( 'NONE', *, *, #33, .F. ) ;
#1808 = EDGE_CURVE ( 'NONE', #1845, #350, #1967, .T. ) ;
#1809 = DATE_TIME_ROLE ( 'classification_date' ) ;
#1810 = CARTESIAN_POINT ( 'NONE',  ( -3.787454723763779452, -120.7597598137749770, 10.75000000000000000 ) ) ;
#1811 = FACE_OUTER_BOUND ( 'NONE', #1893, .T. ) ;
#1812 = AXIS2_PLACEMENT_3D ( 'NONE', #2191, #1956, #399 ) ;
#1813 = LINE ( 'NONE', #1802, #1118 ) ;
#1814 = DIRECTION ( 'NONE',  ( 0.000000000000000000, 1.000000000000000000, 0.000000000000000000 ) ) ;
#1815 = EDGE_CURVE ( 'NONE', #1858, #308, #102, .T. ) ;
#1816 = VECTOR ( 'NONE', #1726, 1000.000000000000000 ) ;
#1817 = AXIS2_PLACEMENT_3D ( 'NONE', #896, #2371, #918 ) ;
#1818 = VECTOR ( 'NONE', #1585, 999.9999999999998863 ) ;
#1819 = CARTESIAN_POINT ( 'NONE',  ( 2.412545276236220726, -4.000000000000000000, 5.599999999999999645 ) ) ;
#1820 = ORIENTED_EDGE ( 'NONE', *, *, #92, .T. ) ;
#1821 = VECTOR ( 'NONE', #537, 1000.000000000000000 ) ;
#1822 = CARTESIAN_POINT ( 'NONE',  ( 10.68042987029309820, -127.8049907678467321, 10.75000000000000000 ) ) ;
#1823 = AXIS2_PLACEMENT_3D ( 'NONE', #2143, #1781, #1971 ) ;
#1824 = EDGE_LOOP ( 'NONE', ( #88, #1719, #542, #1791 ) ) ;
#1825 = ADVANCED_FACE ( 'NONE', ( #1614 ), #1978, .F. ) ;
#1826 = PRODUCT_DEFINITION_FORMATION_WITH_SPECIFIED_SOURCE ( 'LIBOVOLN�', '', #1213, .NOT_KNOWN. ) ;
#1827 = ORIENTED_EDGE ( 'NONE', *, *, #318, .T. ) ;
#1828 = CARTESIAN_POINT ( 'NONE',  ( 33.49154527623622357, -69.05098153569343822, -0.1499999999999999667 ) ) ;
#1829 = DIRECTION ( 'NONE',  ( 1.000000000000000000, 0.000000000000000000, -0.000000000000000000 ) ) ;
#1830 = CARTESIAN_POINT ( 'NONE',  ( 207.5526302455077143, 3.195009232153282142, 12.24999999999999822 ) ) ;
#1831 = FACE_OUTER_BOUND ( 'NONE', #1378, .T. ) ;
#1832 = DIRECTION ( 'NONE',  ( 1.000000000000000000, 0.000000000000000000, 0.000000000000000000 ) ) ;
#1833 = VERTEX_POINT ( 'NONE', #1764 ) ;
#1834 = CARTESIAN_POINT ( 'NONE',  ( 19.66254527623619808, -15.00000000000000178, -0.2999999999999999334 ) ) ;
#1835 = ORIENTED_EDGE ( 'NONE', *, *, #2062, .F. ) ;
#1836 = EDGE_LOOP ( 'NONE', ( #1558, #1199, #285, #2121 ) ) ;
#1837 = EDGE_CURVE ( 'NONE', #1326, #57, #1991, .T. ) ;
#1838 = LINE ( 'NONE', #2018, #1255 ) ;
#1839 = DIRECTION ( 'NONE',  ( -0.000000000000000000, 0.000000000000000000, -1.000000000000000000 ) ) ;
#1840 = DIRECTION ( 'NONE',  ( 0.000000000000000000, 0.000000000000000000, -1.000000000000000000 ) ) ;
#1841 = LINE ( 'NONE', #181, #962 ) ;
#1842 = AXIS2_PLACEMENT_3D ( 'NONE', #1765, #82, #647 ) ;
#1843 = VERTEX_POINT ( 'NONE', #2165 ) ;
#1844 = FACE_OUTER_BOUND ( 'NONE', #250, .T. ) ;
#1845 = VERTEX_POINT ( 'NONE', #305 ) ;
#1846 = EDGE_CURVE ( 'NONE', #11, #244, #889, .T. ) ;
#1847 = EDGE_CURVE ( 'NONE', #827, #2139, #1589, .T. ) ;
#1848 = ORIENTED_EDGE ( 'NONE', *, *, #514, .T. ) ;
#1849 = LINE ( 'NONE', #2398, #176 ) ;
#1850 = DIRECTION ( 'NONE',  ( -1.000000000000000000, -0.000000000000000000, -0.000000000000000000 ) ) ;
#1851 = CARTESIAN_POINT ( 'NONE',  ( 48.40154527623622016, -11.20000000000009344, 4.000000000000000000 ) ) ;
#1852 = DIRECTION ( 'NONE',  ( 0.7070874383580108002, 0.7071261234859779199, -0.000000000000000000 ) ) ;
#1853 = DIRECTION ( 'NONE',  ( -0.000000000000000000, 0.000000000000000000, 1.000000000000000000 ) ) ;
#1854 = VECTOR ( 'NONE', #1187, 1000.000000000000000 ) ;
#1855 = VECTOR ( 'NONE', #584, 1000.000000000000000 ) ;
#1856 = DIRECTION ( 'NONE',  ( 0.000000000000000000, -1.000000000000000000, -0.000000000000000000 ) ) ;
#1857 = VECTOR ( 'NONE', #2226, 1000.000000000000000 ) ;
#1858 = VERTEX_POINT ( 'NONE', #2140 ) ;
#1859 = VERTEX_POINT ( 'NONE', #1788 ) ;
#1860 = DIRECTION ( 'NONE',  ( -1.000000000000000000, 0.000000000000000000, 0.000000000000000000 ) ) ;
#1861 = DIRECTION ( 'NONE',  ( 0.000000000000000000, 0.000000000000000000, 1.000000000000000000 ) ) ;
#1862 = DIRECTION ( 'NONE',  ( 0.7071261234860521938, -0.7070874383579364153, 0.000000000000000000 ) ) ;
#1863 = CARTESIAN_POINT ( 'NONE',  ( 38.89154527623622926, -69.05098153569343822, 5.599999999999999645 ) ) ;
#1864 = DIRECTION ( 'NONE',  ( -1.000000000000000000, 0.000000000000000000, 0.000000000000000000 ) ) ;
#1865 = ORIENTED_EDGE ( 'NONE', *, *, #2272, .T. ) ;
#1866 = EDGE_CURVE ( 'NONE', #751, #2266, #499, .T. ) ;
#1867 = CARTESIAN_POINT ( 'NONE',  ( 10.38722908926378174, -118.2292181297286078, 5.599999999999999645 ) ) ;
#1868 = ORIENTED_EDGE ( 'NONE', *, *, #2366, .T. ) ;
#1869 = VERTEX_POINT ( 'NONE', #1800 ) ;
#1870 = DIRECTION ( 'NONE',  ( -1.000000000000000000, 0.000000000000000000, 0.000000000000000000 ) ) ;
#1871 = CARTESIAN_POINT ( 'NONE',  ( -6.587454723763779718, -18.45980132780353955, 3.199999999999969980 ) ) ;
#1872 = CARTESIAN_POINT ( 'NONE',  ( 7.697018354324194789, -124.8217424669712159, 12.24999999999999822 ) ) ;
#1873 = LINE ( 'NONE', #947, #2242 ) ;
#1874 = ORIENTED_EDGE ( 'NONE', *, *, #1226, .F. ) ;
#1875 = AXIS2_PLACEMENT_3D ( 'NONE', #1552, #249, #635 ) ;
#1876 = CARTESIAN_POINT ( 'NONE',  ( 207.5526302455077143, 0.000000000000000000, 5.599999999999999645 ) ) ;
#1877 = ORIENTED_EDGE ( 'NONE', *, *, #370, .F. ) ;
#1878 = ORIENTED_EDGE ( 'NONE', *, *, #541, .F. ) ;
#1879 = DIRECTION ( 'NONE',  ( -1.000000000000000000, 0.000000000000000000, 0.000000000000000000 ) ) ;
#1880 = EDGE_CURVE ( 'NONE', #1608, #1218, #129, .T. ) ;
#1881 = CARTESIAN_POINT ( 'NONE',  ( 207.5526302455077143, -129.6099815356934357, -1.800000000000023803 ) ) ;
#1882 = FACE_OUTER_BOUND ( 'NONE', #246, .T. ) ;
#1883 = DIRECTION ( 'NONE',  ( 0.000000000000000000, 0.000000000000000000, 1.000000000000000000 ) ) ;
#1884 = VERTEX_POINT ( 'NONE', #1434 ) ;
#1885 = PLANE ( 'NONE',  #1626 ) ;
#1886 = DIRECTION ( 'NONE',  ( 0.000000000000000000, -1.000000000000000000, 0.000000000000000000 ) ) ;
#1887 = ORIENTED_EDGE ( 'NONE', *, *, #1373, .F. ) ;
#1888 = AXIS2_PLACEMENT_3D ( 'NONE', #1645, #2379, #1916 ) ;
#1889 = ADVANCED_FACE ( 'NONE', ( #2177 ), #507, .F. ) ;
#1890 = AXIS2_PLACEMENT_3D ( 'NONE', #961, #226, #973 ) ;
#1891 = VERTEX_POINT ( 'NONE', #1443 ) ;
#1892 = EDGE_LOOP ( 'NONE', ( #843, #1092, #385, #2305 ) ) ;
#1893 = EDGE_LOOP ( 'NONE', ( #1878, #2023, #1284, #260, #2016 ) ) ;
#1894 = CONICAL_SURFACE ( 'NONE', #809, 5.400000000000002132, 0.7853981633974479459 ) ;
#1895 = FACE_OUTER_BOUND ( 'NONE', #2112, .T. ) ;
#1896 = DIRECTION ( 'NONE',  ( -1.000000000000000000, 0.000000000000000000, 0.000000000000000000 ) ) ;
#1897 = ORIENTED_EDGE ( 'NONE', *, *, #1134, .T. ) ;
#1898 = LINE ( 'NONE', #2118, #1463 ) ;
#1899 = FACE_OUTER_BOUND ( 'NONE', #562, .T. ) ;
#1900 = AXIS2_PLACEMENT_3D ( 'NONE', #1294, #1116, #1860 ) ;
#1901 = ORIENTED_EDGE ( 'NONE', *, *, #850, .T. ) ;
#1902 = ORIENTED_EDGE ( 'NONE', *, *, #596, .F. ) ;
#1903 = DIRECTION ( 'NONE',  ( 0.7071261234859778089, -0.7070874383580106892, 0.000000000000000000 ) ) ;
#1904 = EDGE_CURVE ( 'NONE', #224, #1397, #2187, .T. ) ;
#1905 = LINE ( 'NONE', #1677, #2355 ) ;
#1906 = EDGE_LOOP ( 'NONE', ( #138, #587, #1660, #428, #2256, #2362, #2060, #404 ) ) ;
#1907 = DIRECTION ( 'NONE',  ( 0.000000000000000000, -1.000000000000000000, 0.000000000000000000 ) ) ;
#1908 = CARTESIAN_POINT ( 'NONE',  ( 3.968545276236235875, -115.9542181297286163, -0.1499999999999999667 ) ) ;
#1909 = ORIENTED_EDGE ( 'NONE', *, *, #621, .F. ) ;
#1910 = ADVANCED_FACE ( 'NONE', ( #1084 ), #722, .T. ) ;
#1911 = ORIENTED_EDGE ( 'NONE', *, *, #1808, .F. ) ;
#1912 = ORIENTED_EDGE ( 'NONE', *, *, #449, .T. ) ;
#1913 = EDGE_CURVE ( 'NONE', #1044, #51, #2375, .T. ) ;
#1914 = ORIENTED_EDGE ( 'NONE', *, *, #929, .F. ) ;
#1915 = DIRECTION ( 'NONE',  ( 0.7070874383580125766, 0.7071261234859760325, -0.000000000000000000 ) ) ;
#1916 = DIRECTION ( 'NONE',  ( 1.000000000000000000, 0.000000000000000000, -0.000000000000000000 ) ) ;
#1917 = CARTESIAN_POINT ( 'NONE',  ( 34.90154527623621306, -4.500000000000046185, 5.599999999999999645 ) ) ;
#1918 = ORIENTED_EDGE ( 'NONE', *, *, #1134, .F. ) ;
#1919 = FACE_OUTER_BOUND ( 'NONE', #422, .T. ) ;
#1920 = CARTESIAN_POINT ( 'NONE',  ( -6.587454723763779718, -98.45980132780354666, 5.199999999999970868 ) ) ;
#1921 = DIRECTION ( 'NONE',  ( -1.000000000000000000, 0.000000000000000000, 0.000000000000000000 ) ) ;
#1922 = ORIENTED_EDGE ( 'NONE', *, *, #1332, .T. ) ;
#1923 = ORIENTED_EDGE ( 'NONE', *, *, #2036, .F. ) ;
#1924 = CIRCLE ( 'NONE', #651, 6.250000000000000000 ) ;
#1925 = VERTEX_POINT ( 'NONE', #2198 ) ;
#1926 = VECTOR ( 'NONE', #380, 1000.000000000000000 ) ;
#1927 = AXIS2_PLACEMENT_3D ( 'NONE', #1333, #1048, #1953 ) ;
#1928 = APPROVAL_DATE_TIME ( #1186, #392 ) ;
#1929 = CARTESIAN_POINT ( 'NONE',  ( 33.49154527623622357, -69.05098153569343822, 5.599999999999999645 ) ) ;
#1930 = AXIS2_PLACEMENT_3D ( 'NONE', #97, #282, #1423 ) ;
#1931 = FACE_OUTER_BOUND ( 'NONE', #2072, .T. ) ;
#1932 = ORIENTED_EDGE ( 'NONE', *, *, #2244, .F. ) ;
#1933 = DIRECTION ( 'NONE',  ( 0.000000000000000000, -0.000000000000000000, 1.000000000000000000 ) ) ;
#1934 = CARTESIAN_POINT ( 'NONE',  ( 10.38722908926378174, -118.2292181297286078, 5.599999999999999645 ) ) ;
#1935 = CARTESIAN_POINT ( 'NONE',  ( 10.68042987029309820, -127.8049907678467321, 12.24999999999999822 ) ) ;
#1936 = ORIENTED_EDGE ( 'NONE', *, *, #1580, .F. ) ;
#1937 = EDGE_CURVE ( 'NONE', #1942, #1884, #2002, .T. ) ;
#1938 = CARTESIAN_POINT ( 'NONE',  ( 132.6322410603347350, -127.8049907678467321, 10.75000000000000000 ) ) ;
#1939 = PERSON_AND_ORGANIZATION ( #1966, #1121 ) ;
#1940 = DIRECTION ( 'NONE',  ( 0.000000000000000000, -1.000000000000000000, 0.000000000000000000 ) ) ;
#1941 = DIRECTION ( 'NONE',  ( 1.000000000000000000, 0.000000000000000000, 0.000000000000000000 ) ) ;
#1942 = VERTEX_POINT ( 'NONE', #270 ) ;
#1943 = EDGE_CURVE ( 'NONE', #1402, #1326, #1543, .T. ) ;
#1944 = DIRECTION ( 'NONE',  ( 0.000000000000000000, -1.000000000000000000, 0.000000000000000000 ) ) ;
#1945 = CARTESIAN_POINT ( 'NONE',  ( -6.587454723763779718, -18.45980132780353955, 5.199999999999970868 ) ) ;
#1946 = FACE_BOUND ( 'NONE', #529, .T. ) ;
#1947 = ORIENTED_EDGE ( 'NONE', *, *, #680, .F. ) ;
#1948 = ORIENTED_EDGE ( 'NONE', *, *, #91, .T. ) ;
#1949 = VECTOR ( 'NONE', #1993, 999.9999999999998863 ) ;
#1950 = COORDINATED_UNIVERSAL_TIME_OFFSET ( 1, 0, .AHEAD. ) ;
#1951 = DIRECTION ( 'NONE',  ( -1.000000000000000000, -0.000000000000000000, -0.000000000000000000 ) ) ;
#1952 = EDGE_CURVE ( 'NONE', #1672, #2384, #624, .T. ) ;
#1953 = DIRECTION ( 'NONE',  ( -0.7071261234860530820, 0.7070874383579355271, 0.000000000000000000 ) ) ;
#1954 = ORIENTED_EDGE ( 'NONE', *, *, #228, .F. ) ;
#1955 = LINE ( 'NONE', #309, #222 ) ;
#1956 = DIRECTION ( 'NONE',  ( -1.000000000000000000, 0.000000000000000000, 0.000000000000000000 ) ) ;
#1957 = LINE ( 'NONE', #1568, #2100 ) ;
#1958 = CARTESIAN_POINT ( 'NONE',  ( 26.65945124223093288, -109.6099815356934499, -0.2999999999999999334 ) ) ;
#1959 = ORIENTED_EDGE ( 'NONE', *, *, #2175, .F. ) ;
#1960 = LINE ( 'NONE', #2350, #104 ) ;
#1961 = ORIENTED_EDGE ( 'NONE', *, *, #1749, .T. ) ;
#1962 = EDGE_CURVE ( 'NONE', #1270, #2384, #1755, .T. ) ;
#1963 = ADVANCED_FACE ( 'NONE', ( #2289 ), #1702, .F. ) ;
#1964 = EDGE_CURVE ( 'NONE', #1218, #1833, #84, .T. ) ;
#1965 = VECTOR ( 'NONE', #123, 1000.000000000000000 ) ;
#1966 = PERSON ( 'NEURČEN', 'NEURČEN', 'NEURČEN', ('NEURČEN'), ('NEURČEN'), ('NEURČEN') ) ;
#1967 = LINE ( 'NONE', #1033, #1188 ) ;
#1968 = CIRCLE ( 'NONE', #375, 2.000000000000000888 ) ;
#1969 = DIRECTION ( 'NONE',  ( 1.000000000000000000, 0.000000000000000000, 0.000000000000000000 ) ) ;
#1970 = ORIENTED_EDGE ( 'NONE', *, *, #1703, .F. ) ;
#1971 = DIRECTION ( 'NONE',  ( 0.000000000000000000, 0.000000000000000000, 1.000000000000000000 ) ) ;
#1972 = CARTESIAN_POINT ( 'NONE',  ( 9.950549539023091583, -118.2292181297286078, 0.000000000000000000 ) ) ;
#1973 = CARTESIAN_POINT ( 'NONE',  ( 34.90154527623621306, -4.500000000000046185, 0.000000000000000000 ) ) ;
#1974 = CARTESIAN_POINT ( 'NONE',  ( 420.0526302455077143, 3.195009232153282142, 12.24999999999999822 ) ) ;
#1975 = VECTOR ( 'NONE', #488, 1000.000000000000000 ) ;
#1976 = CARTESIAN_POINT ( 'NONE',  ( 10.68042987029309820, -127.8049907678467321, 10.75000000000000000 ) ) ;
#1977 = VECTOR ( 'NONE', #1194, 1000.000000000000000 ) ;
#1978 = CYLINDRICAL_SURFACE ( 'NONE', #1268, 3.499999999999999556 ) ;
#1979 = CARTESIAN_POINT ( 'NONE',  ( 182.5326302455077041, 2.200000000000000178, 12.24999999999999645 ) ) ;
#1980 = CARTESIAN_POINT ( 'NONE',  ( 3.968545276236235875, -115.9542181297286163, 0.9999999999999931166 ) ) ;
#1981 = ADVANCED_FACE ( 'NONE', ( #1919 ), #784, .F. ) ;
#1982 = FACE_OUTER_BOUND ( 'NONE', #1093, .T. ) ;
#1983 = DIRECTION ( 'NONE',  ( 0.000000000000000000, 0.000000000000000000, -1.000000000000000000 ) ) ;
#1984 = DIRECTION ( 'NONE',  ( 0.000000000000000000, -0.000000000000000000, -1.000000000000000000 ) ) ;
#1985 = CARTESIAN_POINT ( 'NONE',  ( -0.2399816456752842941, -124.8217424669712159, 12.24999999999999822 ) ) ;
#1986 = EDGE_CURVE ( 'NONE', #2034, #1562, #1015, .T. ) ;
#1987 = ORIENTED_EDGE ( 'NONE', *, *, #586, .F. ) ;
#1988 = VERTEX_POINT ( 'NONE', #977 ) ;
#1989 = ADVANCED_FACE ( 'NONE', ( #594 ), #73, .F. ) ;
#1990 = PERSON_AND_ORGANIZATION_ROLE ( 'creator' ) ;
#1991 = LINE ( 'NONE', #94, #455 ) ;
#1992 = VECTOR ( 'NONE', #1274, 1000.000000000000000 ) ;
#1993 = DIRECTION ( 'NONE',  ( 0.7071261234859760325, -0.7070874383580125766, 0.000000000000000000 ) ) ;
#1994 = CARTESIAN_POINT ( 'NONE',  ( -0.8874547237637790964, -98.45980132780354666, 1.199999999999968425 ) ) ;
#1995 = CARTESIAN_POINT ( 'NONE',  ( 9.040344901021665436, -129.6099815356934357, -1.800000000000023803 ) ) ;
#1996 = EDGE_CURVE ( 'NONE', #117, #549, #1898, .T. ) ;
#1997 = CARTESIAN_POINT ( 'NONE',  ( -0.8874547237637790964, -98.45980132780354666, 1.199999999999968425 ) ) ;
#1998 = EDGE_LOOP ( 'NONE', ( #402, #777, #2243, #2079 ) ) ;
#1999 = CARTESIAN_POINT ( 'NONE',  ( -0.2399816456752842941, -124.8217424669712159, 12.24999999999999822 ) ) ;
#2000 = ORIENTED_EDGE ( 'NONE', *, *, #956, .F. ) ;
#2001 = ORIENTED_EDGE ( 'NONE', *, *, #91, .F. ) ;
#2002 = LINE ( 'NONE', #805, #2239 ) ;
#2003 = DIRECTION ( 'NONE',  ( 1.000000000000000000, 0.000000000000000000, 0.000000000000000000 ) ) ;
#2004 = CIRCLE ( 'NONE', #1112, 6.250000000000001776 ) ;
#2005 = LINE ( 'NONE', #200, #146 ) ;
#2006 = CARTESIAN_POINT ( 'NONE',  ( 9.230203483726629798, -118.2292181297286078, 0.6696317812145756720 ) ) ;
#2007 = AXIS2_PLACEMENT_3D ( 'NONE', #2261, #1518, #1933 ) ;
#2008 = VECTOR ( 'NONE', #528, 1000.000000000000000 ) ;
#2009 = CLOSED_SHELL ( 'NONE', ( #1212, #1963, #2119, #1412, #2099, #182, #772, #525, #877, #704, #2217, #899, #1512, #822, #550, #1640, #1323, #1630, #371, #1415, #409, #1633, #12, #195, #1529, #2263, #116, #1762, #157, #2390, #867, #982, #1126, #794, #736, #1609, #754, #297, #1201, #1458, #737, #118, #210, #443, #1451, #2059, #844, #682, #2067, #1989, #420, #471, #545, #1889, #1910, #360, #2101, #407, #925, #2249, #2171, #1030, #1636, #400, #1825, #646, #974, #187, #2389, #1530, #1981, #1664, #1739, #1561, #2381 ) ) ;
#2010 = CARTESIAN_POINT ( 'NONE',  ( -6.587454723763779718, 4.999999999999999112, 12.24999999999999822 ) ) ;
#2011 = ORIENTED_EDGE ( 'NONE', *, *, #1486, .T. ) ;
#2012 = FACE_OUTER_BOUND ( 'NONE', #1836, .T. ) ;
#2013 = CIRCLE ( 'NONE', #966, 2.000000000000001332 ) ;
#2014 = ORIENTED_EDGE ( 'NONE', *, *, #954, .F. ) ;
#2015 = EDGE_CURVE ( 'NONE', #1123, #820, #1567, .T. ) ;
#2016 = ORIENTED_EDGE ( 'NONE', *, *, #1057, .T. ) ;
#2017 = UNCERTAINTY_MEASURE_WITH_UNIT (LENGTH_MEASURE( 1.000000000000000082E-05 ), #984, 'distance_accuracy_value', 'NONE');
#2018 = CARTESIAN_POINT ( 'NONE',  ( 418.8927152147792299, 2.200000000000000178, 10.75000000000000000 ) ) ;
#2019 = DIRECTION ( 'NONE',  ( 0.000000000000000000, 0.000000000000000000, 1.000000000000000000 ) ) ;
#2020 = CARTESIAN_POINT ( 'NONE',  ( 182.5326302455077041, 3.195009232153282142, 10.75000000000000000 ) ) ;
#2021 = LINE ( 'NONE', #2010, #1696 ) ;
#2022 = EDGE_CURVE ( 'NONE', #1137, #1796, #2013, .T. ) ;
#2023 = ORIENTED_EDGE ( 'NONE', *, *, #1403, .T. ) ;
#2024 = EDGE_CURVE ( 'NONE', #717, #1925, #1347, .T. ) ;
#2025 = DIRECTION ( 'NONE',  ( 0.000000000000000000, 0.000000000000000000, 1.000000000000000000 ) ) ;
#2026 = VERTEX_POINT ( 'NONE', #649 ) ;
#2027 = LINE ( 'NONE', #1498, #1182 ) ;
#2028 = LINE ( 'NONE', #747, #1602 ) ;
#2029 = PLANE ( 'NONE',  #1540 ) ;
#2030 = DIRECTION ( 'NONE',  ( -0.000000000000000000, -0.000000000000000000, -1.000000000000000000 ) ) ;
#2031 = DIRECTION ( 'NONE',  ( 1.000000000000000000, 0.000000000000000000, 0.000000000000000000 ) ) ;
#2032 = VECTOR ( 'NONE', #723, 1000.000000000000000 ) ;
#2033 = PLANE ( 'NONE',  #655 ) ;
#2034 = VERTEX_POINT ( 'NONE', #1716 ) ;
#2035 = VERTEX_POINT ( 'NONE', #1387 ) ;
#2036 = EDGE_CURVE ( 'NONE', #1172, #2403, #1662, .T. ) ;
#2037 = LINE ( 'NONE', #30, #1461 ) ;
#2038 = CC_DESIGN_PERSON_AND_ORGANIZATION_ASSIGNMENT ( #2250, #1524, ( #1213 ) ) ;
#2039 = DIRECTION ( 'NONE',  ( 0.000000000000000000, 0.000000000000000000, -1.000000000000000000 ) ) ;
#2040 = CARTESIAN_POINT ( 'NONE',  ( 418.8927152147792299, 2.200000000000000178, 10.75000000000000000 ) ) ;
#2041 = CARTESIAN_POINT ( 'NONE',  ( 207.5526302455077143, -129.6099815356934357, 12.24999999999999822 ) ) ;
#2042 = CARTESIAN_POINT ( 'NONE',  ( 182.5322410603347123, -126.8099815356934243, 12.24999999999999645 ) ) ;
#2043 = VERTEX_POINT ( 'NONE', #429 ) ;
#2044 = AXIS2_PLACEMENT_3D ( 'NONE', #372, #1245, #1983 ) ;
#2045 = VECTOR ( 'NONE', #1886, 1000.000000000000000 ) ;
#2046 = AXIS2_PLACEMENT_3D ( 'NONE', #2337, #1441, #2185 ) ;
#2047 = PLANE ( 'NONE',  #1043 ) ;
#2048 = AXIS2_PLACEMENT_3D ( 'NONE', #427, #2107, #436 ) ;
#2049 = EDGE_LOOP ( 'NONE', ( #1363, #1748, #1521, #628 ) ) ;
#2050 = AXIS2_PLACEMENT_3D ( 'NONE', #327, #1579, #501 ) ;
#2051 = LOCAL_TIME ( 20, 17, 0.000000000000000000, #265 ) ;
#2052 = DIRECTION ( 'NONE',  ( 1.000000000000000000, 0.000000000000000000, -0.000000000000000000 ) ) ;
#2053 = DIRECTION ( 'NONE',  ( 1.000000000000000000, -0.000000000000000000, 0.000000000000000000 ) ) ;
#2054 = PLANE ( 'NONE',  #801 ) ;
#2055 = DIRECTION ( 'NONE',  ( 0.000000000000000000, 0.000000000000000000, 1.000000000000000000 ) ) ;
#2056 = ORIENTED_EDGE ( 'NONE', *, *, #901, .F. ) ;
#2057 = CARTESIAN_POINT ( 'NONE',  ( 39.89154527623624347, -69.05098153569343822, 0.000000000000000000 ) ) ;
#2058 = EDGE_LOOP ( 'NONE', ( #208, #1161, #1680, #2000, #948, #105, #2219, #159, #1911, #531, #1923, #330, #247, #1405, #1184, #1635 ) ) ;
#2059 = ADVANCED_FACE ( 'NONE', ( #251 ), #1001, .F. ) ;
#2060 = ORIENTED_EDGE ( 'NONE', *, *, #1256, .T. ) ;
#2061 = LINE ( 'NONE', #174, #1611 ) ;
#2062 = EDGE_CURVE ( 'NONE', #1735, #1562, #1369, .T. ) ;
#2063 =( NAMED_UNIT ( * ) SI_UNIT ( $, .STERADIAN. ) SOLID_ANGLE_UNIT ( ) );
#2064 = LINE ( 'NONE', #1140, #301 ) ;
#2065 = CARTESIAN_POINT ( 'NONE',  ( -4.947369754492285665, -120.1146118877603612, 12.24999999999999822 ) ) ;
#2066 = ORIENTED_EDGE ( 'NONE', *, *, #659, .T. ) ;
#2067 = ADVANCED_FACE ( 'NONE', ( #1192 ), #1885, .F. ) ;
#2068 = EDGE_CURVE ( 'NONE', #1869, #487, #2157, .T. ) ;
#2069 = EDGE_CURVE ( 'NONE', #1760, #1843, #1813, .T. ) ;
#2070 = VECTOR ( 'NONE', #2173, 1000.000000000000114 ) ;
#2071 = DIRECTION ( 'NONE',  ( 1.000000000000000000, 0.000000000000000000, 0.000000000000000000 ) ) ;
#2072 = EDGE_LOOP ( 'NONE', ( #859, #395, #1780, #1136 ) ) ;
#2073 = ORIENTED_EDGE ( 'NONE', *, *, #712, .F. ) ;
#2074 = ORIENTED_EDGE ( 'NONE', *, *, #1232, .F. ) ;
#2075 = ORIENTED_EDGE ( 'NONE', *, *, #2024, .F. ) ;
#2076 = APPROVAL_ROLE ( '' ) ;
#2077 = PLANE ( 'NONE',  #764 ) ;
#2078 = CARTESIAN_POINT ( 'NONE',  ( 12.76812274805451608, -120.6099815356934357, 5.599999999999999645 ) ) ;
#2079 = ORIENTED_EDGE ( 'NONE', *, *, #189, .F. ) ;
#2080 = DIRECTION ( 'NONE',  ( 0.000000000000000000, 0.000000000000000000, 1.000000000000000000 ) ) ;
#2081 = LINE ( 'NONE', #25, #257 ) ;
#2082 = VERTEX_POINT ( 'NONE', #1994 ) ;
#2083 = AXIS2_PLACEMENT_3D ( 'NONE', #924, #2388, #915 ) ;
#2084 = AXIS2_PLACEMENT_3D ( 'NONE', #1810, #673, #519 ) ;
#2085 = VECTOR ( 'NONE', #38, 1000.000000000000000 ) ;
#2086 = APPLICATION_CONTEXT ( 'configuration controlled 3d designs of mechanical parts and assemblies' ) ;
#2087 = ORIENTED_EDGE ( 'NONE', *, *, #2271, .T. ) ;
#2088 = ORIENTED_EDGE ( 'NONE', *, *, #518, .T. ) ;
#2089 = EDGE_CURVE ( 'NONE', #981, #549, #1219, .T. ) ;
#2090 = ORIENTED_EDGE ( 'NONE', *, *, #33, .T. ) ;
#2091 = AXIS2_PLACEMENT_3D ( 'NONE', #109, #1252, #1604 ) ;
#2092 = CYLINDRICAL_SURFACE ( 'NONE', #343, 2.000000000000001332 ) ;
#2093 = DIRECTION ( 'NONE',  ( -0.000000000000000000, -1.000000000000000000, -0.000000000000000000 ) ) ;
#2094 = EDGE_CURVE ( 'NONE', #1843, #1859, #1631, .T. ) ;
#2095 = DIRECTION ( 'NONE',  ( -0.000000000000000000, -0.000000000000000000, -1.000000000000000000 ) ) ;
#2096 = ORIENTED_EDGE ( 'NONE', *, *, #949, .F. ) ;
#2097 = DIRECTION ( 'NONE',  ( 0.000000000000000000, -1.000000000000000000, 0.000000000000000000 ) ) ;
#2098 = CARTESIAN_POINT ( 'NONE',  ( 42.65154527623621306, 19.32654878189440595, 4.000000000000000000 ) ) ;
#2099 = ADVANCED_FACE ( 'NONE', ( #1230 ), #1894, .T. ) ;
#2100 = VECTOR ( 'NONE', #1210, 1000.000000000000000 ) ;
#2101 = ADVANCED_FACE ( 'NONE', ( #1436 ), #1445, .T. ) ;
#2102 = ORIENTED_EDGE ( 'NONE', *, *, #1560, .T. ) ;
#2103 = EDGE_LOOP ( 'NONE', ( #753, #1835, #2197, #483 ) ) ;
#2104 = EDGE_LOOP ( 'NONE', ( #475, #1657, #1067, #1329 ) ) ;
#2105 = FACE_OUTER_BOUND ( 'NONE', #991, .T. ) ;
#2106 = CARTESIAN_POINT ( 'NONE',  ( -6.587454723763779718, 4.999999999999999112, -1.800000000000023803 ) ) ;
#2107 = DIRECTION ( 'NONE',  ( 0.000000000000000000, 0.000000000000000000, -1.000000000000000000 ) ) ;
#2108 = VERTEX_POINT ( 'NONE', #676 ) ;
#2109 = CARTESIAN_POINT ( 'NONE',  ( 13.41254527623619808, -15.00000000000000178, -0.2999999999999999334 ) ) ;
#2110 = LINE ( 'NONE', #439, #766 ) ;
#2111 = ORIENTED_EDGE ( 'NONE', *, *, #393, .F. ) ;
#2112 = EDGE_LOOP ( 'NONE', ( #1368, #577, #321, #366 ) ) ;
#2113 = LINE ( 'NONE', #1354, #773 ) ;
#2114 = DIRECTION ( 'NONE',  ( -0.000000000000000000, -0.000000000000000000, 1.000000000000000000 ) ) ;
#2115 = EDGE_CURVE ( 'NONE', #1695, #1218, #864, .T. ) ;
#2116 = FACE_OUTER_BOUND ( 'NONE', #386, .T. ) ;
#2117 = ORIENTED_EDGE ( 'NONE', *, *, #2024, .T. ) ;
#2118 = CARTESIAN_POINT ( 'NONE',  ( 207.5526302455077143, 0.000000000000000000, 10.75000000000000000 ) ) ;
#2119 = ADVANCED_FACE ( 'NONE', ( #1792 ), #1072, .F. ) ;
#2120 = CARTESIAN_POINT ( 'NONE',  ( 42.65154527623621306, -4.000000000000000000, 4.000000000000000000 ) ) ;
#2121 = ORIENTED_EDGE ( 'NONE', *, *, #1158, .T. ) ;
#2122 = EDGE_LOOP ( 'NONE', ( #1708, #1766 ) ) ;
#2123 = AXIS2_PLACEMENT_3D ( 'NONE', #591, #80, #463 ) ;
#2124 = EDGE_LOOP ( 'NONE', ( #979, #912, #432, #1901 ) ) ;
#2125 = AXIS2_PLACEMENT_3D ( 'NONE', #1157, #989, #37 ) ;
#2126 = VECTOR ( 'NONE', #2071, 1000.000000000000000 ) ;
#2127 = ORIENTED_EDGE ( 'NONE', *, *, #524, .T. ) ;
#2128 = CIRCLE ( 'NONE', #26, 2.000000000000001776 ) ;
#2129 = CARTESIAN_POINT ( 'NONE',  ( 2.412545276236220726, -110.7832545831543456, 5.599999999999999645 ) ) ;
#2130 = AXIS2_PLACEMENT_3D ( 'NONE', #1881, #1173, #1737 ) ;
#2131 = CARTESIAN_POINT ( 'NONE',  ( 1.968545276236234765, -115.9542181297286163, -0.1499999999999999667 ) ) ;
#2132 = ORIENTED_EDGE ( 'NONE', *, *, #2238, .T. ) ;
#2133 = CARTESIAN_POINT ( 'NONE',  ( 33.65154527623621306, 2.200000000000000622, 4.000000000000000888 ) ) ;
#2134 = DIRECTION ( 'NONE',  ( -0.000000000000000000, -0.000000000000000000, -1.000000000000000000 ) ) ;
#2135 = DIRECTION ( 'NONE',  ( 0.000000000000000000, 0.000000000000000000, 1.000000000000000000 ) ) ;
#2136 = VERTEX_POINT ( 'NONE', #2180 ) ;
#2137 = DIRECTION ( 'NONE',  ( 0.7071261234860521938, -0.7070874383579364153, 0.000000000000000000 ) ) ;
#2138 = EDGE_CURVE ( 'NONE', #761, #1707, #574, .T. ) ;
#2139 = VERTEX_POINT ( 'NONE', #2344 ) ;
#2140 = CARTESIAN_POINT ( 'NONE',  ( 28.09154527623622499, -69.05098153569343822, 5.599999999999999645 ) ) ;
#2141 = PLANE ( 'NONE',  #2262 ) ;
#2142 = ORIENTED_EDGE ( 'NONE', *, *, #164, .F. ) ;
#2143 = CARTESIAN_POINT ( 'NONE',  ( 24.40154527623621306, -11.20000000000009344, 4.000000000000000000 ) ) ;
#2144 = DIRECTION ( 'NONE',  ( 0.000000000000000000, 0.000000000000000000, -1.000000000000000000 ) ) ;
#2145 = LINE ( 'NONE', #678, #1977 ) ;
#2146 = DIRECTION ( 'NONE',  ( -0.000000000000000000, -0.000000000000000000, -1.000000000000000000 ) ) ;
#2147 = EDGE_CURVE ( 'NONE', #183, #1942, #848, .T. ) ;
#2148 = EDGE_CURVE ( 'NONE', #229, #1510, #509, .T. ) ;
#2149 = EDGE_CURVE ( 'NONE', #126, #1754, #1392, .T. ) ;
#2150 = LINE ( 'NONE', #1806, #2354 ) ;
#2151 = EDGE_CURVE ( 'NONE', #1419, #812, #1465, .T. ) ;
#2152 = CIRCLE ( 'NONE', #2338, 2.000000000000000888 ) ;
#2153 = APPROVAL_ROLE ( '' ) ;
#2154 = DIRECTION ( 'NONE',  ( 0.000000000000000000, 0.000000000000000000, -1.000000000000000000 ) ) ;
#2155 = CARTESIAN_POINT ( 'NONE',  ( -0.1177956498029014282, -124.4292181297286106, 5.599999999999999645 ) ) ;
#2156 = ORIENTED_EDGE ( 'NONE', *, *, #298, .T. ) ;
#2157 = LINE ( 'NONE', #466, #888 ) ;
#2158 = FACE_OUTER_BOUND ( 'NONE', #96, .T. ) ;
#2159 = DIRECTION ( 'NONE',  ( -0.000000000000000000, 1.000000000000000000, -0.000000000000000000 ) ) ;
#2160 = DIRECTION ( 'NONE',  ( -0.000000000000000000, -0.000000000000000000, -1.000000000000000000 ) ) ;
#2161 = CARTESIAN_POINT ( 'NONE',  ( -6.587454723763779718, -18.45980132780353955, 1.199999999999968425 ) ) ;
#2162 = EDGE_CURVE ( 'NONE', #2139, #1925, #316, .T. ) ;
#2163 = AXIS2_PLACEMENT_3D ( 'NONE', #1063, #893, #855 ) ;
#2164 = VECTOR ( 'NONE', #1659, 1000.000000000000000 ) ;
#2165 = CARTESIAN_POINT ( 'NONE',  ( -1.277548757768497190, -127.2292181297286220, -1.800000000000023803 ) ) ;
#2166 = VECTOR ( 'NONE', #2215, 1000.000000000000000 ) ;
#2167 = FACE_OUTER_BOUND ( 'NONE', #1125, .T. ) ;
#2168 = ORIENTED_EDGE ( 'NONE', *, *, #595, .T. ) ;
#2169 = CARTESIAN_POINT ( 'NONE',  ( -4.947369754492285665, 3.195009232153282142, 12.24999999999999822 ) ) ;
#2170 = LINE ( 'NONE', #677, #1692 ) ;
#2171 = ADVANCED_FACE ( 'NONE', ( #477 ), #1036, .F. ) ;
#2172 = AXIS2_PLACEMENT_3D ( 'NONE', #1743, #816, #638 ) ;
#2173 = DIRECTION ( 'NONE',  ( 0.7071261234859760325, -0.7070874383580125766, 0.000000000000000000 ) ) ;
#2174 = PLANE ( 'NONE',  #568 ) ;
#2175 = EDGE_CURVE ( 'NONE', #2266, #632, #1955, .T. ) ;
#2176 = LINE ( 'NONE', #1238, #696 ) ;
#2177 = FACE_OUTER_BOUND ( 'NONE', #291, .T. ) ;
#2178 = EDGE_CURVE ( 'NONE', #454, #2317, #1767, .T. ) ;
#2179 = DIRECTION ( 'NONE',  ( -1.000000000000000000, 0.000000000000000000, 0.000000000000000000 ) ) ;
#2180 = CARTESIAN_POINT ( 'NONE',  ( 182.5326302455077041, 3.195009232153282142, 12.24999999999999822 ) ) ;
#2181 = DIRECTION ( 'NONE',  ( 0.000000000000000000, 1.000000000000000000, 0.000000000000000000 ) ) ;
#2182 = PLANE ( 'NONE',  #20 ) ;
#2183 = LINE ( 'NONE', #1997, #1926 ) ;
#2184 = ORIENTED_EDGE ( 'NONE', *, *, #163, .T. ) ;
#2185 = DIRECTION ( 'NONE',  ( 1.000000000000000000, 0.000000000000000000, 0.000000000000000000 ) ) ;
#2186 = ORIENTED_EDGE ( 'NONE', *, *, #2148, .T. ) ;
#2187 = LINE ( 'NONE', #338, #217 ) ;
#2188 = AXIS2_PLACEMENT_3D ( 'NONE', #1488, #2039, #1235 ) ;
#2189 = LINE ( 'NONE', #340, #2032 ) ;
#2190 = CARTESIAN_POINT ( 'NONE',  ( -1.277548757768496301, -127.2292181297286220, 12.24999999999999822 ) ) ;
#2191 = CARTESIAN_POINT ( 'NONE',  ( -0.8874547237637790964, -98.45980132780354666, 3.199999999999969980 ) ) ;
#2192 = EDGE_CURVE ( 'NONE', #1090, #2, #67, .T. ) ;
#2193 = LINE ( 'NONE', #750, #2166 ) ;
#2194 = EDGE_CURVE ( 'NONE', #2136, #1510, #534, .T. ) ;
#2195 = ORIENTED_EDGE ( 'NONE', *, *, #1499, .T. ) ;
#2196 = CYLINDRICAL_SURFACE ( 'NONE', #1234, 2.000000000000000888 ) ;
#2197 = ORIENTED_EDGE ( 'NONE', *, *, #81, .T. ) ;
#2198 = CARTESIAN_POINT ( 'NONE',  ( 207.5526302455077143, -120.6099815356934357, 5.599999999999999645 ) ) ;
#2199 = EDGE_CURVE ( 'NONE', #1509, #1672, #2233, .T. ) ;
#2200 = DIRECTION ( 'NONE',  ( 0.000000000000000000, 0.000000000000000000, -1.000000000000000000 ) ) ;
#2201 = VECTOR ( 'NONE', #364, 1000.000000000000000 ) ;
#2202 = LINE ( 'NONE', #2400, #699 ) ;
#2203 = PLANE ( 'NONE',  #2083 ) ;
#2204 = AXIS2_PLACEMENT_3D ( 'NONE', #2109, #828, #1168 ) ;
#2205 = VECTOR ( 'NONE', #1637, 1000.000000000000000 ) ;
#2206 = VECTOR ( 'NONE', #1056, 1000.000000000000000 ) ;
#2207 = CARTESIAN_POINT ( 'NONE',  ( -6.587454723763779718, -121.9196026556070791, 12.24999999999999822 ) ) ;
#2208 = CARTESIAN_POINT ( 'NONE',  ( 37.90154527623621306, -3.999999999999999112, 0.4999999999999995559 ) ) ;
#2209 = CIRCLE ( 'NONE', #2359, 3.499999999999999556 ) ;
#2210 = ORIENTED_EDGE ( 'NONE', *, *, #1160, .T. ) ;
#2211 = ORIENTED_EDGE ( 'NONE', *, *, #41, .F. ) ;
#2212 = CARTESIAN_POINT ( 'NONE',  ( 207.5526302455077143, 4.999999999999999112, -1.800000000000023803 ) ) ;
#2213 = DIRECTION ( 'NONE',  ( -0.000000000000000000, -0.000000000000000000, -1.000000000000000000 ) ) ;
#2214 = CARTESIAN_POINT ( 'NONE',  ( 12.76812274805451608, -120.6099815356934357, 5.599999999999999645 ) ) ;
#2215 = DIRECTION ( 'NONE',  ( -0.000000000000000000, -0.000000000000000000, 1.000000000000000000 ) ) ;
#2216 = VERTEX_POINT ( 'NONE', #1296 ) ;
#2217 = ADVANCED_FACE ( 'NONE', ( #341 ), #388, .T. ) ;
#2218 = FACE_OUTER_BOUND ( 'NONE', #204, .T. ) ;
#2219 = ORIENTED_EDGE ( 'NONE', *, *, #2373, .T. ) ;
#2220 = EDGE_CURVE ( 'NONE', #1843, #1509, #521, .T. ) ;
#2221 = ORIENTED_EDGE ( 'NONE', *, *, #1943, .F. ) ;
#2222 = LINE ( 'NONE', #543, #63 ) ;
#2223 = LINE ( 'NONE', #556, #242 ) ;
#2224 = LINE ( 'NONE', #1119, #382 ) ;
#2225 = CARTESIAN_POINT ( 'NONE',  ( -3.787454723763787445, -120.7597598137749770, 5.599999999999999645 ) ) ;
#2226 = DIRECTION ( 'NONE',  ( 0.000000000000000000, 1.000000000000000000, 0.000000000000000000 ) ) ;
#2227 = EDGE_LOOP ( 'NONE', ( #1511, #1902, #835, #563 ) ) ;
#2228 = DIRECTION ( 'NONE',  ( -1.000000000000000000, 0.000000000000000000, 0.000000000000000000 ) ) ;
#2229 = ORIENTED_EDGE ( 'NONE', *, *, #2199, .F. ) ;
#2230 = ORIENTED_EDGE ( 'NONE', *, *, #712, .T. ) ;
#2231 = CARTESIAN_POINT ( 'NONE',  ( 10.20009800898741759, -126.8099815356934243, 5.599999999999999645 ) ) ;
#2232 = DIRECTION ( 'NONE',  ( -0.000000000000000000, -0.000000000000000000, 1.000000000000000000 ) ) ;
#2233 = LINE ( 'NONE', #2190, #1431 ) ;
#2234 = PLANE ( 'NONE',  #840 ) ;
#2235 = AXIS2_PLACEMENT_3D ( 'NONE', #933, #1673, #5 ) ;
#2236 = CARTESIAN_POINT ( 'NONE',  ( -0.2399816456752842941, -124.8217424669712159, 12.24999999999999822 ) ) ;
#2237 = ORIENTED_EDGE ( 'NONE', *, *, #1103, .F. ) ;
#2238 = EDGE_CURVE ( 'NONE', #2, #1090, #263, .T. ) ;
#2239 = VECTOR ( 'NONE', #438, 1000.000000000000000 ) ;
#2240 = VECTOR ( 'NONE', #430, 1000.000000000000000 ) ;
#2241 = DIRECTION ( 'NONE',  ( 0.000000000000000000, -0.000000000000000000, 1.000000000000000000 ) ) ;
#2242 = VECTOR ( 'NONE', #1166, 1000.000000000000000 ) ;
#2243 = ORIENTED_EDGE ( 'NONE', *, *, #1709, .F. ) ;
#2244 = EDGE_CURVE ( 'NONE', #350, #444, #569, .T. ) ;
#2245 = VECTOR ( 'NONE', #854, 1000.000000000000000 ) ;
#2246 = ORIENTED_EDGE ( 'NONE', *, *, #1058, .F. ) ;
#2247 = LINE ( 'NONE', #555, #1148 ) ;
#2248 = EDGE_CURVE ( 'NONE', #1196, #72, #2282, .T. ) ;
#2249 = ADVANCED_FACE ( 'NONE', ( #352 ), #1106, .F. ) ;
#2250 = PERSON_AND_ORGANIZATION ( #1966, #1121 ) ;
#2251 = DIRECTION ( 'NONE',  ( -0.000000000000000000, -0.000000000000000000, -1.000000000000000000 ) ) ;
#2252 = DIRECTION ( 'NONE',  ( -0.000000000000000000, -0.000000000000000000, -1.000000000000000000 ) ) ;
#2253 = ORIENTED_EDGE ( 'NONE', *, *, #441, .F. ) ;
#2254 = CARTESIAN_POINT ( 'NONE',  ( 132.6326302455076984, 2.199999999999997069, 12.24999999999999645 ) ) ;
#2255 = ORIENTED_EDGE ( 'NONE', *, *, #348, .T. ) ;
#2256 = ORIENTED_EDGE ( 'NONE', *, *, #495, .T. ) ;
#2257 = DIRECTION ( 'NONE',  ( 1.000000000000000000, 0.000000000000000000, 0.000000000000000000 ) ) ;
#2258 = CARTESIAN_POINT ( 'NONE',  ( 1.968545276236234765, -115.9542181297286163, -0.1499999999999999667 ) ) ;
#2259 = FACE_OUTER_BOUND ( 'NONE', #1000, .T. ) ;
#2260 = ORIENTED_EDGE ( 'NONE', *, *, #2089, .T. ) ;
#2261 = CARTESIAN_POINT ( 'NONE',  ( 34.90154527623621306, -4.500000000000046185, 5.599999999999999645 ) ) ;
#2262 = AXIS2_PLACEMENT_3D ( 'NONE', #2331, #674, #290 ) ;
#2263 = ADVANCED_FACE ( 'NONE', ( #1095 ), #2029, .T. ) ;
#2264 = CARTESIAN_POINT ( 'NONE',  ( 207.5526302455077143, 3.195009232153282142, 10.75000000000000000 ) ) ;
#2265 = ORIENTED_EDGE ( 'NONE', *, *, #1457, .F. ) ;
#2266 = VERTEX_POINT ( 'NONE', #1644 ) ;
#2267 = ORIENTED_EDGE ( 'NONE', *, *, #1759, .F. ) ;
#2268 = ORIENTED_EDGE ( 'NONE', *, *, #2272, .F. ) ;
#2269 = DIRECTION ( 'NONE',  ( 0.000000000000000000, 0.000000000000000000, 1.000000000000000000 ) ) ;
#2270 = CARTESIAN_POINT ( 'NONE',  ( 28.09154527623622499, -69.05098153569343822, 1.000000000000015543 ) ) ;
#2271 = EDGE_CURVE ( 'NONE', #2108, #2317, #18, .T. ) ;
#2272 = EDGE_CURVE ( 'NONE', #1142, #1596, #2005, .T. ) ;
#2273 = CARTESIAN_POINT ( 'NONE',  ( 32.90945124223093643, -109.6099815356934499, -0.2999999999999999334 ) ) ;
#2274 = EDGE_LOOP ( 'NONE', ( #198, #686, #431, #1970 ) ) ;
#2275 = DIRECTION ( 'NONE',  ( 0.000000000000000000, 0.000000000000000000, -1.000000000000000000 ) ) ;
#2276 = CYLINDRICAL_SURFACE ( 'NONE', #1151, 2.000000000000000888 ) ;
#2277 = ORIENTED_EDGE ( 'NONE', *, *, #479, .T. ) ;
#2278 = AXIS2_PLACEMENT_3D ( 'NONE', #489, #522, #1593 ) ;
#2279 = CIRCLE ( 'NONE', #1536, 6.250000000000001776 ) ;
#2280 = VECTOR ( 'NONE', #86, 1000.000000000000000 ) ;
#2281 = EDGE_LOOP ( 'NONE', ( #225, #1912, #1959, #255, #1472 ) ) ;
#2282 = CIRCLE ( 'NONE', #1239, 3.499999999999999556 ) ;
#2283 = ORIENTED_EDGE ( 'NONE', *, *, #267, .T. ) ;
#2284 = AXIS2_PLACEMENT_3D ( 'NONE', #546, #1312, #1839 ) ;
#2285 = LINE ( 'NONE', #633, #459 ) ;
#2286 = PLANE ( 'NONE',  #1658 ) ;
#2287 = CARTESIAN_POINT ( 'NONE',  ( 37.90154527623621306, 4.499999999999952927, 5.599999999999999645 ) ) ;
#2288 = ORIENTED_EDGE ( 'NONE', *, *, #2062, .T. ) ;
#2289 = FACE_OUTER_BOUND ( 'NONE', #1464, .T. ) ;
#2290 = CARTESIAN_POINT ( 'NONE',  ( 35.49154527623623068, -69.05098153569343822, -0.1499999999999999667 ) ) ;
#2291 = VERTEX_POINT ( 'NONE', #945 ) ;
#2292 = ORIENTED_EDGE ( 'NONE', *, *, #1996, .T. ) ;
#2293 = VERTEX_POINT ( 'NONE', #1686 ) ;
#2294 = EDGE_CURVE ( 'NONE', #224, #197, #557, .T. ) ;
#2295 = ORIENTED_EDGE ( 'NONE', *, *, #1256, .F. ) ;
#2296 = PLANE ( 'NONE',  #28 ) ;
#2297 = LINE ( 'NONE', #2258, #606 ) ;
#2298 = CARTESIAN_POINT ( 'NONE',  ( 19.66254527623619808, -15.00000000000000178, -1.800000000000000044 ) ) ;
#2299 = ORIENTED_EDGE ( 'NONE', *, *, #1300, .T. ) ;
#2300 = CARTESIAN_POINT ( 'NONE',  ( 12.76812274805451608, -120.6099815356934357, 5.599999999999999645 ) ) ;
#2301 = LINE ( 'NONE', #1179, #1138 ) ;
#2302 = VECTOR ( 'NONE', #2232, 1000.000000000000000 ) ;
#2303 = ORIENTED_EDGE ( 'NONE', *, *, #1065, .T. ) ;
#2304 = ORIENTED_EDGE ( 'NONE', *, *, #1943, .T. ) ;
#2305 = ORIENTED_EDGE ( 'NONE', *, *, #275, .T. ) ;
#2306 = DIRECTION ( 'NONE',  ( 0.000000000000000000, 1.000000000000000000, 0.000000000000000000 ) ) ;
#2307 = FACE_OUTER_BOUND ( 'NONE', #1906, .T. ) ;
#2308 = EDGE_LOOP ( 'NONE', ( #1474, #232, #730, #1334 ) ) ;
#2309 = DIRECTION ( 'NONE',  ( -1.000000000000000000, 0.000000000000000000, 0.000000000000000000 ) ) ;
#2310 = CARTESIAN_POINT ( 'NONE',  ( 33.65154527623621306, 2.200000000000000622, 7.499999999999999112 ) ) ;
#2311 = DIRECTION ( 'NONE',  ( -1.000000000000000000, 0.000000000000000000, 0.000000000000000000 ) ) ;
#2312 = ORIENTED_EDGE ( 'NONE', *, *, #1551, .F. ) ;
#2313 = EDGE_CURVE ( 'NONE', #971, #349, #2224, .T. ) ;
#2314 = PRODUCT_DEFINITION_SHAPE ( 'NONE', 'NONE',  #166 ) ;
#2315 = CARTESIAN_POINT ( 'NONE',  ( 24.40154527623621306, -4.000000000000000000, 5.599999999999999645 ) ) ;
#2316 = VECTOR ( 'NONE', #2181, 1000.000000000000000 ) ;
#2317 = VERTEX_POINT ( 'NONE', #1086 ) ;
#2318 = APPROVAL_DATE_TIME ( #1249, #136 ) ;
#2319 = CARTESIAN_POINT ( 'NONE',  ( 31.49154527623622357, -69.05098153569343822, -0.1499999999999999667 ) ) ;
#2320 = EDGE_CURVE ( 'NONE', #612, #1612, #2387, .T. ) ;
#2321 = VECTOR ( 'NONE', #714, 1000.000000000000000 ) ;
#2322 = CARTESIAN_POINT ( 'NONE',  ( 2.412545276236220726, -110.7832545831543456, 0.9999999999999931166 ) ) ;
#2323 = EDGE_LOOP ( 'NONE', ( #952, #931 ) ) ;
#2324 = DIRECTION ( 'NONE',  ( 1.000000000000000000, 0.000000000000000000, 0.000000000000000000 ) ) ;
#2325 = CARTESIAN_POINT ( 'NONE',  ( 207.5526302455077143, -127.8049907678467321, 12.24999999999999822 ) ) ;
#2326 = CARTESIAN_POINT ( 'NONE',  ( 39.15154527623622016, 4.999999999999999112, 7.500000000000000000 ) ) ;
#2327 = DIRECTION ( 'NONE',  ( 1.000000000000000000, 0.000000000000000000, -0.000000000000000000 ) ) ;
#2328 = ORIENTED_EDGE ( 'NONE', *, *, #2148, .F. ) ;
#2329 = CARTESIAN_POINT ( 'NONE',  ( -0.8874547237637790964, -18.45980132780353955, 5.199999999999970868 ) ) ;
#2330 = PLANE ( 'NONE',  #2084 ) ;
#2331 = CARTESIAN_POINT ( 'NONE',  ( -4.947369754492285665, -120.1146118877603612, 12.24999999999999822 ) ) ;
#2332 = ORIENTED_EDGE ( 'NONE', *, *, #1377, .T. ) ;
#2333 = DIRECTION ( 'NONE',  ( 1.000000000000000000, 0.000000000000000000, 0.000000000000000000 ) ) ;
#2334 = CARTESIAN_POINT ( 'NONE',  ( 7.819204350196701014, -124.4292181297286248, 5.599999999999999645 ) ) ;
#2335 = CARTESIAN_POINT ( 'NONE',  ( -0.1177956498029014282, -124.4292181297286106, 10.75000000000000000 ) ) ;
#2336 = EDGE_CURVE ( 'NONE', #1562, #820, #2202, .T. ) ;
#2337 = CARTESIAN_POINT ( 'NONE',  ( 0.000000000000000000, 0.000000000000000000, 5.599999999999999645 ) ) ;
#2338 = AXIS2_PLACEMENT_3D ( 'NONE', #1421, #862, #474 ) ;
#2339 = EDGE_CURVE ( 'NONE', #1397, #1170, #2209, .T. ) ;
#2340 = PERSON_AND_ORGANIZATION_ROLE ( 'classification_officer' ) ;
#2341 = CARTESIAN_POINT ( 'NONE',  ( -6.587454723763779718, -121.9196026556070791, -1.800000000000023803 ) ) ;
#2342 = DIRECTION ( 'NONE',  ( -0.000000000000000000, -0.000000000000000000, -1.000000000000000000 ) ) ;
#2343 = ORIENTED_EDGE ( 'NONE', *, *, #1580, .T. ) ;
#2344 = CARTESIAN_POINT ( 'NONE',  ( 207.5526302455077143, -120.6099815356934357, 0.000000000000000000 ) ) ;
#2345 = DIRECTION ( 'NONE',  ( -1.000000000000000000, 0.000000000000000000, 0.000000000000000000 ) ) ;
#2346 = EDGE_CURVE ( 'NONE', #173, #229, #1489, .T. ) ;
#2347 = DIRECTION ( 'NONE',  ( 0.7070874383580125766, 0.7071261234859760325, 0.000000000000000000 ) ) ;
#2348 = DIRECTION ( 'NONE',  ( -1.000000000000000000, 0.000000000000000000, 0.000000000000000000 ) ) ;
#2349 = EDGE_LOOP ( 'NONE', ( #1578, #1918, #194, #783 ) ) ;
#2350 = CARTESIAN_POINT ( 'NONE',  ( 2.450229089263784577, -118.2292181297286078, 5.599999999999999645 ) ) ;
#2351 = ORIENTED_EDGE ( 'NONE', *, *, #7, .F. ) ;
#2352 = VECTOR ( 'NONE', #1220, 1000.000000000000000 ) ;
#2353 = DIRECTION ( 'NONE',  ( -1.000000000000000000, -0.000000000000000000, -0.000000000000000000 ) ) ;
#2354 = VECTOR ( 'NONE', #1797, 1000.000000000000000 ) ;
#2355 = VECTOR ( 'NONE', #239, 1000.000000000000114 ) ;
#2356 = DIRECTION ( 'NONE',  ( 1.000000000000000000, 0.000000000000000000, 0.000000000000000000 ) ) ;
#2357 = DIRECTION ( 'NONE',  ( -1.000000000000000000, 0.000000000000000000, 0.000000000000000000 ) ) ;
#2358 = CYLINDRICAL_SURFACE ( 'NONE', #2163, 2.000000000000001332 ) ;
#2359 = AXIS2_PLACEMENT_3D ( 'NONE', #191, #1675, #1262 ) ;
#2360 = CARTESIAN_POINT ( 'NONE',  ( 33.65154527623621306, -4.500000000000046185, 0.4999999999999995559 ) ) ;
#2361 = DIRECTION ( 'NONE',  ( 0.7071261234860530820, -0.7070874383579356381, 0.000000000000000000 ) ) ;
#2362 = ORIENTED_EDGE ( 'NONE', *, *, #1866, .F. ) ;
#2363 = ORIENTED_EDGE ( 'NONE', *, *, #2178, .T. ) ;
#2364 = ORIENTED_EDGE ( 'NONE', *, *, #1964, .F. ) ;
#2365 = DIRECTION ( 'NONE',  ( -0.000000000000000000, -0.000000000000000000, 1.000000000000000000 ) ) ;
#2366 = EDGE_CURVE ( 'NONE', #72, #1172, #2285, .T. ) ;
#2367 = LINE ( 'NONE', #1979, #681 ) ;
#2368 = CARTESIAN_POINT ( 'NONE',  ( -1.277548757768496301, -127.2292181297286220, -1.800000000000023803 ) ) ;
#2369 = DIRECTION ( 'NONE',  ( -0.000000000000000000, -0.000000000000000000, -1.000000000000000000 ) ) ;
#2370 = VERTEX_POINT ( 'NONE', #972 ) ;
#2371 = DIRECTION ( 'NONE',  ( 1.000000000000000000, 0.000000000000000000, 0.000000000000000000 ) ) ;
#2372 = VERTEX_POINT ( 'NONE', #1319 ) ;
#2373 = EDGE_CURVE ( 'NONE', #1548, #2034, #2113, .T. ) ;
#2374 = MANIFOLD_SOLID_BREP ( 'Odebrat vysunut\X2\00ed\X0\m7', #2009 ) ;
#2375 = LINE ( 'NONE', #1453, #23 ) ;
#2376 = VECTOR ( 'NONE', #2159, 1000.000000000000000 ) ;
#2377 = PLANE ( 'NONE',  #398 ) ;
#2378 = DIRECTION ( 'NONE',  ( -0.000000000000000000, -1.000000000000000000, -0.000000000000000000 ) ) ;
#2379 = DIRECTION ( 'NONE',  ( 0.000000000000000000, 0.000000000000000000, 1.000000000000000000 ) ) ;
#2380 = DIRECTION ( 'NONE',  ( -0.000000000000000000, -0.000000000000000000, -1.000000000000000000 ) ) ;
#2381 = ADVANCED_FACE ( 'NONE', ( #54 ), #31, .F. ) ;
#2382 = DIRECTION ( 'NONE',  ( 0.000000000000000000, 0.000000000000000000, -1.000000000000000000 ) ) ;
#2383 = EDGE_LOOP ( 'NONE', ( #1648, #1678, #838, #2268, #161, #355 ) ) ;
#2384 = VERTEX_POINT ( 'NONE', #1514 ) ;
#2385 = DIRECTION ( 'NONE',  ( 0.000000000000000000, 0.000000000000000000, 1.000000000000000000 ) ) ;
#2386 = VECTOR ( 'NONE', #1870, 1000.000000000000000 ) ;
#2387 = LINE ( 'NONE', #739, #1273 ) ;
#2388 = DIRECTION ( 'NONE',  ( 0.000000000000000000, 1.000000000000000000, 0.000000000000000000 ) ) ;
#2389 = ADVANCED_FACE ( 'NONE', ( #433 ), #2092, .F. ) ;
#2390 = ADVANCED_FACE ( 'NONE', ( #2105 ), #2296, .T. ) ;
#2391 = AXIS2_PLACEMENT_3D ( 'NONE', #1250, #2365, #711 ) ;
#2392 = AXIS2_PLACEMENT_3D ( 'NONE', #491, #2160, #1195 ) ;
#2393 = PLANE ( 'NONE',  #259 ) ;
#2394 = ORIENTED_EDGE ( 'NONE', *, *, #1300, .F. ) ;
#2395 = CARTESIAN_POINT ( 'NONE',  ( -0.1177956498029014282, -124.4292181297286106, 10.75000000000000000 ) ) ;
#2396 = AXIS2_PLACEMENT_3D ( 'NONE', #2133, #48, #2275 ) ;
#2397 = ORIENTED_EDGE ( 'NONE', *, *, #2015, .F. ) ;
#2398 = CARTESIAN_POINT ( 'NONE',  ( 37.90154527623621306, -4.500000000000046185, 5.599999999999999645 ) ) ;
#2399 = PLANE ( 'NONE',  #201 ) ;
#2400 = CARTESIAN_POINT ( 'NONE',  ( -3.787454723763779452, -120.7597598137749770, 5.599999999999999645 ) ) ;
#2401 = DIRECTION ( 'NONE',  ( 1.000000000000000000, 0.000000000000000000, 0.000000000000000000 ) ) ;
#2402 = CYLINDRICAL_SURFACE ( 'NONE', #180, 5.400000000000000355 ) ;
#2403 = VERTEX_POINT ( 'NONE', #1501 ) ;
ENDSEC;
END-ISO-10303-21;
