ISO-10303-21;
HEADER;
FILE_DESCRIPTION (( 'STEP AP203' ),
    '1' );
FILE_NAME ('2-back.STEP',
    '2025-11-05T19:17:02',
    ( '' ),
    ( '' ),
    'SwSTEP 2.0',
    'SolidWorks 2025',
    '' );
FILE_SCHEMA (( 'CONFIG_CONTROL_DESIGN' ));
ENDSEC;

DATA;
#1 = ORIENTED_EDGE ( 'NONE', *, *, #1972, .T. ) ;
#2 = EDGE_CURVE ( 'NONE', #832, #66, #1964, .T. ) ;
#3 = DIRECTION ( 'NONE',  ( -0.000000000000000000, -0.000000000000000000, 1.000000000000000000 ) ) ;
#4 = EDGE_CURVE ( 'NONE', #379, #1042, #739, .T. ) ;
#5 = ORIENTED_EDGE ( 'NONE', *, *, #1785, .F. ) ;
#6 = CIRCLE ( 'NONE', #1589, 2.000000000000001776 ) ;
#7 = FACE_BOUND ( 'NONE', #487, .T. ) ;
#8 = VECTOR ( 'NONE', #1542, 1000.000000000000000 ) ;
#9 = LINE ( 'NONE', #632, #354 ) ;
#10 = FACE_OUTER_BOUND ( 'NONE', #1316, .T. ) ;
#11 = DIRECTION ( 'NONE',  ( -0.000000000000000000, -0.000000000000000000, -1.000000000000000000 ) ) ;
#12 = EDGE_LOOP ( 'NONE', ( #1095, #382 ) ) ;
#13 = DIRECTION ( 'NONE',  ( 1.000000000000000000, 0.000000000000000000, 0.000000000000000000 ) ) ;
#14 = VECTOR ( 'NONE', #373, 1000.000000000000000 ) ;
#15 = ORIENTED_EDGE ( 'NONE', *, *, #557, .T. ) ;
#16 = DIRECTION ( 'NONE',  ( -0.000000000000000000, 0.000000000000000000, 1.000000000000000000 ) ) ;
#17 = EDGE_LOOP ( 'NONE', ( #62, #1623, #954, #1722 ) ) ;
#18 = CARTESIAN_POINT ( 'NONE',  ( 395.4427152147791844, -15.00000000000000178, -0.2999999999999999334 ) ) ;
#19 = PLANE ( 'NONE',  #1131 ) ;
#20 = DIRECTION ( 'NONE',  ( 0.000000000000000000, 0.000000000000000000, -1.000000000000000000 ) ) ;
#21 = CARTESIAN_POINT ( 'NONE',  ( 415.9927152147791958, -98.45989286573049526, 1.199999999999983968 ) ) ;
#22 = VERTEX_POINT ( 'NONE', #1213 ) ;
#23 = AXIS2_PLACEMENT_3D ( 'NONE', #1819, #582, #451 ) ;
#24 = DIRECTION ( 'NONE',  ( 0.000000000000000000, -0.000000000000000000, -1.000000000000000000 ) ) ;
#25 = ORIENTED_EDGE ( 'NONE', *, *, #400, .F. ) ;
#26 = LINE ( 'NONE', #1583, #1005 ) ;
#27 = ORIENTED_EDGE ( 'NONE', *, *, #1288, .T. ) ;
#28 = PLANE ( 'NONE',  #1112 ) ;
#29 = LINE ( 'NONE', #777, #1043 ) ;
#30 = ADVANCED_FACE ( 'NONE', ( #1360 ), #1352, .F. ) ;
#31 = EDGE_CURVE ( 'NONE', #1823, #1910, #266, .T. ) ;
#32 = AXIS2_PLACEMENT_3D ( 'NONE', #1118, #1877, #1128 ) ;
#33 = DIRECTION ( 'NONE',  ( 1.000000000000000000, 0.000000000000000000, -0.000000000000000000 ) ) ;
#34 = DIRECTION ( 'NONE',  ( -1.000000000000000000, 0.000000000000000000, -0.000000000000000000 ) ) ;
#35 = ORIENTED_EDGE ( 'NONE', *, *, #596, .T. ) ;
#36 = FACE_OUTER_BOUND ( 'NONE', #503, .T. ) ;
#37 = ORIENTED_EDGE ( 'NONE', *, *, #1465, .F. ) ;
#38 = LINE ( 'NONE', #831, #1628 ) ;
#39 = VECTOR ( 'NONE', #1941, 1000.000000000000000 ) ;
#40 = VERTEX_POINT ( 'NONE', #1979 ) ;
#41 = CARTESIAN_POINT ( 'NONE',  ( 411.1977152147791799, -115.8793669483496274, 5.599999999999999645 ) ) ;
#42 = VECTOR ( 'NONE', #441, 1000.000000000000000 ) ;
#43 = CARTESIAN_POINT ( 'NONE',  ( 207.5526302455077143, 0.000000000000000000, 5.599999999999999645 ) ) ;
#44 = FACE_OUTER_BOUND ( 'NONE', #945, .T. ) ;
#45 = CARTESIAN_POINT ( 'NONE',  ( 282.4722410603346816, -127.8049907678467321, 62.15991928837468095 ) ) ;
#46 = VECTOR ( 'NONE', #1220, 1000.000000000000000 ) ;
#47 = ORIENTED_EDGE ( 'NONE', *, *, #1354, .F. ) ;
#48 = DIRECTION ( 'NONE',  ( -1.000000000000000000, 3.496985714454837195E-15, 0.000000000000000000 ) ) ;
#49 = VERTEX_POINT ( 'NONE', #135 ) ;
#50 = CARTESIAN_POINT ( 'NONE',  ( 232.5722410603346475, -126.8099815356934243, 10.75000000000000000 ) ) ;
#51 = EDGE_CURVE ( 'NONE', #1480, #377, #1059, .T. ) ;
#52 = CARTESIAN_POINT ( 'NONE',  ( 0.000000000000000000, 0.000000000000000000, 10.75000000000000000 ) ) ;
#53 = APPROVAL_DATE_TIME ( #1447, #605 ) ;
#54 = DIRECTION ( 'NONE',  ( 0.000000000000000000, -0.000000000000000000, -1.000000000000000000 ) ) ;
#55 = CARTESIAN_POINT ( 'NONE',  ( 401.6927152147791844, -15.00000000000000178, -0.2999999999999999334 ) ) ;
#56 = ORIENTED_EDGE ( 'NONE', *, *, #1416, .T. ) ;
#57 = DIRECTION ( 'NONE',  ( 0.7071703182436933632, 0.7070432384197683495, 0.000000000000000000 ) ) ;
#58 = AXIS2_PLACEMENT_3D ( 'NONE', #1742, #1564, #461 ) ;
#59 = AXIS2_PLACEMENT_3D ( 'NONE', #579, #1187, #1050 ) ;
#60 = ORIENTED_EDGE ( 'NONE', *, *, #1520, .F. ) ;
#61 = DIRECTION ( 'NONE',  ( -0.000000000000000000, 1.000000000000000000, -0.000000000000000000 ) ) ;
#62 = ORIENTED_EDGE ( 'NONE', *, *, #1619, .F. ) ;
#63 = CARTESIAN_POINT ( 'NONE',  ( 415.9927152147791958, -18.45989286573050236, 3.199999999999995293 ) ) ;
#64 = PLANE ( 'NONE',  #1659 ) ;
#65 = DIRECTION ( 'NONE',  ( 1.000000000000000000, 0.000000000000000000, 0.000000000000000000 ) ) ;
#66 = VERTEX_POINT ( 'NONE', #890 ) ;
#67 = CARTESIAN_POINT ( 'NONE',  ( 411.1977152147791799, -115.8793669483496274, 0.9999999999999376055 ) ) ;
#68 = EDGE_CURVE ( 'NONE', #1760, #1156, #1369, .T. ) ;
#69 = ORIENTED_EDGE ( 'NONE', *, *, #1521, .T. ) ;
#70 = DIRECTION ( 'NONE',  ( 0.000000000000000000, 1.000000000000000000, 0.000000000000000000 ) ) ;
#71 = ORIENTED_EDGE ( 'NONE', *, *, #1767, .T. ) ;
#72 = CARTESIAN_POINT ( 'NONE',  ( 12.76812274805451608, -120.6099815356934357, 5.599999999999999645 ) ) ;
#73 = LINE ( 'NONE', #43, #111 ) ;
#74 = AXIS2_PLACEMENT_3D ( 'NONE', #816, #1807, #1295 ) ;
#75 = DIRECTION ( 'NONE',  ( 1.000000000000000000, 0.000000000000000000, 0.000000000000000000 ) ) ;
#76 = DIRECTION ( 'NONE',  ( 1.000000000000000000, 0.000000000000000000, 0.000000000000000000 ) ) ;
#77 = ORIENTED_EDGE ( 'NONE', *, *, #148, .T. ) ;
#78 = DIRECTION ( 'NONE',  ( 0.000000000000000000, -0.000000000000000000, 1.000000000000000000 ) ) ;
#79 = VECTOR ( 'NONE', #1120, 1000.000000000000000 ) ;
#80 = VERTEX_POINT ( 'NONE', #1684 ) ;
#81 = EDGE_LOOP ( 'NONE', ( #1691, #457 ) ) ;
#82 = AXIS2_PLACEMENT_3D ( 'NONE', #338, #316, #156 ) ;
#83 = DIRECTION ( 'NONE',  ( 1.000000000000000000, 5.578958409373273725E-14, -0.000000000000000000 ) ) ;
#84 = CARTESIAN_POINT ( 'NONE',  ( 415.2225290942949982, -124.4293669483496956, 5.599999999999999645 ) ) ;
#85 = ORIENTED_EDGE ( 'NONE', *, *, #1501, .T. ) ;
#86 = DIRECTION ( 'NONE',  ( 0.000000000000000000, 0.000000000000000000, 1.000000000000000000 ) ) ;
#87 = EDGE_LOOP ( 'NONE', ( #992, #1618, #1206, #1851 ) ) ;
#88 = VECTOR ( 'NONE', #121, 1000.000000000000000 ) ;
#89 = AXIS2_PLACEMENT_3D ( 'NONE', #1357, #1702, #438 ) ;
#90 = ORIENTED_EDGE ( 'NONE', *, *, #280, .F. ) ;
#91 = CARTESIAN_POINT ( 'NONE',  ( 414.7420947154881787, -125.4243761805029465, 10.75000000000000000 ) ) ;
#92 = CARTESIAN_POINT ( 'NONE',  ( 207.5526302455077143, 0.000000000000000000, 10.75000000000000000 ) ) ;
#93 = LINE ( 'NONE', #1766, #455 ) ;
#94 = ADVANCED_FACE ( 'NONE', ( #612 ), #306, .T. ) ;
#95 = EDGE_CURVE ( 'NONE', #1219, #1109, #911, .T. ) ;
#96 = ORIENTED_EDGE ( 'NONE', *, *, #799, .F. ) ;
#97 = DIRECTION ( 'NONE',  ( 1.000000000000000000, -3.496985714454837195E-15, 0.000000000000000000 ) ) ;
#98 = VERTEX_POINT ( 'NONE', #155 ) ;
#99 = ORIENTED_EDGE ( 'NONE', *, *, #1036, .T. ) ;
#100 = DIRECTION ( 'NONE',  ( 0.000000000000000000, 0.000000000000000000, -1.000000000000000000 ) ) ;
#101 = DIRECTION ( 'NONE',  ( -1.000000000000000000, 0.000000000000000000, 0.000000000000000000 ) ) ;
#102 = LINE ( 'NONE', #1789, #299 ) ;
#103 = AXIS2_PLACEMENT_3D ( 'NONE', #1577, #635, #509 ) ;
#104 = ORIENTED_EDGE ( 'NONE', *, *, #4, .F. ) ;
#105 = DIRECTION ( 'NONE',  ( -0.000000000000000000, -0.000000000000000000, -1.000000000000000000 ) ) ;
#106 = AXIS2_PLACEMENT_3D ( 'NONE', #1151, #1780, #1313 ) ;
#107 = EDGE_LOOP ( 'NONE', ( #817, #1035, #289, #1056 ) ) ;
#108 = DIRECTION ( 'NONE',  ( -1.000000000000000000, 0.000000000000000000, 0.000000000000000000 ) ) ;
#109 = PERSON_AND_ORGANIZATION ( #18446744073709551615, #18446744073709551615 ) ;
#110 = FACE_OUTER_BOUND ( 'NONE', #956, .T. ) ;
#111 = VECTOR ( 'NONE', #662, 1000.000000000000000 ) ;
#112 = EDGE_LOOP ( 'NONE', ( #401, #802, #1045, #682 ) ) ;
#113 = ORIENTED_EDGE ( 'NONE', *, *, #1048, .F. ) ;
#114 = DIRECTION ( 'NONE',  ( 1.000000000000000000, -3.496985714454837195E-15, 0.000000000000000000 ) ) ;
#115 = EDGE_LOOP ( 'NONE', ( #1121, #1531, #1888, #113 ) ) ;
#116 = DIRECTION ( 'NONE',  ( -0.7071067811865374697, 0.000000000000000000, -0.7071067811865576758 ) ) ;
#117 = ADVANCED_FACE ( 'NONE', ( #925 ), #1716, .T. ) ;
#118 = ORIENTED_EDGE ( 'NONE', *, *, #1414, .T. ) ;
#119 = VECTOR ( 'NONE', #1304, 999.9999999999998863 ) ;
#120 = AXIS2_PLACEMENT_3D ( 'NONE', #1236, #1082, #1849 ) ;
#121 = DIRECTION ( 'NONE',  ( -0.000000000000000000, -0.000000000000000000, 1.000000000000000000 ) ) ;
#122 = DIRECTION ( 'NONE',  ( 0.000000000000000000, 0.000000000000000000, 1.000000000000000000 ) ) ;
#123 = VERTEX_POINT ( 'NONE', #623 ) ;
#124 = DIRECTION ( 'NONE',  ( 0.000000000000000000, -0.000000000000000000, 1.000000000000000000 ) ) ;
#125 = ORIENTED_EDGE ( 'NONE', *, *, #1821, .T. ) ;
#126 = ADVANCED_FACE ( 'NONE', ( #958, #484 ), #178, .T. ) ;
#127 = DIRECTION ( 'NONE',  ( 1.000000000000000000, 0.000000000000000000, 0.000000000000000000 ) ) ;
#128 = VECTOR ( 'NONE', #1337, 1000.000000000000000 ) ;
#129 = VERTEX_POINT ( 'NONE', #1552 ) ;
#130 = CONICAL_SURFACE ( 'NONE', #1062, 5.400000000000016342, 0.7853981633974340681 ) ;
#131 = DIRECTION ( 'NONE',  ( 1.000000000000000000, 0.000000000000000000, 0.000000000000000000 ) ) ;
#132 = VERTEX_POINT ( 'NONE', #1729 ) ;
#133 = VECTOR ( 'NONE', #1408, 1000.000000000000000 ) ;
#134 = CARTESIAN_POINT ( 'NONE',  ( 388.4451796847593528, -109.6099815356934499, -0.2999999999999999334 ) ) ;
#135 = CARTESIAN_POINT ( 'NONE',  ( 402.3366888931536778, -120.6099815356934357, 0.000000000000000000 ) ) ;
#136 = PLANE ( 'NONE',  #1592 ) ;
#137 = DIRECTION ( 'NONE',  ( 1.000000000000000000, 0.000000000000000000, 0.000000000000000000 ) ) ;
#138 = ORIENTED_EDGE ( 'NONE', *, *, #1600, .F. ) ;
#139 = EDGE_CURVE ( 'NONE', #556, #1954, #29, .T. ) ;
#140 = CARTESIAN_POINT ( 'NONE',  ( 232.5726302455077246, 2.200000000000000178, 12.24999999999999645 ) ) ;
#141 = CARTESIAN_POINT ( 'NONE',  ( 415.2225290942949414, -124.4293669483496245, 10.75000000000000000 ) ) ;
#142 = EDGE_LOOP ( 'NONE', ( #15, #757 ) ) ;
#143 = CARTESIAN_POINT ( 'NONE',  ( 394.6951796847592959, -109.6099815356934499, -0.2999999999999999334 ) ) ;
#144 = VECTOR ( 'NONE', #226, 1000.000000000000114 ) ;
#145 = CARTESIAN_POINT ( 'NONE',  ( 232.5726302455077246, 2.200000000000000178, 12.24999999999999645 ) ) ;
#146 = CARTESIAN_POINT ( 'NONE',  ( 0.000000000000000000, 0.000000000000000000, 10.75000000000000000 ) ) ;
#147 = VECTOR ( 'NONE', #937, 1000.000000000000000 ) ;
#148 = EDGE_CURVE ( 'NONE', #447, #1007, #9, .T. ) ;
#149 = FACE_OUTER_BOUND ( 'NONE', #1054, .T. ) ;
#150 = ORIENTED_EDGE ( 'NONE', *, *, #1281, .T. ) ;
#151 = CARTESIAN_POINT ( 'NONE',  ( 10.68042987029309820, -127.8049907678467321, 10.75000000000000000 ) ) ;
#152 = CARTESIAN_POINT ( 'NONE',  ( 207.5526302455077143, 2.200000000000000178, 10.75000000000000000 ) ) ;
#153 = EDGE_CURVE ( 'NONE', #1007, #1107, #1080, .T. ) ;
#154 = VERTEX_POINT ( 'NONE', #18 ) ;
#155 = CARTESIAN_POINT ( 'NONE',  ( 416.3821796847597057, -127.2293669483496359, 12.24999999999999822 ) ) ;
#156 = DIRECTION ( 'NONE',  ( 0.000000000000000000, -0.000000000000000000, -1.000000000000000000 ) ) ;
#157 = LINE ( 'NONE', #815, #147 ) ;
#158 = CARTESIAN_POINT ( 'NONE',  ( 411.1977152147791799, -115.8793669483496274, 5.599999999999999645 ) ) ;
#159 = EDGE_LOOP ( 'NONE', ( #1736, #1439 ) ) ;
#160 = DIRECTION ( 'NONE',  ( -1.000000000000000000, 0.000000000000000000, 0.000000000000000000 ) ) ;
#161 = EDGE_LOOP ( 'NONE', ( #1711, #1661 ) ) ;
#162 = CARTESIAN_POINT ( 'NONE',  ( 232.5726302455077246, 2.200000000000000178, 10.75000000000000000 ) ) ;
#163 = ORIENTED_EDGE ( 'NONE', *, *, #1943, .T. ) ;
#164 = DIRECTION ( 'NONE',  ( 0.000000000000000000, 0.000000000000000000, -1.000000000000000000 ) ) ;
#165 = DIRECTION ( 'NONE',  ( -0.000000000000000000, -0.000000000000000000, -1.000000000000000000 ) ) ;
#166 = AXIS2_PLACEMENT_3D ( 'NONE', #715, #570, #1952 ) ;
#167 = CARTESIAN_POINT ( 'NONE',  ( 402.3366888931536778, -120.6099815356934357, 5.599999999999999645 ) ) ;
#168 = DIRECTION ( 'NONE',  ( -0.000000000000000000, -0.000000000000000000, -1.000000000000000000 ) ) ;
#169 = CYLINDRICAL_SURFACE ( 'NONE', #1918, 2.000000000000001332 ) ;
#170 = VERTEX_POINT ( 'NONE', #204 ) ;
#171 = DIRECTION ( 'NONE',  ( 0.000000000000000000, 0.000000000000000000, -1.000000000000000000 ) ) ;
#172 = VERTEX_POINT ( 'NONE', #812 ) ;
#173 = CARTESIAN_POINT ( 'NONE',  ( 282.4722410603346816, -126.8099815356934243, 12.24999999999999645 ) ) ;
#174 = EDGE_CURVE ( 'NONE', #630, #827, #1872, .T. ) ;
#175 = EDGE_CURVE ( 'NONE', #1864, #129, #494, .T. ) ;
#176 = EDGE_LOOP ( 'NONE', ( #416, #754, #1472, #728 ) ) ;
#177 = CARTESIAN_POINT ( 'NONE',  ( 407.9427152147791276, -15.00000000000000178, -1.800000000000000044 ) ) ;
#178 = PLANE ( 'NONE',  #58 ) ;
#179 = DIRECTION ( 'NONE',  ( 1.000000000000000000, 0.000000000000000000, 0.000000000000000000 ) ) ;
#180 = DIRECTION ( 'NONE',  ( -1.000000000000000000, 0.000000000000000000, 0.000000000000000000 ) ) ;
#181 = AXIS2_PLACEMENT_3D ( 'NONE', #493, #969, #1599 ) ;
#182 = ORIENTED_EDGE ( 'NONE', *, *, #1250, .T. ) ;
#183 = LINE ( 'NONE', #220, #1754 ) ;
#184 = PRODUCT_RELATED_PRODUCT_CATEGORY ( 'detail', '', ( #846 ) ) ;
#185 = ORIENTED_EDGE ( 'NONE', *, *, #328, .T. ) ;
#186 = CARTESIAN_POINT ( 'NONE',  ( 207.5526302455077143, -129.6099815356934357, 12.24999999999999822 ) ) ;
#187 = ORIENTED_EDGE ( 'NONE', *, *, #491, .T. ) ;
#188 = LINE ( 'NONE', #946, #1406 ) ;
#189 = FACE_OUTER_BOUND ( 'NONE', #705, .T. ) ;
#190 = CARTESIAN_POINT ( 'NONE',  ( 415.2225290942949414, -124.4293669483496245, 10.75000000000000000 ) ) ;
#191 = ADVANCED_FACE ( 'NONE', ( #189 ), #1271, .F. ) ;
#192 = CARTESIAN_POINT ( 'NONE',  ( 415.9927152147791958, -98.45989286573049526, 3.199999999999985523 ) ) ;
#193 = CARTESIAN_POINT ( 'NONE',  ( 0.000000000000000000, 0.000000000000000000, 5.599999999999999645 ) ) ;
#194 = EDGE_CURVE ( 'NONE', #170, #700, #1057, .T. ) ;
#195 = VERTEX_POINT ( 'NONE', #1694 ) ;
#196 = ADVANCED_FACE ( 'NONE', ( #903 ), #1385, .T. ) ;
#197 = CARTESIAN_POINT ( 'NONE',  ( 415.9927152147791958, -18.45989286573050236, 3.199999999999995293 ) ) ;
#198 = ORIENTED_EDGE ( 'NONE', *, *, #855, .F. ) ;
#199 = CARTESIAN_POINT ( 'NONE',  ( 412.6927152147791844, -4.000000000000000000, 0.000000000000000000 ) ) ;
#200 = VECTOR ( 'NONE', #57, 1000.000000000000114 ) ;
#201 = ORIENTED_EDGE ( 'NONE', *, *, #783, .F. ) ;
#202 = DIRECTION ( 'NONE',  ( -0.000000000000000000, 1.000000000000000000, -0.000000000000000000 ) ) ;
#203 = AXIS2_PLACEMENT_3D ( 'NONE', #972, #540, #1470 ) ;
#204 = CARTESIAN_POINT ( 'NONE',  ( 394.6951796847592959, -109.6099815356934499, -0.2999999999999999334 ) ) ;
#205 = COORDINATED_UNIVERSAL_TIME_OFFSET ( 1, 0, .AHEAD. ) ;
#206 = DIRECTION ( 'NONE',  ( 1.000000000000000000, 0.000000000000000000, 0.000000000000000000 ) ) ;
#207 = VECTOR ( 'NONE', #116, 1000.000000000000000 ) ;
#208 = ORIENTED_EDGE ( 'NONE', *, *, #1971, .F. ) ;
#209 = CARTESIAN_POINT ( 'NONE',  ( 334.1477152147792253, -53.97200000000000841, 0.000000000000000000 ) ) ;
#210 = EDGE_CURVE ( 'NONE', #1017, #1009, #1205, .T. ) ;
#211 = ORIENTED_EDGE ( 'NONE', *, *, #218, .F. ) ;
#212 = CARTESIAN_POINT ( 'NONE',  ( 404.7177313582652687, -118.2293669483496217, 0.000000000000000000 ) ) ;
#213 = ORIENTED_EDGE ( 'NONE', *, *, #1195, .F. ) ;
#214 = FACE_OUTER_BOUND ( 'NONE', #107, .T. ) ;
#215 = CARTESIAN_POINT ( 'NONE',  ( 420.0526302455077143, 3.195009232153282142, 12.24999999999999822 ) ) ;
#216 = CARTESIAN_POINT ( 'NONE',  ( 334.1477152147792253, -53.97200000000000841, 0.000000000000000000 ) ) ;
#217 = LINE ( 'NONE', #1173, #1519 ) ;
#218 = EDGE_CURVE ( 'NONE', #1841, #80, #1803, .T. ) ;
#219 = ORIENTED_EDGE ( 'NONE', *, *, #491, .F. ) ;
#220 = CARTESIAN_POINT ( 'NONE',  ( 404.7177313582652687, -118.2293669483496217, 5.599999999999999645 ) ) ;
#221 = AXIS2_PLACEMENT_3D ( 'NONE', #1958, #576, #1186 ) ;
#222 = VECTOR ( 'NONE', #1363, 1000.000000000000000 ) ;
#223 = ORIENTED_EDGE ( 'NONE', *, *, #352, .T. ) ;
#224 = DIRECTION ( 'NONE',  ( 1.000000000000000000, 0.000000000000000000, 0.000000000000000000 ) ) ;
#225 = ORIENTED_EDGE ( 'NONE', *, *, #1314, .T. ) ;
#226 = DIRECTION ( 'NONE',  ( 0.7071703182436933632, 0.7070432384197683495, 0.000000000000000000 ) ) ;
#227 = MECHANICAL_CONTEXT ( 'NONE', #1319, 'mechanical' ) ;
#228 = CARTESIAN_POINT ( 'NONE',  ( 416.3821796847597057, -127.2293669483496359, -1.800000000000023803 ) ) ;
#229 = DIRECTION ( 'NONE',  ( 0.7071703182437242274, 0.7070432384197375963, 0.000000000000000000 ) ) ;
#230 = AXIS2_PLACEMENT_3D ( 'NONE', #209, #24, #1108 ) ;
#231 = ORIENTED_EDGE ( 'NONE', *, *, #909, .F. ) ;
#232 = CARTESIAN_POINT ( 'NONE',  ( 388.4451796847593528, -109.6099815356934499, -0.2999999999999999334 ) ) ;
#233 = ORIENTED_EDGE ( 'NONE', *, *, #880, .T. ) ;
#234 = ORIENTED_EDGE ( 'NONE', *, *, #1250, .F. ) ;
#235 = FACE_OUTER_BOUND ( 'NONE', #309, .T. ) ;
#236 = COORDINATED_UNIVERSAL_TIME_OFFSET ( 1, 0, .AHEAD. ) ;
#237 = VECTOR ( 'NONE', #1594, 1000.000000000000000 ) ;
#238 = DIRECTION ( 'NONE',  ( 0.000000000000000000, 0.000000000000000000, -1.000000000000000000 ) ) ;
#239 = LINE ( 'NONE', #1920, #771 ) ;
#240 = ORIENTED_EDGE ( 'NONE', *, *, #1332, .F. ) ;
#241 = DIRECTION ( 'NONE',  ( -1.000000000000000000, 0.000000000000000000, 0.000000000000000000 ) ) ;
#242 = VECTOR ( 'NONE', #1419, 1000.000000000000000 ) ;
#243 = VERTEX_POINT ( 'NONE', #1826 ) ;
#244 = EDGE_CURVE ( 'NONE', #132, #1595, #314, .T. ) ;
#245 = CARTESIAN_POINT ( 'NONE',  ( 334.1477152147792253, -53.97200000000000841, 1.000000000000049516 ) ) ;
#246 = EDGE_CURVE ( 'NONE', #1174, #172, #1846, .T. ) ;
#247 = LINE ( 'NONE', #971, #653 ) ;
#248 = DIRECTION ( 'NONE',  ( 1.000000000000000000, 0.000000000000000000, 0.000000000000000000 ) ) ;
#249 = ORIENTED_EDGE ( 'NONE', *, *, #385, .F. ) ;
#250 = LINE ( 'NONE', #854, #1166 ) ;
#251 = EDGE_CURVE ( 'NONE', #321, #1498, #1522, .T. ) ;
#252 = ORIENTED_EDGE ( 'NONE', *, *, #738, .F. ) ;
#253 = CARTESIAN_POINT ( 'NONE',  ( 282.4722410603346816, -126.8099815356934243, 12.24999999999999645 ) ) ;
#254 = CC_DESIGN_PERSON_AND_ORGANIZATION_ASSIGNMENT ( #1343, #548, ( #1601 ) ) ;
#255 = AXIS2_PLACEMENT_3D ( 'NONE', #1533, #1223, #421 ) ;
#256 = ORIENTED_EDGE ( 'NONE', *, *, #351, .T. ) ;
#257 = CARTESIAN_POINT ( 'NONE',  ( 415.2225290942949414, -124.4293669483496245, 5.599999999999999645 ) ) ;
#258 = SHAPE_DEFINITION_REPRESENTATION ( #1285, #1596 ) ;
#259 = CARTESIAN_POINT ( 'NONE',  ( 421.6927152147791844, 4.999999999999999112, -1.800000000000023803 ) ) ;
#260 = CARTESIAN_POINT ( 'NONE',  ( 282.4726302455077303, 3.195009232153282142, 10.75000000000000000 ) ) ;
#261 = EDGE_CURVE ( 'NONE', #1751, #170, #1698, .T. ) ;
#262 = ORIENTED_EDGE ( 'NONE', *, *, #1768, .F. ) ;
#263 = LINE ( 'NONE', #720, #1666 ) ;
#264 = CARTESIAN_POINT ( 'NONE',  ( 334.1477152147792253, -53.97200000000000841, 5.599999999999999645 ) ) ;
#265 = CARTESIAN_POINT ( 'NONE',  ( 406.0641372196477619, -129.6099815356934357, -450.7362439051084380 ) ) ;
#266 = LINE ( 'NONE', #904, #1535 ) ;
#267 = CIRCLE ( 'NONE', #615, 6.399999999999906208 ) ;
#268 = ORIENTED_EDGE ( 'NONE', *, *, #798, .F. ) ;
#269 = ORIENTED_EDGE ( 'NONE', *, *, #174, .F. ) ;
#270 = ADVANCED_FACE ( 'NONE', ( #1079 ), #1705, .T. ) ;
#271 = CARTESIAN_POINT ( 'NONE',  ( 412.6927152147791844, -109.6564275303575755, 0.000000000000000000 ) ) ;
#272 = AXIS2_PLACEMENT_3D ( 'NONE', #307, #1847, #594 ) ;
#273 = ORIENTED_EDGE ( 'NONE', *, *, #1672, .F. ) ;
#274 = DIRECTION ( 'NONE',  ( 0.7071703182436933632, 0.7070432384197683495, 0.000000000000000000 ) ) ;
#275 = VECTOR ( 'NONE', #550, 1000.000000000000000 ) ;
#276 = PERSON_AND_ORGANIZATION_ROLE ( 'design_supplier' ) ;
#277 = EDGE_CURVE ( 'NONE', #172, #298, #1111, .T. ) ;
#278 = CC_DESIGN_APPROVAL ( #605, ( #1924 ) ) ;
#279 = LINE ( 'NONE', #436, #490 ) ;
#280 = EDGE_CURVE ( 'NONE', #1475, #791, #1609, .T. ) ;
#281 = VERTEX_POINT ( 'NONE', #1752 ) ;
#282 = FACE_OUTER_BOUND ( 'NONE', #1996, .T. ) ;
#283 = ORIENTED_EDGE ( 'NONE', *, *, #943, .F. ) ;
#284 = CIRCLE ( 'NONE', #631, 5.400000000000016342 ) ;
#285 = ADVANCED_FACE ( 'NONE', ( #360 ), #28, .T. ) ;
#286 = AXIS2_PLACEMENT_3D ( 'NONE', #1525, #168, #362 ) ;
#287 = DIRECTION ( 'NONE',  ( 0.000000000000000000, 0.000000000000000000, 1.000000000000000000 ) ) ;
#288 = DIRECTION ( 'NONE',  ( -0.000000000000000000, -0.000000000000000000, -1.000000000000000000 ) ) ;
#289 = ORIENTED_EDGE ( 'NONE', *, *, #783, .T. ) ;
#290 = CARTESIAN_POINT ( 'NONE',  ( 411.1977152147791799, -115.8793669483496274, 5.599999999999999645 ) ) ;
#291 = ORIENTED_EDGE ( 'NONE', *, *, #1395, .F. ) ;
#292 = DIRECTION ( 'NONE',  ( 0.000000000000000000, 1.000000000000000000, -0.000000000000000000 ) ) ;
#293 = PLANE ( 'NONE',  #892 ) ;
#294 = EDGE_CURVE ( 'NONE', #556, #1010, #284, .T. ) ;
#295 = LINE ( 'NONE', #1653, #1508 ) ;
#296 = CARTESIAN_POINT ( 'NONE',  ( 415.9927152147791958, -18.45989286573050236, 1.199999999999993960 ) ) ;
#297 = AXIS2_PLACEMENT_3D ( 'NONE', #803, #953, #48 ) ;
#298 = VERTEX_POINT ( 'NONE', #1727 ) ;
#299 = VECTOR ( 'NONE', #1459, 1000.000000000000000 ) ;
#300 = DIRECTION ( 'NONE',  ( 1.000000000000000000, 0.000000000000000000, 0.000000000000000000 ) ) ;
#301 = ORIENTED_EDGE ( 'NONE', *, *, #656, .T. ) ;
#302 = CARTESIAN_POINT ( 'NONE',  ( 332.1477152147792253, -53.97200000000000841, -0.1499999999999999667 ) ) ;
#303 = VECTOR ( 'NONE', #1344, 1000.000000000000000 ) ;
#304 = EDGE_CURVE ( 'NONE', #243, #98, #1421, .T. ) ;
#305 = ORIENTED_EDGE ( 'NONE', *, *, #738, .T. ) ;
#306 = PLANE ( 'NONE',  #255 ) ;
#307 = CARTESIAN_POINT ( 'NONE',  ( 416.3821796847597057, -127.2293669483496359, -450.7362439051084380 ) ) ;
#308 = PLANE ( 'NONE',  #403 ) ;
#309 = EDGE_LOOP ( 'NONE', ( #1627, #965, #1327, #1142 ) ) ;
#310 = LINE ( 'NONE', #608, #702 ) ;
#311 = EDGE_CURVE ( 'NONE', #1156, #40, #1445, .T. ) ;
#312 = LINE ( 'NONE', #162, #689 ) ;
#313 = ORIENTED_EDGE ( 'NONE', *, *, #629, .T. ) ;
#314 = LINE ( 'NONE', #1233, #544 ) ;
#315 = AXIS2_PLACEMENT_3D ( 'NONE', #593, #1245, #287 ) ;
#316 = DIRECTION ( 'NONE',  ( 0.000000000000000000, -1.000000000000000000, 0.000000000000000000 ) ) ;
#317 = CIRCLE ( 'NONE', #1243, 2.000000000000001332 ) ;
#318 = CARTESIAN_POINT ( 'NONE',  ( 405.2447747648839140, -118.2293669483496217, 0.000000000000000000 ) ) ;
#319 = EDGE_LOOP ( 'NONE', ( #1606, #460, #1373, #1834 ) ) ;
#320 = CARTESIAN_POINT ( 'NONE',  ( 395.4427152147791844, -15.00000000000000178, -0.2999999999999999334 ) ) ;
#321 = VERTEX_POINT ( 'NONE', #1926 ) ;
#322 = CARTESIAN_POINT ( 'NONE',  ( 207.5526302455077143, 3.195009232153295464, 12.24999999999999822 ) ) ;
#323 = ORIENTED_EDGE ( 'NONE', *, *, #1481, .F. ) ;
#324 = CARTESIAN_POINT ( 'NONE',  ( 388.4451796847593528, -109.6099815356934499, -0.2999999999999999334 ) ) ;
#325 = DIRECTION ( 'NONE',  ( 0.000000000000000000, 0.000000000000000000, -1.000000000000000000 ) ) ;
#326 = DIRECTION ( 'NONE',  ( -0.000000000000000000, -0.000000000000000000, -1.000000000000000000 ) ) ;
#327 = ADVANCED_FACE ( 'NONE', ( #674 ), #1584, .F. ) ;
#328 = EDGE_CURVE ( 'NONE', #1932, #1009, #188, .T. ) ;
#329 = ORIENTED_EDGE ( 'NONE', *, *, #1164, .F. ) ;
#330 = PLANE ( 'NONE',  #297 ) ;
#331 = ADVANCED_FACE ( 'NONE', ( #821 ), #1456, .F. ) ;
#332 = ORIENTED_EDGE ( 'NONE', *, *, #1739, .T. ) ;
#333 = CIRCLE ( 'NONE', #966, 5.400000000000016342 ) ;
#334 = CARTESIAN_POINT ( 'NONE',  ( 402.3366888931536778, -120.6099815356934357, 5.599999999999999645 ) ) ;
#335 = ORIENTED_EDGE ( 'NONE', *, *, #1069, .F. ) ;
#336 = DIRECTION ( 'NONE',  ( 1.000000000000000000, -0.000000000000000000, -0.000000000000000000 ) ) ;
#337 = VECTOR ( 'NONE', #1994, 1000.000000000000000 ) ;
#338 = CARTESIAN_POINT ( 'NONE',  ( 418.8927152147792299, 2.200000000000000178, 10.75000000000000000 ) ) ;
#339 = CARTESIAN_POINT ( 'NONE',  ( 404.4240522503762918, -127.8049907678467321, 12.24999999999999822 ) ) ;
#340 = LINE ( 'NONE', #1544, #587 ) ;
#341 = ADVANCED_FACE ( 'NONE', ( #214 ), #1256, .T. ) ;
#342 = ORIENTED_EDGE ( 'NONE', *, *, #175, .T. ) ;
#343 = DIRECTION ( 'NONE',  ( 1.000000000000000000, 0.000000000000000000, -0.000000000000000000 ) ) ;
#344 = APPROVAL_PERSON_ORGANIZATION ( #1188, #1977, #1196 ) ;
#345 = EDGE_LOOP ( 'NONE', ( #1228, #1087, #743, #902 ) ) ;
#346 = FACE_OUTER_BOUND ( 'NONE', #1746, .T. ) ;
#347 = ADVANCED_FACE ( 'NONE', ( #1714 ), #1562, .T. ) ;
#348 = VERTEX_POINT ( 'NONE', #177 ) ;
#349 = DIRECTION ( 'NONE',  ( 0.000000000000000000, 0.000000000000000000, -1.000000000000000000 ) ) ;
#350 = LINE ( 'NONE', #1293, #1563 ) ;
#351 = EDGE_CURVE ( 'NONE', #1084, #49, #661, .T. ) ;
#352 = EDGE_CURVE ( 'NONE', #1042, #132, #1905, .T. ) ;
#353 = FACE_OUTER_BOUND ( 'NONE', #17, .T. ) ;
#354 = VECTOR ( 'NONE', #472, 999.9999999999998863 ) ;
#355 = VERTEX_POINT ( 'NONE', #516 ) ;
#356 = FACE_OUTER_BOUND ( 'NONE', #1793, .T. ) ;
#357 = EDGE_LOOP ( 'NONE', ( #1397, #1345 ) ) ;
#358 = DIRECTION ( 'NONE',  ( 1.000000000000000000, -0.000000000000000000, -0.000000000000000000 ) ) ;
#359 = ORIENTED_EDGE ( 'NONE', *, *, #1218, .T. ) ;
#360 = FACE_OUTER_BOUND ( 'NONE', #619, .T. ) ;
#361 = CARTESIAN_POINT ( 'NONE',  ( 282.4722410603346816, -126.8099815356934243, 62.15991928837468095 ) ) ;
#362 = DIRECTION ( 'NONE',  ( -1.000000000000000000, 0.000000000000000000, 0.000000000000000000 ) ) ;
#363 = LINE ( 'NONE', #1554, #1842 ) ;
#364 = EDGE_CURVE ( 'NONE', #657, #1107, #1122, .T. ) ;
#365 = ORIENTED_EDGE ( 'NONE', *, *, #1624, .F. ) ;
#366 = VERTEX_POINT ( 'NONE', #642 ) ;
#367 = CARTESIAN_POINT ( 'NONE',  ( 407.2855290942945317, -124.4293669483496245, 10.75000000000000000 ) ) ;
#368 = AXIS2_PLACEMENT_3D ( 'NONE', #588, #884, #1514 ) ;
#369 = ORIENTED_EDGE ( 'NONE', *, *, #1033, .T. ) ;
#370 = CYLINDRICAL_SURFACE ( 'NONE', #181, 6.249999999999977796 ) ;
#371 = ADVANCED_FACE ( 'NONE', ( #1881 ), #370, .F. ) ;
#372 = AXIS2_PLACEMENT_3D ( 'NONE', #1306, #1641, #76 ) ;
#373 = DIRECTION ( 'NONE',  ( -1.000000000000000000, 0.000000000000000000, 0.000000000000000000 ) ) ;
#374 = EDGE_CURVE ( 'NONE', #172, #1084, #1145, .T. ) ;
#375 = DIRECTION ( 'NONE',  ( -0.000000000000000000, -0.000000000000000000, 1.000000000000000000 ) ) ;
#376 = LINE ( 'NONE', #21, #1551 ) ;
#377 = VERTEX_POINT ( 'NONE', #547 ) ;
#378 = CARTESIAN_POINT ( 'NONE',  ( 340.5477152147793163, -53.97200000000000841, 0.000000000000000000 ) ) ;
#379 = VERTEX_POINT ( 'NONE', #1157 ) ;
#380 = DIRECTION ( 'NONE',  ( 0.7071703182436933632, 0.7070432384197683495, 0.000000000000000000 ) ) ;
#381 = LOCAL_TIME ( 20, 17, 2.000000000000000000, #205 ) ;
#382 = ORIENTED_EDGE ( 'NONE', *, *, #1848, .T. ) ;
#383 = CARTESIAN_POINT ( 'NONE',  ( 404.9044866291829408, -126.8099815356934243, 5.599999999999999645 ) ) ;
#384 = CARTESIAN_POINT ( 'NONE',  ( 421.6927152147791844, 4.999999999999999112, -1.800000000000023803 ) ) ;
#385 = EDGE_CURVE ( 'NONE', #1689, #862, #706, .T. ) ;
#386 = DIRECTION ( 'NONE',  ( 0.7071703182437242274, 0.7070432384197375963, 0.000000000000000000 ) ) ;
#387 = CARTESIAN_POINT ( 'NONE',  ( 420.0526302455077143, 3.195009232153282142, 10.75000000000000000 ) ) ;
#388 = CARTESIAN_POINT ( 'NONE',  ( 405.9692218419169194, -118.2293669483496359, 0.6698880421102272331 ) ) ;
#389 = AXIS2_PLACEMENT_3D ( 'NONE', #1381, #3, #300 ) ;
#390 = AXIS2_PLACEMENT_3D ( 'NONE', #1013, #1765, #1305 ) ;
#391 = VERTEX_POINT ( 'NONE', #697 ) ;
#392 = ORIENTED_EDGE ( 'NONE', *, *, #425, .F. ) ;
#393 = CARTESIAN_POINT ( 'NONE',  ( 382.1951796847593528, -109.6099815356934499, -0.2999999999999999334 ) ) ;
#394 = LINE ( 'NONE', #835, #1962 ) ;
#395 = CARTESIAN_POINT ( 'NONE',  ( 420.0526302455077143, -120.1147949636142584, 12.24999999999999822 ) ) ;
#396 = VECTOR ( 'NONE', #1899, 1000.000000000000000 ) ;
#397 = ORIENTED_EDGE ( 'NONE', *, *, #1671, .F. ) ;
#398 = CARTESIAN_POINT ( 'NONE',  ( 405.2447747648839140, -118.2293669483496217, 0.000000000000000000 ) ) ;
#399 = EDGE_CURVE ( 'NONE', #391, #1561, #732, .T. ) ;
#400 = EDGE_CURVE ( 'NONE', #872, #610, #1152, .T. ) ;
#401 = ORIENTED_EDGE ( 'NONE', *, *, #885, .F. ) ;
#402 = DATE_AND_TIME ( #1787, #939 ) ;
#403 = AXIS2_PLACEMENT_3D ( 'NONE', #1209, #127, #756 ) ;
#404 = VECTOR ( 'NONE', #985, 1000.000000000000000 ) ;
#405 = DIRECTION ( 'NONE',  ( -0.7070432384197663511, 0.7071703182436954727, 0.000000000000000000 ) ) ;
#406 = FACE_OUTER_BOUND ( 'NONE', #1393, .T. ) ;
#407 = ORIENTED_EDGE ( 'NONE', *, *, #1995, .F. ) ;
#408 = ADVANCED_FACE ( 'NONE', ( #1638, #1351 ), #994, .T. ) ;
#409 = AXIS2_PLACEMENT_3D ( 'NONE', #1458, #83, #1919 ) ;
#410 = ORIENTED_EDGE ( 'NONE', *, *, #1226, .F. ) ;
#411 = ORIENTED_EDGE ( 'NONE', *, *, #1707, .F. ) ;
#412 = APPROVAL_STATUS ( 'not_yet_approved' ) ;
#413 = CARTESIAN_POINT ( 'NONE',  ( 282.4726302455077303, 2.200000000000000178, 10.75000000000000000 ) ) ;
#414 = CARTESIAN_POINT ( 'NONE',  ( 411.1977152147791799, -115.8793669483496274, 0.9999999999999376055 ) ) ;
#415 = EDGE_CURVE ( 'NONE', #1432, #348, #668, .T. ) ;
#416 = ORIENTED_EDGE ( 'NONE', *, *, #294, .F. ) ;
#417 = ORIENTED_EDGE ( 'NONE', *, *, #1767, .F. ) ;
#418 = AXIS2_PLACEMENT_3D ( 'NONE', #52, #1893, #1915 ) ;
#419 = VECTOR ( 'NONE', #1424, 1000.000000000000000 ) ;
#420 = CARTESIAN_POINT ( 'NONE',  ( 421.6927152147791844, -18.45989286573050236, 1.199999999999993960 ) ) ;
#421 = DIRECTION ( 'NONE',  ( -0.7071703182437242274, -0.7070432384197375963, 0.000000000000000000 ) ) ;
#422 = VERTEX_POINT ( 'NONE', #1944 ) ;
#423 = ORIENTED_EDGE ( 'NONE', *, *, #1578, .T. ) ;
#424 = ORIENTED_EDGE ( 'NONE', *, *, #963, .F. ) ;
#425 = EDGE_CURVE ( 'NONE', #1475, #1784, #712, .T. ) ;
#426 = DIRECTION ( 'NONE',  ( 0.000000000000000000, 0.000000000000000000, 1.000000000000000000 ) ) ;
#427 = VECTOR ( 'NONE', #1710, 1000.000000000000000 ) ;
#428 = LINE ( 'NONE', #1526, #1386 ) ;
#429 = ORIENTED_EDGE ( 'NONE', *, *, #1747, .T. ) ;
#430 = DIRECTION ( 'NONE',  ( -0.000000000000000000, -0.000000000000000000, -1.000000000000000000 ) ) ;
#431 = VECTOR ( 'NONE', #1333, 1000.000000000000000 ) ;
#432 = EDGE_LOOP ( 'NONE', ( #479, #1693 ) ) ;
#433 = DATE_AND_TIME ( #841, #595 ) ;
#434 = EDGE_CURVE ( 'NONE', #1541, #679, #1865, .T. ) ;
#435 = CC_DESIGN_APPROVAL ( #1977, ( #1983 ) ) ;
#436 = CARTESIAN_POINT ( 'NONE',  ( 420.0526302455077143, 3.195009232153282142, 10.75000000000000000 ) ) ;
#437 = VERTEX_POINT ( 'NONE', #558 ) ;
#438 = DIRECTION ( 'NONE',  ( 0.000000000000000000, 0.000000000000000000, -1.000000000000000000 ) ) ;
#439 = EDGE_LOOP ( 'NONE', ( #392, #1892, #1418, #900 ) ) ;
#440 = DIRECTION ( 'NONE',  ( 0.000000000000000000, 1.000000000000000000, 0.000000000000000000 ) ) ;
#441 = DIRECTION ( 'NONE',  ( -0.000000000000000000, -0.000000000000000000, -1.000000000000000000 ) ) ;
#442 = DIRECTION ( 'NONE',  ( -0.000000000000000000, -0.000000000000000000, -1.000000000000000000 ) ) ;
#443 = ORIENTED_EDGE ( 'NONE', *, *, #987, .T. ) ;
#444 = DIRECTION ( 'NONE',  ( -0.000000000000000000, -0.000000000000000000, -1.000000000000000000 ) ) ;
#445 = ADVANCED_FACE ( 'NONE', ( #235 ), #1466, .T. ) ;
#446 = EDGE_CURVE ( 'NONE', #700, #281, #634, .T. ) ;
#447 = VERTEX_POINT ( 'NONE', #1032 ) ;
#448 = ORIENTED_EDGE ( 'NONE', *, *, #1266, .T. ) ;
#449 = DIRECTION ( 'NONE',  ( 0.000000000000000000, 0.000000000000000000, -1.000000000000000000 ) ) ;
#450 = DIRECTION ( 'NONE',  ( -0.000000000000000000, -0.000000000000000000, -1.000000000000000000 ) ) ;
#451 = DIRECTION ( 'NONE',  ( -1.000000000000000000, 0.000000000000000000, 0.000000000000000000 ) ) ;
#452 = CARTESIAN_POINT ( 'NONE',  ( 207.5526302455077143, -4.000000000000000000, 5.599999999999999645 ) ) ;
#453 = VECTOR ( 'NONE', #1183, 1000.000000000000000 ) ;
#454 = ORIENTED_EDGE ( 'NONE', *, *, #636, .F. ) ;
#455 = VECTOR ( 'NONE', #1335, 1000.000000000000000 ) ;
#456 = CARTESIAN_POINT ( 'NONE',  ( 2.412545276236220726, -4.000000000000000000, 5.599999999999999645 ) ) ;
#457 = ORIENTED_EDGE ( 'NONE', *, *, #1624, .T. ) ;
#458 = DIRECTION ( 'NONE',  ( 5.578958409373273725E-14, -1.000000000000000000, 0.000000000000000000 ) ) ;
#459 = CIRCLE ( 'NONE', #1863, 6.249999999999977796 ) ;
#460 = ORIENTED_EDGE ( 'NONE', *, *, #991, .T. ) ;
#461 = DIRECTION ( 'NONE',  ( 1.000000000000000000, 0.000000000000000000, 0.000000000000000000 ) ) ;
#462 = FACE_OUTER_BOUND ( 'NONE', #1878, .T. ) ;
#463 = CARTESIAN_POINT ( 'NONE',  ( 404.7177313582652687, -118.2293669483496217, 5.599999999999999645 ) ) ;
#464 = LINE ( 'NONE', #1372, #1880 ) ;
#465 = VERTEX_POINT ( 'NONE', #906 ) ;
#466 = CARTESIAN_POINT ( 'NONE',  ( 207.5526302455077143, 4.999999999999999112, -1.800000000000023803 ) ) ;
#467 = ORIENTED_EDGE ( 'NONE', *, *, #987, .F. ) ;
#468 = PLANE ( 'NONE',  #1524 ) ;
#469 = ORIENTED_EDGE ( 'NONE', *, *, #68, .F. ) ;
#470 = DIRECTION ( 'NONE',  ( -0.000000000000000000, -0.000000000000000000, 1.000000000000000000 ) ) ;
#471 = AXIS2_PLACEMENT_3D ( 'NONE', #63, #1292, #349 ) ;
#472 = DIRECTION ( 'NONE',  ( 0.7071703182436954727, 0.7070432384197663511, 0.000000000000000000 ) ) ;
#473 = CARTESIAN_POINT ( 'NONE',  ( 10.68042987029309820, -127.8049907678467321, 12.24999999999999822 ) ) ;
#474 = EDGE_CURVE ( 'NONE', #1010, #1682, #295, .T. ) ;
#475 = VECTOR ( 'NONE', #850, 1000.000000000000000 ) ;
#476 = DIRECTION ( 'NONE',  ( -0.000000000000000000, -0.000000000000000000, -1.000000000000000000 ) ) ;
#477 = ORIENTED_EDGE ( 'NONE', *, *, #1633, .F. ) ;
#478 = DIRECTION ( 'NONE',  ( 1.000000000000000000, 0.000000000000000000, 0.000000000000000000 ) ) ;
#479 = ORIENTED_EDGE ( 'NONE', *, *, #415, .F. ) ;
#480 = CARTESIAN_POINT ( 'NONE',  ( 408.4451796847593528, -127.2293669483496643, -1.800000000000023803 ) ) ;
#481 = CIRCLE ( 'NONE', #1484, 2.000000000000001332 ) ;
#482 = EDGE_LOOP ( 'NONE', ( #104, #429, #1812, #1867 ) ) ;
#483 = CC_DESIGN_PERSON_AND_ORGANIZATION_ASSIGNMENT ( #109, #1021, ( #1924 ) ) ;
#484 = FACE_BOUND ( 'NONE', #660, .T. ) ;
#485 = DIRECTION ( 'NONE',  ( 1.000000000000000000, 0.000000000000000000, -0.000000000000000000 ) ) ;
#486 = CARTESIAN_POINT ( 'NONE',  ( 415.9927152147791958, -98.45989286573049526, 3.199999999999985523 ) ) ;
#487 = EDGE_LOOP ( 'NONE', ( #1415, #601 ) ) ;
#488 = CYLINDRICAL_SURFACE ( 'NONE', #780, 2.000000000000001332 ) ;
#489 = ORIENTED_EDGE ( 'NONE', *, *, #1785, .T. ) ;
#490 = VECTOR ( 'NONE', #1227, 1000.000000000000000 ) ;
#491 = EDGE_CURVE ( 'NONE', #1230, #1864, #1687, .T. ) ;
#492 = CARTESIAN_POINT ( 'NONE',  ( 420.0526302455077143, -120.1147949636142584, 10.75000000000000000 ) ) ;
#493 = CARTESIAN_POINT ( 'NONE',  ( 401.6927152147791844, -15.00000000000000178, -0.2999999999999999334 ) ) ;
#494 = LINE ( 'NONE', #652, #1149 ) ;
#495 = VECTOR ( 'NONE', #1923, 1000.000000000000000 ) ;
#496 = CARTESIAN_POINT ( 'NONE',  ( 0.000000000000000000, 0.000000000000000000, 0.000000000000000000 ) ) ;
#497 = CARTESIAN_POINT ( 'NONE',  ( 411.1977152147791799, -115.8793669483496274, -0.1499999999999999667 ) ) ;
#498 = DIRECTION ( 'NONE',  ( -1.000000000000000000, 0.000000000000000000, 0.000000000000000000 ) ) ;
#499 = ORIENTED_EDGE ( 'NONE', *, *, #1474, .T. ) ;
#500 = FACE_OUTER_BOUND ( 'NONE', #725, .T. ) ;
#501 = ORIENTED_EDGE ( 'NONE', *, *, #400, .T. ) ;
#502 = CARTESIAN_POINT ( 'NONE',  ( 415.9927152147791958, -98.45989286573049526, 3.199999999999985523 ) ) ;
#503 = EDGE_LOOP ( 'NONE', ( #1138, #305, #818, #857 ) ) ;
#504 = DIRECTION ( 'NONE',  ( 0.000000000000000000, 1.000000000000000000, 0.000000000000000000 ) ) ;
#505 = ADVANCED_FACE ( 'NONE', ( #1208 ), #894, .F. ) ;
#506 = CARTESIAN_POINT ( 'NONE',  ( 334.1477152147792253, -53.97200000000000841, -0.1499999999999999667 ) ) ;
#507 = PERSON_AND_ORGANIZATION ( #18446744073709551615, #18446744073709551615 ) ;
#508 = CARTESIAN_POINT ( 'NONE',  ( 10.20009800898741759, -126.8099815356934243, 10.75000000000000000 ) ) ;
#509 = DIRECTION ( 'NONE',  ( -1.000000000000000000, 0.000000000000000000, 0.000000000000000000 ) ) ;
#510 = EDGE_LOOP ( 'NONE', ( #329, #1309, #118, #1356 ) ) ;
#511 = DIRECTION ( 'NONE',  ( 0.000000000000000000, 0.000000000000000000, 1.000000000000000000 ) ) ;
#512 = ORIENTED_EDGE ( 'NONE', *, *, #1821, .F. ) ;
#513 = DIRECTION ( 'NONE',  ( -0.000000000000000000, 1.000000000000000000, 0.000000000000000000 ) ) ;
#514 = ADVANCED_FACE ( 'NONE', ( #789 ), #766, .T. ) ;
#515 = ORIENTED_EDGE ( 'NONE', *, *, #1970, .T. ) ;
#516 = CARTESIAN_POINT ( 'NONE',  ( 416.3821796847597057, -127.2293669483496359, -1.800000000000023803 ) ) ;
#517 = DIRECTION ( 'NONE',  ( -0.000000000000000000, -0.000000000000000000, -1.000000000000000000 ) ) ;
#518 = DIRECTION ( 'NONE',  ( -0.000000000000000000, 1.000000000000000000, -0.000000000000000000 ) ) ;
#519 = DIRECTION ( 'NONE',  ( 0.000000000000000000, 0.000000000000000000, -1.000000000000000000 ) ) ;
#520 = ORIENTED_EDGE ( 'NONE', *, *, #434, .F. ) ;
#521 = EDGE_CURVE ( 'NONE', #348, #1432, #545, .T. ) ;
#522 = DIRECTION ( 'NONE',  ( 1.000000000000000000, -0.000000000000000000, -0.000000000000000000 ) ) ;
#523 = ADVANCED_FACE ( 'NONE', ( #950 ), #1401, .T. ) ;
#524 = ORIENTED_EDGE ( 'NONE', *, *, #596, .F. ) ;
#525 = LINE ( 'NONE', #173, #932 ) ;
#526 = VECTOR ( 'NONE', #11, 1000.000000000000000 ) ;
#527 = EDGE_LOOP ( 'NONE', ( #1194, #1200, #553, #283, #60, #565, #1330, #1072, #1, #1539, #1193, #853, #125, #515, #1365, #1845 ) ) ;
#528 = CARTESIAN_POINT ( 'NONE',  ( 12.76812274805451608, -120.6099815356934357, 0.000000000000000000 ) ) ;
#529 = AXIS2_PLACEMENT_3D ( 'NONE', #860, #65, #1486 ) ;
#530 = LINE ( 'NONE', #384, #14 ) ;
#531 = VECTOR ( 'NONE', #1086, 1000.000000000000000 ) ;
#532 = CARTESIAN_POINT ( 'NONE',  ( 406.3358739997660791, -118.2293669483496217, 0.9999999999999376055 ) ) ;
#533 = LINE ( 'NONE', #1176, #128 ) ;
#534 = ORIENTED_EDGE ( 'NONE', *, *, #1802, .T. ) ;
#535 = CARTESIAN_POINT ( 'NONE',  ( 415.9927152147791958, -18.45989286573050236, 5.199999999999996625 ) ) ;
#536 = ORIENTED_EDGE ( 'NONE', *, *, #1650, .T. ) ;
#537 = CARTESIAN_POINT ( 'NONE',  ( 420.0526302455077143, -120.1147949636142584, 12.24999999999999822 ) ) ;
#538 = LINE ( 'NONE', #393, #1764 ) ;
#539 = DIRECTION ( 'NONE',  ( 1.000000000000000000, 0.000000000000000000, 0.000000000000000000 ) ) ;
#540 = DIRECTION ( 'NONE',  ( 0.000000000000000000, 0.000000000000000000, 1.000000000000000000 ) ) ;
#541 = EDGE_CURVE ( 'NONE', #872, #22, #1543, .T. ) ;
#542 = EDGE_CURVE ( 'NONE', #862, #1078, #157, .T. ) ;
#543 = PLANE ( 'NONE',  #1626 ) ;
#544 = VECTOR ( 'NONE', #440, 1000.000000000000000 ) ;
#545 = CIRCLE ( 'NONE', #1668, 6.249999999999977796 ) ;
#546 = ORIENTED_EDGE ( 'NONE', *, *, #1688, .T. ) ;
#547 = CARTESIAN_POINT ( 'NONE',  ( 336.1477152147792253, -53.97200000000000841, 5.599999999999999645 ) ) ;
#548 = PERSON_AND_ORGANIZATION_ROLE ( 'classification_officer' ) ;
#549 = CC_DESIGN_PERSON_AND_ORGANIZATION_ASSIGNMENT ( #507, #1763, ( #846 ) ) ;
#550 = DIRECTION ( 'NONE',  ( 0.000000000000000000, 1.000000000000000000, 0.000000000000000000 ) ) ;
#551 = FACE_BOUND ( 'NONE', #773, .T. ) ;
#552 = AXIS2_PLACEMENT_3D ( 'NONE', #627, #444, #1217 ) ;
#553 = ORIENTED_EDGE ( 'NONE', *, *, #1378, .T. ) ;
#554 = CARTESIAN_POINT ( 'NONE',  ( 421.6927152147791844, -18.45989286573050236, 5.199999999999996625 ) ) ;
#555 = ORIENTED_EDGE ( 'NONE', *, *, #717, .T. ) ;
#556 = VERTEX_POINT ( 'NONE', #1104 ) ;
#557 = EDGE_CURVE ( 'NONE', #1480, #646, #1282, .T. ) ;
#558 = CARTESIAN_POINT ( 'NONE',  ( 232.5722410603346475, -126.8099815356934243, 12.24999999999999645 ) ) ;
#559 = EDGE_CURVE ( 'NONE', #40, #908, #1436, .T. ) ;
#560 = CIRCLE ( 'NONE', #1259, 2.000000000000001776 ) ;
#561 = CIRCLE ( 'NONE', #529, 2.000000000000001332 ) ;
#562 = DIRECTION ( 'NONE',  ( -1.000000000000000000, 0.000000000000000000, 0.000000000000000000 ) ) ;
#563 = B_SPLINE_CURVE_WITH_KNOTS ( 'NONE', 3,
 ( #1008, #388, #871, #398 ),
 .UNSPECIFIED., .F., .F.,
 ( 4, 4 ),
 ( 0.000000000000000000, 0.001480032952457579001 ),
 .UNSPECIFIED. ) ;
#564 = DIRECTION ( 'NONE',  ( 1.000000000000000000, 0.000000000000000000, 0.000000000000000000 ) ) ;
#565 = ORIENTED_EDGE ( 'NONE', *, *, #845, .T. ) ;
#566 = VECTOR ( 'NONE', #380, 1000.000000000000114 ) ;
#567 = EDGE_LOOP ( 'NONE', ( #736, #1663, #187, #978 ) ) ;
#568 = DATE_TIME_ROLE ( 'creation_date' ) ;
#569 = EDGE_CURVE ( 'NONE', #1107, #1689, #1718, .T. ) ;
#570 = DIRECTION ( 'NONE',  ( 0.000000000000000000, 0.000000000000000000, -1.000000000000000000 ) ) ;
#571 = CARTESIAN_POINT ( 'NONE',  ( 207.5526302455077143, -127.8049907678467321, 12.24999999999999822 ) ) ;
#572 = ORIENTED_EDGE ( 'NONE', *, *, #1438, .F. ) ;
#573 = PLANE ( 'NONE',  #1359 ) ;
#574 = ORIENTED_EDGE ( 'NONE', *, *, #557, .F. ) ;
#575 = VECTOR ( 'NONE', #292, 1000.000000000000000 ) ;
#576 = DIRECTION ( 'NONE',  ( 0.000000000000000000, 0.000000000000000000, -1.000000000000000000 ) ) ;
#577 = ADVANCED_FACE ( 'NONE', ( #44 ), #1272, .T. ) ;
#578 = VERTEX_POINT ( 'NONE', #654 ) ;
#579 = CARTESIAN_POINT ( 'NONE',  ( 0.000000000000000000, 0.000000000000000000, 10.75000000000000000 ) ) ;
#580 = LINE ( 'NONE', #724, #303 ) ;
#581 = ORIENTED_EDGE ( 'NONE', *, *, #1747, .F. ) ;
#582 = DIRECTION ( 'NONE',  ( 0.000000000000000000, 0.000000000000000000, -1.000000000000000000 ) ) ;
#583 = PLANE ( 'NONE',  #368 ) ;
#584 = ORIENTED_EDGE ( 'NONE', *, *, #51, .T. ) ;
#585 = ORIENTED_EDGE ( 'NONE', *, *, #1315, .F. ) ;
#586 = DATE_AND_TIME ( #1170, #695 ) ;
#587 = VECTOR ( 'NONE', #476, 1000.000000000000000 ) ;
#588 = CARTESIAN_POINT ( 'NONE',  ( 421.6927152147791844, 4.999999999999999112, -450.7362439051084380 ) ) ;
#589 = ORIENTED_EDGE ( 'NONE', *, *, #1061, .T. ) ;
#590 = CARTESIAN_POINT ( 'NONE',  ( 339.5477152147792026, -53.97200000000000841, 5.599999999999999645 ) ) ;
#591 = VECTOR ( 'NONE', #61, 1000.000000000000000 ) ;
#592 = VERTEX_POINT ( 'NONE', #339 ) ;
#593 = CARTESIAN_POINT ( 'NONE',  ( 418.8927152147792299, -120.7598403671505451, 10.75000000000000000 ) ) ;
#594 = DIRECTION ( 'NONE',  ( -0.7071703182437242274, -0.7070432384197375963, 0.000000000000000000 ) ) ;
#595 = LOCAL_TIME ( 20, 17, 2.000000000000000000, #236 ) ;
#596 = EDGE_CURVE ( 'NONE', #1085, #1010, #1895, .T. ) ;
#597 = EDGE_CURVE ( 'NONE', #1384, #784, #317, .T. ) ;
#598 = CARTESIAN_POINT ( 'NONE',  ( 406.8050947154879395, -125.4243761805029180, 10.75000000000000000 ) ) ;
#599 = ORIENTED_EDGE ( 'NONE', *, *, #1802, .F. ) ;
#600 = PLANE ( 'NONE',  #1506 ) ;
#601 = ORIENTED_EDGE ( 'NONE', *, *, #597, .F. ) ;
#602 = VECTOR ( 'NONE', #883, 1000.000000000000000 ) ;
#603 = DIRECTION ( 'NONE',  ( 0.000000000000000000, 0.000000000000000000, -1.000000000000000000 ) ) ;
#604 = LINE ( 'NONE', #1070, #1168 ) ;
#605 = APPROVAL ( #834, 'Sjednocen√' ) ;
#606 = DIRECTION ( 'NONE',  ( 0.000000000000000000, 0.000000000000000000, -1.000000000000000000 ) ) ;
#607 = ORIENTED_EDGE ( 'NONE', *, *, #761, .F. ) ;
#608 = CARTESIAN_POINT ( 'NONE',  ( 418.8927152147792299, 2.200000000000000178, 5.599999999999999645 ) ) ;
#609 = CARTESIAN_POINT ( 'NONE',  ( 412.6927152147791844, -4.000000000000000000, 5.599999999999999645 ) ) ;
#610 = VERTEX_POINT ( 'NONE', #1448 ) ;
#611 = EDGE_CURVE ( 'NONE', #1276, #195, #1150, .T. ) ;
#612 = FACE_OUTER_BOUND ( 'NONE', #1052, .T. ) ;
#613 = CARTESIAN_POINT ( 'NONE',  ( 232.5726302455077246, 2.200000000000000178, 10.75000000000000000 ) ) ;
#614 = CARTESIAN_POINT ( 'NONE',  ( 334.1477152147792253, -53.97200000000000841, 5.599999999999999645 ) ) ;
#615 = AXIS2_PLACEMENT_3D ( 'NONE', #1347, #1051, #1677 ) ;
#616 = ORIENTED_EDGE ( 'NONE', *, *, #694, .T. ) ;
#617 = AXIS2_PLACEMENT_3D ( 'NONE', #167, #1089, #1989 ) ;
#618 = FACE_OUTER_BOUND ( 'NONE', #510, .T. ) ;
#619 = EDGE_LOOP ( 'NONE', ( #1254, #691, #313, #1382 ) ) ;
#620 = FACE_OUTER_BOUND ( 'NONE', #1462, .T. ) ;
#621 = ADVANCED_FACE ( 'NONE', ( #1640 ), #1755, .F. ) ;
#622 = ORIENTED_EDGE ( 'NONE', *, *, #251, .T. ) ;
#623 = CARTESIAN_POINT ( 'NONE',  ( 421.6927152147791844, -121.9197857314610047, -1.800000000000023803 ) ) ;
#624 = DIRECTION ( 'NONE',  ( 0.000000000000000000, -0.000000000000000000, -1.000000000000000000 ) ) ;
#625 = PLANE ( 'NONE',  #1222 ) ;
#626 = ORIENTED_EDGE ( 'NONE', *, *, #1046, .T. ) ;
#627 = CARTESIAN_POINT ( 'NONE',  ( 334.1477152147792253, -53.97200000000000841, 5.599999999999999645 ) ) ;
#628 = CARTESIAN_POINT ( 'NONE',  ( 420.0526302455077143, 3.195009232153282142, 12.24999999999999822 ) ) ;
#629 = EDGE_CURVE ( 'NONE', #1801, #864, #394, .T. ) ;
#630 = VERTEX_POINT ( 'NONE', #259 ) ;
#631 = AXIS2_PLACEMENT_3D ( 'NONE', #41, #833, #787 ) ;
#632 = CARTESIAN_POINT ( 'NONE',  ( 404.9044866291829408, -126.8099815356934243, 10.75000000000000000 ) ) ;
#633 = FACE_OUTER_BOUND ( 'NONE', #1325, .T. ) ;
#634 = CIRCLE ( 'NONE', #23, 6.249999999999977796 ) ;
#635 = DIRECTION ( 'NONE',  ( 0.000000000000000000, 0.000000000000000000, -1.000000000000000000 ) ) ;
#636 = EDGE_CURVE ( 'NONE', #80, #1841, #1348, .T. ) ;
#637 = ORIENTED_EDGE ( 'NONE', *, *, #1069, .T. ) ;
#638 = LINE ( 'NONE', #930, #237 ) ;
#639 = VERTEX_POINT ( 'NONE', #1602 ) ;
#640 = DIRECTION ( 'NONE',  ( -0.000000000000000000, -0.000000000000000000, -1.000000000000000000 ) ) ;
#641 = ORIENTED_EDGE ( 'NONE', *, *, #704, .F. ) ;
#642 = CARTESIAN_POINT ( 'NONE',  ( 415.9927152147791958, -98.45989286573049526, 5.199999999999986855 ) ) ;
#643 = CARTESIAN_POINT ( 'NONE',  ( 421.6927152147791844, 4.999999999999999112, -450.7362439051084380 ) ) ;
#644 = CARTESIAN_POINT ( 'NONE',  ( 232.5722410603346475, -126.8099815356934243, 62.15991928837468095 ) ) ;
#645 = CARTESIAN_POINT ( 'NONE',  ( 402.3366888931536778, -120.6099815356934357, 0.000000000000000000 ) ) ;
#646 = VERTEX_POINT ( 'NONE', #1136 ) ;
#647 = ORIENTED_EDGE ( 'NONE', *, *, #1203, .T. ) ;
#648 = CIRCLE ( 'NONE', #1389, 2.000000000000001776 ) ;
#649 = DIRECTION ( 'NONE',  ( 0.000000000000000000, -0.000000000000000000, -1.000000000000000000 ) ) ;
#650 = ORIENTED_EDGE ( 'NONE', *, *, #1995, .T. ) ;
#651 = DIRECTION ( 'NONE',  ( 0.000000000000000000, -0.000000000000000000, 1.000000000000000000 ) ) ;
#652 = CARTESIAN_POINT ( 'NONE',  ( 418.8927152147792299, 2.200000000000000178, 10.75000000000000000 ) ) ;
#653 = VECTOR ( 'NONE', #1908, 1000.000000000000000 ) ;
#654 = CARTESIAN_POINT ( 'NONE',  ( 207.5526302455077143, 3.195009232153282142, 10.75000000000000000 ) ) ;
#655 = CARTESIAN_POINT ( 'NONE',  ( 282.4726302455077303, 3.195009232153282142, 12.24999999999999822 ) ) ;
#656 = EDGE_CURVE ( 'NONE', #355, #123, #1469, .T. ) ;
#657 = VERTEX_POINT ( 'NONE', #1945 ) ;
#658 = PLANE ( 'NONE',  #1461 ) ;
#659 = DIRECTION ( 'NONE',  ( -0.000000000000000000, -0.000000000000000000, 1.000000000000000000 ) ) ;
#660 = EDGE_LOOP ( 'NONE', ( #616, #1967 ) ) ;
#661 = LINE ( 'NONE', #528, #877 ) ;
#662 = DIRECTION ( 'NONE',  ( 0.000000000000000000, 1.000000000000000000, -0.000000000000000000 ) ) ;
#663 = EDGE_CURVE ( 'NONE', #129, #1669, #984, .T. ) ;
#664 = AXIS2_PLACEMENT_3D ( 'NONE', #1497, #1102, #1411 ) ;
#665 = CARTESIAN_POINT ( 'NONE',  ( 411.1977152147791799, -115.8793669483496274, -0.1499999999999999667 ) ) ;
#666 = DIRECTION ( 'NONE',  ( 1.000000000000000000, -0.000000000000000000, -0.000000000000000000 ) ) ;
#667 = CC_DESIGN_DATE_AND_TIME_ASSIGNMENT ( #586, #568, ( #1924 ) ) ;
#668 = CIRCLE ( 'NONE', #914, 6.249999999999977796 ) ;
#669 = ORIENTED_EDGE ( 'NONE', *, *, #1521, .F. ) ;
#670 = LINE ( 'NONE', #1253, #889 ) ;
#671 = ORIENTED_EDGE ( 'NONE', *, *, #1474, .F. ) ;
#672 = DIRECTION ( 'NONE',  ( 0.000000000000000000, -0.000000000000000000, 1.000000000000000000 ) ) ;
#673 = ORIENTED_EDGE ( 'NONE', *, *, #1322, .F. ) ;
#674 = FACE_OUTER_BOUND ( 'NONE', #1636, .T. ) ;
#675 = CARTESIAN_POINT ( 'NONE',  ( 413.1977152147791799, -115.8793669483496274, -0.1499999999999999667 ) ) ;
#676 = PLANE ( 'NONE',  #409 ) ;
#677 = DIRECTION ( 'NONE',  ( 0.000000000000000000, 1.000000000000000000, 0.000000000000000000 ) ) ;
#678 = ORIENTED_EDGE ( 'NONE', *, *, #1288, .F. ) ;
#679 = VERTEX_POINT ( 'NONE', #1612 ) ;
#680 = CARTESIAN_POINT ( 'NONE',  ( 418.8927152147792299, -120.7598403671505451, 5.599999999999999645 ) ) ;
#681 = CIRCLE ( 'NONE', #928, 6.249999999999977796 ) ;
#682 = ORIENTED_EDGE ( 'NONE', *, *, #1558, .T. ) ;
#683 = ADVANCED_FACE ( 'NONE', ( #997 ), #64, .T. ) ;
#684 = DIRECTION ( 'NONE',  ( 1.000000000000000000, 0.000000000000000000, -0.000000000000000000 ) ) ;
#685 = EDGE_CURVE ( 'NONE', #1017, #437, #247, .T. ) ;
#686 = CARTESIAN_POINT ( 'NONE',  ( 420.0526302455077143, 3.195009232153282142, 10.75000000000000000 ) ) ;
#687 = ADVANCED_FACE ( 'NONE', ( #859 ), #676, .F. ) ;
#688 = DIRECTION ( 'NONE',  ( 0.000000000000000000, 1.000000000000000000, 0.000000000000000000 ) ) ;
#689 = VECTOR ( 'NONE', #775, 1000.000000000000000 ) ;
#690 = FACE_OUTER_BOUND ( 'NONE', #112, .T. ) ;
#691 = ORIENTED_EDGE ( 'NONE', *, *, #1720, .F. ) ;
#692 = LINE ( 'NONE', #989, #1882 ) ;
#693 = VERTEX_POINT ( 'NONE', #1004 ) ;
#694 = EDGE_CURVE ( 'NONE', #22, #1279, #1303, .T. ) ;
#695 = LOCAL_TIME ( 20, 17, 2.000000000000000000, #1178 ) ;
#696 = ORIENTED_EDGE ( 'NONE', *, *, #244, .T. ) ;
#697 = CARTESIAN_POINT ( 'NONE',  ( 414.7420947154881787, -125.4243761805029465, 10.75000000000000000 ) ) ;
#698 = CARTESIAN_POINT ( 'NONE',  ( 394.6951796847592959, -109.6099815356934499, -1.800000000000000044 ) ) ;
#699 = DIRECTION ( 'NONE',  ( 1.000000000000000000, 0.000000000000000000, 0.000000000000000000 ) ) ;
#700 = VERTEX_POINT ( 'NONE', #698 ) ;
#701 = DIRECTION ( 'NONE',  ( 1.000000000000000000, 0.000000000000000000, -0.000000000000000000 ) ) ;
#702 = VECTOR ( 'NONE', #160, 1000.000000000000000 ) ;
#703 = ADVANCED_FACE ( 'NONE', ( #1630 ), #1294, .F. ) ;
#704 = EDGE_CURVE ( 'NONE', #1910, #578, #1283, .T. ) ;
#705 = EDGE_LOOP ( 'NONE', ( #1144, #574, #584, #1210 ) ) ;
#706 = LINE ( 'NONE', #257, #1311 ) ;
#707 = CARTESIAN_POINT ( 'NONE',  ( 334.1477152147792253, -53.97200000000000841, 1.000000000000049516 ) ) ;
#708 = DIRECTION ( 'NONE',  ( -0.000000000000000000, -0.000000000000000000, -1.000000000000000000 ) ) ;
#709 = VERTEX_POINT ( 'NONE', #1159 ) ;
#710 = ADVANCED_FACE ( 'NONE', ( #851 ), #1556, .T. ) ;
#711 = ORIENTED_EDGE ( 'NONE', *, *, #399, .T. ) ;
#712 = LINE ( 'NONE', #1002, #475 ) ;
#713 = VECTOR ( 'NONE', #606, 1000.000000000000000 ) ;
#714 = CIRCLE ( 'NONE', #203, 5.400000000000016342 ) ;
#715 = CARTESIAN_POINT ( 'NONE',  ( 401.6927152147791844, -15.00000000000000178, -0.2999999999999999334 ) ) ;
#716 = DIRECTION ( 'NONE',  ( 1.000000000000000000, 0.000000000000000000, 0.000000000000000000 ) ) ;
#717 = EDGE_CURVE ( 'NONE', #646, #693, #1171, .T. ) ;
#718 = ADVANCED_FACE ( 'NONE', ( #1076 ), #468, .F. ) ;
#719 = VERTEX_POINT ( 'NONE', #1692 ) ;
#720 = CARTESIAN_POINT ( 'NONE',  ( 404.4240522503762918, -127.8049907678467321, 10.75000000000000000 ) ) ;
#721 = ORIENTED_EDGE ( 'NONE', *, *, #541, .F. ) ;
#722 = CC_DESIGN_APPROVAL ( #1955, ( #1601 ) ) ;
#723 = SECURITY_CLASSIFICATION_LEVEL ( 'unclassified' ) ;
#724 = CARTESIAN_POINT ( 'NONE',  ( 421.6927152147791844, 4.999999999999999112, 12.24999999999999822 ) ) ;
#725 = EDGE_LOOP ( 'NONE', ( #1652, #1935, #448, #1310, #776, #489, #1771, #585, #1318, #1450, #223, #696, #1604, #1527, #1957, #291, #1367, #323, #734, #1274, #1471, #924 ) ) ;
#726 = ORIENTED_EDGE ( 'NONE', *, *, #1778, .F. ) ;
#727 = CARTESIAN_POINT ( 'NONE',  ( 395.4427152147791844, -15.00000000000000178, -1.800000000000000044 ) ) ;
#728 = ORIENTED_EDGE ( 'NONE', *, *, #474, .F. ) ;
#729 = VECTOR ( 'NONE', #684, 1000.000000000000000 ) ;
#730 = AXIS2_PLACEMENT_3D ( 'NONE', #192, #1590, #20 ) ;
#731 = ORIENTED_EDGE ( 'NONE', *, *, #569, .T. ) ;
#732 = LINE ( 'NONE', #91, #1776 ) ;
#733 = DIRECTION ( 'NONE',  ( 1.000000000000000000, 0.000000000000000000, 0.000000000000000000 ) ) ;
#734 = ORIENTED_EDGE ( 'NONE', *, *, #855, .T. ) ;
#735 = DIRECTION ( 'NONE',  ( -0.000000000000000000, 1.000000000000000000, 0.000000000000000000 ) ) ;
#736 = ORIENTED_EDGE ( 'NONE', *, *, #542, .F. ) ;
#737 = ADVANCED_FACE ( 'NONE', ( #1649 ), #1680, .T. ) ;
#738 = EDGE_CURVE ( 'NONE', #132, #129, #1843, .T. ) ;
#739 = LINE ( 'NONE', #145, #602 ) ;
#740 = LINE ( 'NONE', #473, #1844 ) ;
#741 = VECTOR ( 'NONE', #907, 1000.000000000000000 ) ;
#742 = LINE ( 'NONE', #919, #1490 ) ;
#743 = ORIENTED_EDGE ( 'NONE', *, *, #1048, .T. ) ;
#744 = CARTESIAN_POINT ( 'NONE',  ( 407.9427152147791276, -15.00000000000000178, -0.2999999999999999334 ) ) ;
#745 = VECTOR ( 'NONE', #224, 1000.000000000000000 ) ;
#746 = ORIENTED_EDGE ( 'NONE', *, *, #963, .T. ) ;
#747 = DIRECTION ( 'NONE',  ( -1.000000000000000000, 0.000000000000000000, 0.000000000000000000 ) ) ;
#748 = CARTESIAN_POINT ( 'NONE',  ( 334.1477152147792253, -53.97200000000000841, -0.1499999999999999667 ) ) ;
#749 = VERTEX_POINT ( 'NONE', #141 ) ;
#750 = LINE ( 'NONE', #151, #1241 ) ;
#751 = EDGE_CURVE ( 'NONE', #1153, #1814, #760, .T. ) ;
#752 = CARTESIAN_POINT ( 'NONE',  ( 407.2855290942945317, -124.4293669483496245, 10.75000000000000000 ) ) ;
#753 = VECTOR ( 'NONE', #796, 1000.000000000000000 ) ;
#754 = ORIENTED_EDGE ( 'NONE', *, *, #139, .T. ) ;
#755 = DIRECTION ( 'NONE',  ( -0.000000000000000000, -0.000000000000000000, -1.000000000000000000 ) ) ;
#756 = DIRECTION ( 'NONE',  ( 0.000000000000000000, 0.000000000000000000, -1.000000000000000000 ) ) ;
#757 = ORIENTED_EDGE ( 'NONE', *, *, #1794, .T. ) ;
#758 = FACE_OUTER_BOUND ( 'NONE', #1291, .T. ) ;
#759 = ORIENTED_EDGE ( 'NONE', *, *, #1707, .T. ) ;
#760 = LINE ( 'NONE', #1712, #46 ) ;
#761 = EDGE_CURVE ( 'NONE', #437, #809, #923, .T. ) ;
#762 = ORIENTED_EDGE ( 'NONE', *, *, #1820, .T. ) ;
#763 = DIRECTION ( 'NONE',  ( -0.000000000000000000, -0.000000000000000000, -1.000000000000000000 ) ) ;
#764 = CARTESIAN_POINT ( 'NONE',  ( 414.7420947154881787, -125.4243761805029465, 12.24999999999999822 ) ) ;
#765 = CARTESIAN_POINT ( 'NONE',  ( 282.4722410603346816, -127.8049907678467321, 10.75000000000000000 ) ) ;
#766 = PLANE ( 'NONE',  #1610 ) ;
#767 = CYLINDRICAL_SURFACE ( 'NONE', #1001, 5.400000000000016342 ) ;
#768 = VECTOR ( 'NONE', #927, 1000.000000000000114 ) ;
#769 = ORIENTED_EDGE ( 'NONE', *, *, #1600, .T. ) ;
#770 = ADVANCED_FACE ( 'NONE', ( #110 ), #1806, .T. ) ;
#771 = VECTOR ( 'NONE', #708, 1000.000000000000000 ) ;
#772 = DIRECTION ( 'NONE',  ( -0.000000000000000000, -0.000000000000000000, -1.000000000000000000 ) ) ;
#773 = EDGE_LOOP ( 'NONE', ( #477, #1000 ) ) ;
#774 = VECTOR ( 'NONE', #1124, 1000.000000000000000 ) ;
#775 = DIRECTION ( 'NONE',  ( -0.000000000000000000, -1.000000000000000000, -0.000000000000000000 ) ) ;
#776 = ORIENTED_EDGE ( 'NONE', *, *, #1778, .T. ) ;
#777 = CARTESIAN_POINT ( 'NONE',  ( 405.7977152147791458, -115.8793669483496274, 5.599999999999999645 ) ) ;
#778 = LINE ( 'NONE', #1400, #8 ) ;
#779 = DIRECTION ( 'NONE',  ( 0.000000000000000000, 0.000000000000000000, -1.000000000000000000 ) ) ;
#780 = AXIS2_PLACEMENT_3D ( 'NONE', #197, #522, #1759 ) ;
#781 = ORIENTED_EDGE ( 'NONE', *, *, #328, .F. ) ;
#782 = CARTESIAN_POINT ( 'NONE',  ( 328.7477152147791912, -53.97200000000000841, 5.599999999999999645 ) ) ;
#783 = EDGE_CURVE ( 'NONE', #298, #49, #1540, .T. ) ;
#784 = VERTEX_POINT ( 'NONE', #420 ) ;
#785 = CARTESIAN_POINT ( 'NONE',  ( 412.6927152147791844, -4.000000000000000000, 5.599999999999999645 ) ) ;
#786 = VERTEX_POINT ( 'NONE', #1022 ) ;
#787 = DIRECTION ( 'NONE',  ( 1.000000000000000000, 0.000000000000000000, 0.000000000000000000 ) ) ;
#788 = VECTOR ( 'NONE', #918, 1000.000000000000114 ) ;
#789 = FACE_OUTER_BOUND ( 'NONE', #159, .T. ) ;
#790 = CARTESIAN_POINT ( 'NONE',  ( 404.4240522503762918, -127.8049907678467321, 10.75000000000000000 ) ) ;
#791 = VERTEX_POINT ( 'NONE', #480 ) ;
#792 = DIRECTION ( 'NONE',  ( -0.000000000000000000, -0.000000000000000000, -1.000000000000000000 ) ) ;
#793 = ORIENTED_EDGE ( 'NONE', *, *, #1399, .F. ) ;
#794 = LINE ( 'NONE', #535, #1464 ) ;
#795 = VERTEX_POINT ( 'NONE', #322 ) ;
#796 = DIRECTION ( 'NONE',  ( 1.000000000000000000, 0.000000000000000000, 0.000000000000000000 ) ) ;
#797 = DIRECTION ( 'NONE',  ( 0.7071703182437242274, 0.7070432384197375963, 0.000000000000000000 ) ) ;
#798 = EDGE_CURVE ( 'NONE', #827, #639, #580, .T. ) ;
#799 = EDGE_CURVE ( 'NONE', #709, #1823, #312, .T. ) ;
#800 = CARTESIAN_POINT ( 'NONE',  ( 407.2855290942945317, -124.4293669483496245, 5.599999999999999645 ) ) ;
#801 = CARTESIAN_POINT ( 'NONE',  ( 10.68042987029309820, -127.8049907678467321, 12.24999999999999822 ) ) ;
#802 = ORIENTED_EDGE ( 'NONE', *, *, #1578, .F. ) ;
#803 = CARTESIAN_POINT ( 'NONE',  ( 406.8050947154879395, -125.4243761805029180, 12.24999999999999822 ) ) ;
#804 = AXIS2_PLACEMENT_3D ( 'NONE', #748, #1041, #875 ) ;
#805 = VERTEX_POINT ( 'NONE', #913 ) ;
#806 = CIRCLE ( 'NONE', #372, 2.000000000000001776 ) ;
#807 = CARTESIAN_POINT ( 'NONE',  ( 334.1477152147792253, -53.97200000000000841, 5.599999999999999645 ) ) ;
#808 = EDGE_CURVE ( 'NONE', #934, #1910, #1394, .T. ) ;
#809 = VERTEX_POINT ( 'NONE', #1383 ) ;
#810 = CARTESIAN_POINT ( 'NONE',  ( 12.76812274805451608, -120.6099815356934357, 5.599999999999999645 ) ) ;
#811 = EDGE_CURVE ( 'NONE', #379, #795, #1485, .T. ) ;
#812 = CARTESIAN_POINT ( 'NONE',  ( 207.5526302455077143, -120.6099815356934357, 5.599999999999999645 ) ) ;
#813 = AXIS2_PLACEMENT_3D ( 'NONE', #1496, #1190, #426 ) ;
#814 = DIRECTION ( 'NONE',  ( 0.000000000000000000, 0.000000000000000000, 1.000000000000000000 ) ) ;
#815 = CARTESIAN_POINT ( 'NONE',  ( 418.8927152147792299, -120.7598403671505451, 5.599999999999999645 ) ) ;
#816 = CARTESIAN_POINT ( 'NONE',  ( 411.1977152147791799, -115.8793669483496274, 5.599999999999999645 ) ) ;
#817 = ORIENTED_EDGE ( 'NONE', *, *, #374, .F. ) ;
#818 = ORIENTED_EDGE ( 'NONE', *, *, #663, .T. ) ;
#819 = PLANE ( 'NONE',  #843 ) ;
#820 = ORIENTED_EDGE ( 'NONE', *, *, #1115, .F. ) ;
#821 = FACE_OUTER_BOUND ( 'NONE', #87, .T. ) ;
#822 = CALENDAR_DATE ( 2025, 5, 11 ) ;
#823 = AXIS2_PLACEMENT_3D ( 'NONE', #324, #164, #981 ) ;
#824 = AXIS2_PLACEMENT_3D ( 'NONE', #1073, #1201, #124 ) ;
#825 = LINE ( 'NONE', #1449, #1792 ) ;
#826 = AXIS2_PLACEMENT_3D ( 'NONE', #1798, #375, #1621 ) ;
#827 = VERTEX_POINT ( 'NONE', #1868 ) ;
#828 = LINE ( 'NONE', #1287, #396 ) ;
#829 = EDGE_CURVE ( 'NONE', #1169, #154, #1098, .T. ) ;
#830 = ORIENTED_EDGE ( 'NONE', *, *, #1650, .F. ) ;
#831 = CARTESIAN_POINT ( 'NONE',  ( 207.5526302455077143, -129.6099815356934357, -1.800000000000023803 ) ) ;
#832 = VERTEX_POINT ( 'NONE', #1179 ) ;
#833 = DIRECTION ( 'NONE',  ( 0.000000000000000000, 0.000000000000000000, 1.000000000000000000 ) ) ;
#834 = APPROVAL_STATUS ( 'not_yet_approved' ) ;
#835 = CARTESIAN_POINT ( 'NONE',  ( 420.0526302455077143, -120.1147949636142584, 12.24999999999999822 ) ) ;
#836 = CARTESIAN_POINT ( 'NONE',  ( 415.9927152147791958, -98.45989286573049526, 1.199999999999983968 ) ) ;
#837 = ORIENTED_EDGE ( 'NONE', *, *, #2, .T. ) ;
#838 = ADVANCED_FACE ( 'NONE', ( #7, #1231, #620 ), #868, .F. ) ;
#839 = ORIENTED_EDGE ( 'NONE', *, *, #1218, .F. ) ;
#840 = CIRCLE ( 'NONE', #103, 6.249999999999977796 ) ;
#841 = CALENDAR_DATE ( 2025, 5, 11 ) ;
#842 = DIRECTION ( 'NONE',  ( -0.7071703182436954727, -0.7070432384197663511, 0.000000000000000000 ) ) ;
#843 = AXIS2_PLACEMENT_3D ( 'NONE', #1913, #513, #672 ) ;
#844 = FACE_BOUND ( 'NONE', #432, .T. ) ;
#845 = EDGE_CURVE ( 'NONE', #869, #1760, #1055, .T. ) ;
#846 = PRODUCT ( '2-back', '2-back', '', ( #227 ) ) ;
#847 = EDGE_LOOP ( 'NONE', ( #335, #69, #968, #721 ) ) ;
#848 = CYLINDRICAL_SURFACE ( 'NONE', #1129, 6.249999999999977796 ) ;
#849 = ORIENTED_EDGE ( 'NONE', *, *, #1115, .T. ) ;
#850 = DIRECTION ( 'NONE',  ( -0.000000000000000000, -0.000000000000000000, 1.000000000000000000 ) ) ;
#851 = FACE_OUTER_BOUND ( 'NONE', #1064, .T. ) ;
#852 = CARTESIAN_POINT ( 'NONE',  ( 411.1977152147791799, -115.8793669483496274, 0.9999999999999376055 ) ) ;
#853 = ORIENTED_EDGE ( 'NONE', *, *, #917, .T. ) ;
#854 = CARTESIAN_POINT ( 'NONE',  ( 406.8050947154879395, -125.4243761805029180, 12.24999999999999822 ) ) ;
#855 = EDGE_CURVE ( 'NONE', #1232, #1017, #525, .T. ) ;
#856 = AXIS2_PLACEMENT_3D ( 'NONE', #1088, #1674, #1368 ) ;
#857 = ORIENTED_EDGE ( 'NONE', *, *, #991, .F. ) ;
#858 = CARTESIAN_POINT ( 'NONE',  ( 401.6927152147791844, -15.00000000000000178, -0.2999999999999999334 ) ) ;
#859 = FACE_OUTER_BOUND ( 'NONE', #1987, .T. ) ;
#860 = CARTESIAN_POINT ( 'NONE',  ( 421.6927152147791844, -98.45989286573049526, 3.199999999999985523 ) ) ;
#861 = EDGE_CURVE ( 'NONE', #679, #832, #1571, .T. ) ;
#862 = VERTEX_POINT ( 'NONE', #680 ) ;
#863 = CARTESIAN_POINT ( 'NONE',  ( 412.6927152147791844, -110.0001987927242055, 0.3342605842740654087 ) ) ;
#864 = VERTEX_POINT ( 'NONE', #1255 ) ;
#865 = EDGE_CURVE ( 'NONE', #1902, #1420, #967, .T. ) ;
#866 = VECTOR ( 'NONE', #442, 1000.000000000000000 ) ;
#867 = AXIS2_PLACEMENT_3D ( 'NONE', #1553, #755, #747 ) ;
#868 = PLANE ( 'NONE',  #813 ) ;
#869 = VERTEX_POINT ( 'NONE', #186 ) ;
#870 = ORIENTED_EDGE ( 'NONE', *, *, #865, .F. ) ;
#871 = CARTESIAN_POINT ( 'NONE',  ( 405.6060201460489338, -118.2293669483496217, 0.3360112877929586905 ) ) ;
#872 = VERTEX_POINT ( 'NONE', #1560 ) ;
#873 = CARTESIAN_POINT ( 'NONE',  ( 232.5726302455077246, 2.200000000000000178, 62.15991928837468095 ) ) ;
#874 = CARTESIAN_POINT ( 'NONE',  ( 418.8927152147792299, -120.7598403671505451, 10.75000000000000000 ) ) ;
#875 = DIRECTION ( 'NONE',  ( 1.000000000000000000, 0.000000000000000000, 0.000000000000000000 ) ) ;
#876 = ORIENTED_EDGE ( 'NONE', *, *, #148, .F. ) ;
#877 = VECTOR ( 'NONE', #1762, 1000.000000000000000 ) ;
#878 = CYLINDRICAL_SURFACE ( 'NONE', #1321, 5.400000000000016342 ) ;
#879 = ADVANCED_FACE ( 'NONE', ( #1737 ), #1442, .T. ) ;
#880 = EDGE_CURVE ( 'NONE', #1940, #719, #1879, .T. ) ;
#881 = AXIS2_PLACEMENT_3D ( 'NONE', #245, #1645, #1012 ) ;
#882 = DIRECTION ( 'NONE',  ( -0.000000000000000000, -0.000000000000000000, -1.000000000000000000 ) ) ;
#883 = DIRECTION ( 'NONE',  ( 0.000000000000000000, -1.000000000000000000, -0.000000000000000000 ) ) ;
#884 = DIRECTION ( 'NONE',  ( 0.000000000000000000, -1.000000000000000000, -0.000000000000000000 ) ) ;
#885 = EDGE_CURVE ( 'NONE', #1932, #1642, #1300, .T. ) ;
#886 = ORIENTED_EDGE ( 'NONE', *, *, #917, .F. ) ;
#887 = DIRECTION ( 'NONE',  ( -1.000000000000000000, 0.000000000000000000, 0.000000000000000000 ) ) ;
#888 = ORIENTED_EDGE ( 'NONE', *, *, #1672, .T. ) ;
#889 = VECTOR ( 'NONE', #1911, 1000.000000000000000 ) ;
#890 = CARTESIAN_POINT ( 'NONE',  ( 207.5526302455077143, -3.999999999999999112, 0.000000000000000000 ) ) ;
#891 = LINE ( 'NONE', #1361, #1262 ) ;
#892 = AXIS2_PLACEMENT_3D ( 'NONE', #1246, #936, #624 ) ;
#893 = EDGE_CURVE ( 'NONE', #592, #1153, #1903, .T. ) ;
#894 = CYLINDRICAL_SURFACE ( 'NONE', #286, 6.249999999999977796 ) ;
#895 = CARTESIAN_POINT ( 'NONE',  ( 336.1477152147792253, -53.97200000000000841, -0.1499999999999999667 ) ) ;
#896 = ADVANCED_FACE ( 'NONE', ( #1725 ), #819, .F. ) ;
#897 = ORIENTED_EDGE ( 'NONE', *, *, #569, .F. ) ;
#898 = CYLINDRICAL_SURFACE ( 'NONE', #552, 5.400000000000016342 ) ;
#899 = VECTOR ( 'NONE', #458, 1000.000000000000000 ) ;
#900 = ORIENTED_EDGE ( 'NONE', *, *, #1266, .F. ) ;
#901 = CARTESIAN_POINT ( 'NONE',  ( 207.5526302455077143, -129.6099815356934357, 12.24999999999999822 ) ) ;
#902 = ORIENTED_EDGE ( 'NONE', *, *, #415, .T. ) ;
#903 = FACE_OUTER_BOUND ( 'NONE', #567, .T. ) ;
#904 = CARTESIAN_POINT ( 'NONE',  ( 418.8927152147792299, 2.200000000000000178, 10.75000000000000000 ) ) ;
#905 = FACE_OUTER_BOUND ( 'NONE', #929, .T. ) ;
#906 = CARTESIAN_POINT ( 'NONE',  ( 207.5526302455077143, -129.6099815356934357, -1.800000000000023803 ) ) ;
#907 = DIRECTION ( 'NONE',  ( 1.000000000000000000, 0.000000000000000000, 0.000000000000000000 ) ) ;
#908 = VERTEX_POINT ( 'NONE', #50 ) ;
#909 = EDGE_CURVE ( 'NONE', #123, #786, #1290, .T. ) ;
#910 = CARTESIAN_POINT ( 'NONE',  ( 207.5526302455077143, -120.6099815356934357, 0.000000000000000000 ) ) ;
#911 = CIRCLE ( 'NONE', #664, 5.400000000000016342 ) ;
#912 = ORIENTED_EDGE ( 'NONE', *, *, #542, .T. ) ;
#913 = CARTESIAN_POINT ( 'NONE',  ( 412.6927152147791844, -110.6904388316765733, 0.9999999999999376055 ) ) ;
#914 = AXIS2_PLACEMENT_3D ( 'NONE', #1786, #100, #108 ) ;
#915 = ORIENTED_EDGE ( 'NONE', *, *, #1971, .T. ) ;
#916 = CARTESIAN_POINT ( 'NONE',  ( 415.9927152147791958, -98.45989286573049526, 3.199999999999985523 ) ) ;
#917 = EDGE_CURVE ( 'NONE', #1084, #66, #979, .T. ) ;
#918 = DIRECTION ( 'NONE',  ( -0.7071067811865674457, 0.000000000000000000, -0.7071067811865275887 ) ) ;
#919 = CARTESIAN_POINT ( 'NONE',  ( 402.3366888931536778, -120.6099815356934357, 5.599999999999999645 ) ) ;
#920 = EDGE_LOOP ( 'NONE', ( #1263, #599 ) ) ;
#921 = CARTESIAN_POINT ( 'NONE',  ( 407.2855290942945317, -124.4293669483496245, 5.599999999999999645 ) ) ;
#922 = ORIENTED_EDGE ( 'NONE', *, *, #865, .T. ) ;
#923 = LINE ( 'NONE', #1963, #899 ) ;
#924 = ORIENTED_EDGE ( 'NONE', *, *, #1820, .F. ) ;
#925 = FACE_OUTER_BOUND ( 'NONE', #1265, .T. ) ;
#926 = CYLINDRICAL_SURFACE ( 'NONE', #867, 6.249999999999977796 ) ;
#927 = DIRECTION ( 'NONE',  ( 0.7071703182436933632, 0.7070432384197683495, 0.000000000000000000 ) ) ;
#928 = AXIS2_PLACEMENT_3D ( 'NONE', #1732, #1116, #180 ) ;
#929 = EDGE_LOOP ( 'NONE', ( #1403, #301, #1582, #726 ) ) ;
#930 = CARTESIAN_POINT ( 'NONE',  ( 339.5477152147792026, -53.97200000000000841, 5.599999999999999645 ) ) ;
#931 = ORIENTED_EDGE ( 'NONE', *, *, #1354, .T. ) ;
#932 = VECTOR ( 'NONE', #1431, 1000.000000000000000 ) ;
#933 = CARTESIAN_POINT ( 'NONE',  ( 421.6927152147791844, -121.9197857314609763, -450.7362439051084380 ) ) ;
#934 = VERTEX_POINT ( 'NONE', #955 ) ;
#935 = CARTESIAN_POINT ( 'NONE',  ( 415.9927152147791958, -98.45989286573049526, 3.199999999999985523 ) ) ;
#936 = DIRECTION ( 'NONE',  ( 0.000000000000000000, -1.000000000000000000, 0.000000000000000000 ) ) ;
#937 = DIRECTION ( 'NONE',  ( 0.000000000000000000, 1.000000000000000000, 0.000000000000000000 ) ) ;
#938 = FACE_OUTER_BOUND ( 'NONE', #1191, .T. ) ;
#939 = LOCAL_TIME ( 20, 17, 2.000000000000000000, #1804 ) ;
#940 = ORIENTED_EDGE ( 'NONE', *, *, #1148, .T. ) ;
#941 = ORIENTED_EDGE ( 'NONE', *, *, #385, .T. ) ;
#942 = CYLINDRICAL_SURFACE ( 'NONE', #1334, 5.400000000000016342 ) ;
#943 = EDGE_CURVE ( 'NONE', #465, #1038, #38, .T. ) ;
#944 = EDGE_CURVE ( 'NONE', #1561, #1740, #1454, .T. ) ;
#945 = EDGE_LOOP ( 'NONE', ( #1949, #1832, #1269, #1117 ) ) ;
#946 = CARTESIAN_POINT ( 'NONE',  ( 282.4722410603346816, -126.8099815356934243, 10.75000000000000000 ) ) ;
#947 = AXIS2_PLACEMENT_3D ( 'NONE', #1997, #1512, #449 ) ;
#948 = CIRCLE ( 'NONE', #89, 2.000000000000001332 ) ;
#949 = PLANE ( 'NONE',  #1234 ) ;
#950 = FACE_OUTER_BOUND ( 'NONE', #12, .T. ) ;
#951 = DIRECTION ( 'NONE',  ( 1.000000000000000000, -0.000000000000000000, -0.000000000000000000 ) ) ;
#952 = ORIENTED_EDGE ( 'NONE', *, *, #1203, .F. ) ;
#953 = DIRECTION ( 'NONE',  ( 3.496985714454837195E-15, 1.000000000000000000, -0.000000000000000000 ) ) ;
#954 = ORIENTED_EDGE ( 'NONE', *, *, #1632, .T. ) ;
#955 = CARTESIAN_POINT ( 'NONE',  ( 207.5526302455077143, 2.200000000000000178, 5.599999999999999645 ) ) ;
#956 = EDGE_LOOP ( 'NONE', ( #897, #1713, #759, #1515 ) ) ;
#957 = CARTESIAN_POINT ( 'NONE',  ( 408.4451796847593528, -127.2293669483496359, 12.24999999999999822 ) ) ;
#958 = FACE_OUTER_BOUND ( 'NONE', #1856, .T. ) ;
#959 = APPROVAL_ROLE ( '' ) ;
#960 = DIRECTION ( 'NONE',  ( 1.000000000000000000, 0.000000000000000000, 0.000000000000000000 ) ) ;
#961 = FACE_BOUND ( 'NONE', #161, .T. ) ;
#962 = ORIENTED_EDGE ( 'NONE', *, *, #194, .F. ) ;
#963 = EDGE_CURVE ( 'NONE', #80, #1384, #794, .T. ) ;
#964 = CARTESIAN_POINT ( 'NONE',  ( 414.7420947154881787, -125.4243761805028896, 12.24999999999999822 ) ) ;
#965 = ORIENTED_EDGE ( 'NONE', *, *, #1068, .T. ) ;
#966 = AXIS2_PLACEMENT_3D ( 'NONE', #852, #1160, #248 ) ;
#967 = LINE ( 'NONE', #212, #745 ) ;
#968 = ORIENTED_EDGE ( 'NONE', *, *, #694, .F. ) ;
#969 = DIRECTION ( 'NONE',  ( -0.000000000000000000, -0.000000000000000000, -1.000000000000000000 ) ) ;
#970 = DIRECTION ( 'NONE',  ( -0.000000000000000000, -0.000000000000000000, -1.000000000000000000 ) ) ;
#971 = CARTESIAN_POINT ( 'NONE',  ( 232.5722410603346475, -126.8099815356934243, 12.24999999999999645 ) ) ;
#972 = CARTESIAN_POINT ( 'NONE',  ( 334.1477152147792253, -53.97200000000000841, 5.599999999999999645 ) ) ;
#973 = EDGE_CURVE ( 'NONE', #1791, #366, #1721, .T. ) ;
#974 = ORIENTED_EDGE ( 'NONE', *, *, #1011, .T. ) ;
#975 = CARTESIAN_POINT ( 'NONE',  ( 412.6927152147791844, -110.6904388316765733, 5.599999999999999645 ) ) ;
#976 = AXIS2_PLACEMENT_3D ( 'NONE', #215, #1730, #1457 ) ;
#977 = CIRCLE ( 'NONE', #1141, 2.000000000000001776 ) ;
#978 = ORIENTED_EDGE ( 'NONE', *, *, #1438, .T. ) ;
#979 = LINE ( 'NONE', #1891, #495 ) ;
#980 = ORIENTED_EDGE ( 'NONE', *, *, #1986, .F. ) ;
#981 = DIRECTION ( 'NONE',  ( -1.000000000000000000, 0.000000000000000000, -0.000000000000000000 ) ) ;
#982 = PERSON_AND_ORGANIZATION ( #18446744073709551615, #18446744073709551615 ) ;
#983 = VECTOR ( 'NONE', #772, 1000.000000000000000 ) ;
#984 = LINE ( 'NONE', #413, #774 ) ;
#985 = DIRECTION ( 'NONE',  ( -0.000000000000000000, -0.000000000000000000, -1.000000000000000000 ) ) ;
#986 = AXIS2_PLACEMENT_3D ( 'NONE', #1090, #1731, #960 ) ;
#987 = EDGE_CURVE ( 'NONE', #195, #832, #1772, .T. ) ;
#988 = ORIENTED_EDGE ( 'NONE', *, *, #364, .T. ) ;
#989 = CARTESIAN_POINT ( 'NONE',  ( 414.7420947154881787, -125.4243761805029465, 12.24999999999999822 ) ) ;
#990 = ORIENTED_EDGE ( 'NONE', *, *, #95, .T. ) ;
#991 = EDGE_CURVE ( 'NONE', #1595, #1669, #26, .T. ) ;
#992 = ORIENTED_EDGE ( 'NONE', *, *, #1848, .F. ) ;
#993 = ADVANCED_FACE ( 'NONE', ( #346 ), #942, .T. ) ;
#994 = PLANE ( 'NONE',  #1537 ) ;
#995 = AXIS2_PLACEMENT_3D ( 'NONE', #1538, #13, #1528 ) ;
#996 = LINE ( 'NONE', #644, #1503 ) ;
#997 = FACE_OUTER_BOUND ( 'NONE', #999, .T. ) ;
#998 = CARTESIAN_POINT ( 'NONE',  ( 334.1477152147792253, -53.97200000000000841, 5.599999999999999645 ) ) ;
#999 = EDGE_LOOP ( 'NONE', ( #1511, #1221, #77, #1992 ) ) ;
#1000 = ORIENTED_EDGE ( 'NONE', *, *, #446, .F. ) ;
#1001 = AXIS2_PLACEMENT_3D ( 'NONE', #158, #326, #1708 ) ;
#1002 = CARTESIAN_POINT ( 'NONE',  ( 406.0641372196477619, -129.6099815356934357, -450.7362439051084380 ) ) ;
#1003 = PERSON_AND_ORGANIZATION ( #18446744073709551615, #18446744073709551615 ) ;
#1004 = CARTESIAN_POINT ( 'NONE',  ( 332.1477152147792253, -53.97200000000000841, 5.599999999999999645 ) ) ;
#1005 = VECTOR ( 'NONE', #640, 1000.000000000000000 ) ;
#1006 = LINE ( 'NONE', #1479, #1426 ) ;
#1007 = VERTEX_POINT ( 'NONE', #367 ) ;
#1008 = CARTESIAN_POINT ( 'NONE',  ( 406.3358739997660791, -118.2293669483496217, 0.9999999999999376055 ) ) ;
#1009 = VERTEX_POINT ( 'NONE', #1167 ) ;
#1010 = VERTEX_POINT ( 'NONE', #1473 ) ;
#1011 = EDGE_CURVE ( 'NONE', #1954, #1541, #1329, .T. ) ;
#1012 = DIRECTION ( 'NONE',  ( 1.000000000000000000, 0.000000000000000000, 0.000000000000000000 ) ) ;
#1013 = CARTESIAN_POINT ( 'NONE',  ( 415.9927152147791958, -18.45989286573050236, 3.199999999999995293 ) ) ;
#1014 = CARTESIAN_POINT ( 'NONE',  ( 382.1951796847593528, -109.6099815356934499, -0.2999999999999999334 ) ) ;
#1015 = VECTOR ( 'NONE', #763, 1000.000000000000000 ) ;
#1016 = VECTOR ( 'NONE', #1410, 1000.000000000000000 ) ;
#1017 = VERTEX_POINT ( 'NONE', #253 ) ;
#1018 = EDGE_CURVE ( 'NONE', #154, #1169, #459, .T. ) ;
#1019 = CARTESIAN_POINT ( 'NONE',  ( 207.5526302455077143, -120.6099815356934357, 5.599999999999999645 ) ) ;
#1020 = DESIGN_CONTEXT ( 'detailed design', #1769, 'design' ) ;
#1021 = PERSON_AND_ORGANIZATION_ROLE ( 'creator' ) ;
#1022 = CARTESIAN_POINT ( 'NONE',  ( 421.6927152147791844, -121.9197857314609763, 12.24999999999999822 ) ) ;
#1023 = ORIENTED_EDGE ( 'NONE', *, *, #1018, .T. ) ;
#1024 = ORIENTED_EDGE ( 'NONE', *, *, #352, .F. ) ;
#1025 = DIRECTION ( 'NONE',  ( 0.000000000000000000, 1.000000000000000000, 0.000000000000000000 ) ) ;
#1026 = ORIENTED_EDGE ( 'NONE', *, *, #861, .F. ) ;
#1027 = DIRECTION ( 'NONE',  ( 1.000000000000000000, 0.000000000000000000, -0.000000000000000000 ) ) ;
#1028 = COORDINATED_UNIVERSAL_TIME_OFFSET ( 1, 0, .AHEAD. ) ;
#1029 = CIRCLE ( 'NONE', #74, 2.000000000000001776 ) ;
#1030 = DIRECTION ( 'NONE',  ( -1.000000000000000000, -0.000000000000000000, -0.000000000000000000 ) ) ;
#1031 = AXIS2_PLACEMENT_3D ( 'NONE', #707, #1323, #562 ) ;
#1032 = CARTESIAN_POINT ( 'NONE',  ( 404.9044866291829408, -126.8099815356934243, 10.75000000000000000 ) ) ;
#1033 = EDGE_CURVE ( 'NONE', #1642, #1814, #263, .T. ) ;
#1034 = ADVANCED_FACE ( 'NONE', ( #1341 ), #1831, .T. ) ;
#1035 = ORIENTED_EDGE ( 'NONE', *, *, #277, .T. ) ;
#1036 = EDGE_CURVE ( 'NONE', #1042, #1823, #1656, .T. ) ;
#1037 = CARTESIAN_POINT ( 'NONE',  ( 406.8050947154879395, -125.4243761805029180, 12.24999999999999822 ) ) ;
#1038 = VERTEX_POINT ( 'NONE', #466 ) ;
#1039 = VECTOR ( 'NONE', #797, 1000.000000000000000 ) ;
#1040 = ADVANCED_FACE ( 'NONE', ( #758 ), #1976, .T. ) ;
#1041 = DIRECTION ( 'NONE',  ( -0.000000000000000000, -0.000000000000000000, 1.000000000000000000 ) ) ;
#1042 = VERTEX_POINT ( 'NONE', #140 ) ;
#1043 = VECTOR ( 'NONE', #1387, 1000.000000000000000 ) ;
#1044 = DIRECTION ( 'NONE',  ( 1.000000000000000000, 0.000000000000000000, 0.000000000000000000 ) ) ;
#1045 = ORIENTED_EDGE ( 'NONE', *, *, #1481, .T. ) ;
#1046 = EDGE_CURVE ( 'NONE', #784, #1384, #948, .T. ) ;
#1047 = CARTESIAN_POINT ( 'NONE',  ( 207.5526302455077143, 0.000000000000000000, 5.599999999999999645 ) ) ;
#1048 = EDGE_CURVE ( 'NONE', #154, #1432, #1366, .T. ) ;
#1049 = CARTESIAN_POINT ( 'NONE',  ( 0.000000000000000000, 0.000000000000000000, -1.800000000000000044 ) ) ;
#1050 = DIRECTION ( 'NONE',  ( 1.000000000000000000, 0.000000000000000000, -0.000000000000000000 ) ) ;
#1051 = DIRECTION ( 'NONE',  ( 0.000000000000000000, -0.000000000000000000, -1.000000000000000000 ) ) ;
#1052 = EDGE_LOOP ( 'NONE', ( #249, #673, #1904, #1810 ) ) ;
#1053 = PLANE ( 'NONE',  #995 ) ;
#1054 = EDGE_LOOP ( 'NONE', ( #1182, #1557, #268, #269 ) ) ;
#1055 = LINE ( 'NONE', #901, #1818 ) ;
#1056 = ORIENTED_EDGE ( 'NONE', *, *, #351, .F. ) ;
#1057 = LINE ( 'NONE', #143, #1015 ) ;
#1058 = VECTOR ( 'NONE', #1083, 1000.000000000000000 ) ;
#1059 = LINE ( 'NONE', #1827, #88 ) ;
#1060 = CARTESIAN_POINT ( 'NONE',  ( 404.7177313582652687, -118.2293669483496217, 0.000000000000000000 ) ) ;
#1061 = EDGE_CURVE ( 'NONE', #1276, #556, #1961, .T. ) ;
#1062 = AXIS2_PLACEMENT_3D ( 'NONE', #414, #1631, #1137 ) ;
#1063 = CARTESIAN_POINT ( 'NONE',  ( 232.5722410603346475, -127.8049907678467321, 10.75000000000000000 ) ) ;
#1064 = EDGE_LOOP ( 'NONE', ( #669, #25, #1336, #1704 ) ) ;
#1065 = DIRECTION ( 'NONE',  ( 0.000000000000000000, -0.000000000000000000, 1.000000000000000000 ) ) ;
#1066 = VECTOR ( 'NONE', #659, 1000.000000000000000 ) ;
#1067 = DIRECTION ( 'NONE',  ( 0.000000000000000000, -0.000000000000000000, 1.000000000000000000 ) ) ;
#1068 = EDGE_CURVE ( 'NONE', #1156, #1444, #750, .T. ) ;
#1069 = EDGE_CURVE ( 'NONE', #610, #872, #1346, .T. ) ;
#1070 = CARTESIAN_POINT ( 'NONE',  ( 404.9044866291829408, -126.8099815356934243, 10.75000000000000000 ) ) ;
#1071 = DIRECTION ( 'NONE',  ( 0.000000000000000000, 0.000000000000000000, 1.000000000000000000 ) ) ;
#1072 = ORIENTED_EDGE ( 'NONE', *, *, #311, .T. ) ;
#1073 = CARTESIAN_POINT ( 'NONE',  ( 10.20009800898741759, -126.8099815356934243, 10.75000000000000000 ) ) ;
#1074 = ORIENTED_EDGE ( 'NONE', *, *, #304, .F. ) ;
#1075 = AXIS2_PLACEMENT_3D ( 'NONE', #290, #1690, #1044 ) ;
#1076 = FACE_OUTER_BOUND ( 'NONE', #439, .T. ) ;
#1077 = VECTOR ( 'NONE', #1788, 1000.000000000000000 ) ;
#1078 = VERTEX_POINT ( 'NONE', #1374 ) ;
#1079 = FACE_OUTER_BOUND ( 'NONE', #81, .T. ) ;
#1080 = LINE ( 'NONE', #1258, #1181 ) ;
#1081 = DIRECTION ( 'NONE',  ( -0.000000000000000000, 0.000000000000000000, 1.000000000000000000 ) ) ;
#1082 = DIRECTION ( 'NONE',  ( -0.7070432384197683495, 0.7071703182436933632, 0.000000000000000000 ) ) ;
#1083 = DIRECTION ( 'NONE',  ( -0.000000000000000000, -0.000000000000000000, -1.000000000000000000 ) ) ;
#1084 = VERTEX_POINT ( 'NONE', #910 ) ;
#1085 = VERTEX_POINT ( 'NONE', #1993 ) ;
#1086 = DIRECTION ( 'NONE',  ( -0.000000000000000000, -0.000000000000000000, -1.000000000000000000 ) ) ;
#1087 = ORIENTED_EDGE ( 'NONE', *, *, #1018, .F. ) ;
#1088 = CARTESIAN_POINT ( 'NONE',  ( 415.9927152147791958, -18.45989286573050236, 3.199999999999995293 ) ) ;
#1089 = DIRECTION ( 'NONE',  ( -0.7070432384197683495, 0.7071703182436935853, 0.000000000000000000 ) ) ;
#1090 = CARTESIAN_POINT ( 'NONE',  ( 334.1477152147792253, -53.97200000000000841, -0.1499999999999999667 ) ) ;
#1091 = PLANE ( 'NONE',  #1298 ) ;
#1092 = VECTOR ( 'NONE', #1850, 1000.000000000000000 ) ;
#1093 = ADVANCED_FACE ( 'NONE', ( #618 ), #600, .F. ) ;
#1094 = EDGE_CURVE ( 'NONE', #195, #1427, #1229, .T. ) ;
#1095 = ORIENTED_EDGE ( 'NONE', *, *, #973, .T. ) ;
#1096 = CARTESIAN_POINT ( 'NONE',  ( 232.5722410603347043, -127.8049907678467321, 62.15991928837468095 ) ) ;
#1097 = EDGE_LOOP ( 'NONE', ( #952, #781, #1455, #369, #1733, #711, #1968, #163, #1299, #1579, #219, #1430, #411, #876 ) ) ;
#1098 = CIRCLE ( 'NONE', #166, 6.249999999999977796 ) ;
#1099 = DIRECTION ( 'NONE',  ( 1.000000000000000000, 0.000000000000000000, 0.000000000000000000 ) ) ;
#1100 = VERTEX_POINT ( 'NONE', #1547 ) ;
#1101 = DIRECTION ( 'NONE',  ( 0.000000000000000000, 0.000000000000000000, 1.000000000000000000 ) ) ;
#1102 = DIRECTION ( 'NONE',  ( 0.000000000000000000, 0.000000000000000000, 1.000000000000000000 ) ) ;
#1103 = DIRECTION ( 'NONE',  ( -1.000000000000000000, 0.000000000000000000, 0.000000000000000000 ) ) ;
#1104 = CARTESIAN_POINT ( 'NONE',  ( 405.7977152147791458, -115.8793669483496274, 5.599999999999999645 ) ) ;
#1105 = DIRECTION ( 'NONE',  ( 1.000000000000000000, 0.000000000000000000, 0.000000000000000000 ) ) ;
#1106 = CC_DESIGN_PERSON_AND_ORGANIZATION_ASSIGNMENT ( #1817, #276, ( #1983 ) ) ;
#1107 = VERTEX_POINT ( 'NONE', #921 ) ;
#1108 = DIRECTION ( 'NONE',  ( 1.000000000000000000, 0.000000000000000000, 0.000000000000000000 ) ) ;
#1109 = VERTEX_POINT ( 'NONE', #590 ) ;
#1110 = DIRECTION ( 'NONE',  ( 0.000000000000000000, 0.000000000000000000, -1.000000000000000000 ) ) ;
#1111 = LINE ( 'NONE', #810, #753 ) ;
#1112 = AXIS2_PLACEMENT_3D ( 'NONE', #537, #1741, #1101 ) ;
#1113 = DIRECTION ( 'NONE',  ( -0.000000000000000000, -0.000000000000000000, 1.000000000000000000 ) ) ;
#1114 = APPLICATION_PROTOCOL_DEFINITION ( 'international standard', 'config_control_design', 1994, #1769 ) ;
#1115 = EDGE_CURVE ( 'NONE', #1078, #934, #310, .T. ) ;
#1116 = DIRECTION ( 'NONE',  ( 0.000000000000000000, 0.000000000000000000, -1.000000000000000000 ) ) ;
#1117 = ORIENTED_EDGE ( 'NONE', *, *, #751, .T. ) ;
#1118 = CARTESIAN_POINT ( 'NONE',  ( 282.4726302455077303, 2.200000000000000178, 62.15991928837468095 ) ) ;
#1119 = EDGE_LOOP ( 'NONE', ( #198, #423, #185, #1216 ) ) ;
#1120 = DIRECTION ( 'NONE',  ( 1.000000000000000000, 0.000000000000000000, 0.000000000000000000 ) ) ;
#1121 = ORIENTED_EDGE ( 'NONE', *, *, #829, .F. ) ;
#1122 = LINE ( 'NONE', #383, #119 ) ;
#1123 = DIRECTION ( 'NONE',  ( 0.000000000000000000, 0.000000000000000000, 1.000000000000000000 ) ) ;
#1124 = DIRECTION ( 'NONE',  ( 0.000000000000000000, 1.000000000000000000, 0.000000000000000000 ) ) ;
#1125 = LINE ( 'NONE', #645, #768 ) ;
#1126 = ADVANCED_FACE ( 'NONE', ( #1510 ), #898, .T. ) ;
#1127 = ORIENTED_EDGE ( 'NONE', *, *, #1148, .F. ) ;
#1128 = DIRECTION ( 'NONE',  ( 0.000000000000000000, 0.000000000000000000, 1.000000000000000000 ) ) ;
#1129 = AXIS2_PLACEMENT_3D ( 'NONE', #232, #105, #241 ) ;
#1130 = ORIENTED_EDGE ( 'NONE', *, *, #808, .F. ) ;
#1131 = AXIS2_PLACEMENT_3D ( 'NONE', #146, #1377, #485 ) ;
#1132 = CARTESIAN_POINT ( 'NONE',  ( 404.4240522503762918, -127.8049907678467321, 12.24999999999999822 ) ) ;
#1133 = ORIENTED_EDGE ( 'NONE', *, *, #685, .F. ) ;
#1134 = CARTESIAN_POINT ( 'NONE',  ( 232.5726302455077246, 2.200000000000000178, 12.24999999999999645 ) ) ;
#1135 = ADVANCED_FACE ( 'NONE', ( #1392 ), #1053, .T. ) ;
#1136 = CARTESIAN_POINT ( 'NONE',  ( 332.1477152147792253, -53.97200000000000841, -0.1499999999999999667 ) ) ;
#1137 = DIRECTION ( 'NONE',  ( -1.000000000000000000, 0.000000000000000000, 0.000000000000000000 ) ) ;
#1138 = ORIENTED_EDGE ( 'NONE', *, *, #244, .F. ) ;
#1139 = CARTESIAN_POINT ( 'NONE',  ( 420.0526302455077143, 3.195009232153282142, 12.24999999999999822 ) ) ;
#1140 =( GEOMETRIC_REPRESENTATION_CONTEXT ( 3 ) GLOBAL_UNCERTAINTY_ASSIGNED_CONTEXT ( ( #1146 ) ) GLOBAL_UNIT_ASSIGNED_CONTEXT ( ( #1422, #1412, #1894 ) ) REPRESENTATION_CONTEXT ( 'NONE', 'WORKASPACE' ) );
#1141 = AXIS2_PLACEMENT_3D ( 'NONE', #1428, #511, #1239 ) ;
#1142 = ORIENTED_EDGE ( 'NONE', *, *, #559, .F. ) ;
#1143 = DIRECTION ( 'NONE',  ( 0.000000000000000000, -1.000000000000000000, 0.000000000000000000 ) ) ;
#1144 = ORIENTED_EDGE ( 'NONE', *, *, #717, .F. ) ;
#1145 = LINE ( 'NONE', #1019, #1665 ) ;
#1146 = UNCERTAINTY_MEASURE_WITH_UNIT (LENGTH_MEASURE( 1.000000000000000082E-05 ), #1422, 'distance_accuracy_value', 'NONE');
#1147 = DIRECTION ( 'NONE',  ( -1.000000000000000000, 0.000000000000000000, 0.000000000000000000 ) ) ;
#1148 = EDGE_CURVE ( 'NONE', #1219, #872, #1816, .T. ) ;
#1149 = VECTOR ( 'NONE', #1574, 1000.000000000000000 ) ;
#1150 = LINE ( 'NONE', #1779, #1446 ) ;
#1151 = CARTESIAN_POINT ( 'NONE',  ( 10.68042987029309820, -127.8049907678467321, 12.24999999999999822 ) ) ;
#1152 = CIRCLE ( 'NONE', #881, 5.400000000000016342 ) ;
#1153 = VERTEX_POINT ( 'NONE', #1037 ) ;
#1154 = CARTESIAN_POINT ( 'NONE',  ( 334.1477152147792253, -53.97200000000000841, -0.1499999999999999667 ) ) ;
#1155 = EDGE_LOOP ( 'NONE', ( #1593, #71, #988, #731, #941, #912, #849, #1296, #1570, #1651, #589, #1572, #524, #1709, #1550 ) ) ;
#1156 = VERTEX_POINT ( 'NONE', #1662 ) ;
#1157 = CARTESIAN_POINT ( 'NONE',  ( 232.5726302455077246, 3.195009232153330547, 12.24999999999999645 ) ) ;
#1158 = APPROVAL_STATUS ( 'not_yet_approved' ) ;
#1159 = CARTESIAN_POINT ( 'NONE',  ( 232.5726302455077246, 3.195009232153282142, 10.75000000000000000 ) ) ;
#1160 = DIRECTION ( 'NONE',  ( -0.000000000000000000, -0.000000000000000000, 1.000000000000000000 ) ) ;
#1161 = ORIENTED_EDGE ( 'NONE', *, *, #1061, .F. ) ;
#1162 = LINE ( 'NONE', #1139, #453 ) ;
#1163 = ADVANCED_FACE ( 'NONE', ( #282 ), #878, .T. ) ;
#1164 = EDGE_CURVE ( 'NONE', #869, #1784, #1670, .T. ) ;
#1165 = ORIENTED_EDGE ( 'NONE', *, *, #656, .F. ) ;
#1166 = VECTOR ( 'NONE', #97, 1000.000000000000000 ) ;
#1167 = CARTESIAN_POINT ( 'NONE',  ( 282.4722410603346816, -126.8099815356934243, 10.75000000000000000 ) ) ;
#1168 = VECTOR ( 'NONE', #450, 1000.000000000000000 ) ;
#1169 = VERTEX_POINT ( 'NONE', #744 ) ;
#1170 = CALENDAR_DATE ( 2025, 5, 11 ) ;
#1171 = LINE ( 'NONE', #302, #431 ) ;
#1172 = AXIS2_PLACEMENT_3D ( 'NONE', #752, #1242, #1067 ) ;
#1173 = CARTESIAN_POINT ( 'NONE',  ( 416.3821796847597057, -127.2293669483496359, 12.24999999999999822 ) ) ;
#1174 = VERTEX_POINT ( 'NONE', #1984 ) ;
#1175 = EDGE_CURVE ( 'NONE', #1279, #22, #1646, .T. ) ;
#1176 = CARTESIAN_POINT ( 'NONE',  ( 207.5526302455077143, -129.6099815356934357, 12.24999999999999822 ) ) ;
#1177 = ORIENTED_EDGE ( 'NONE', *, *, #811, .T. ) ;
#1178 = COORDINATED_UNIVERSAL_TIME_OFFSET ( 1, 0, .AHEAD. ) ;
#1179 = CARTESIAN_POINT ( 'NONE',  ( 412.6927152147791844, -4.000000000000000000, 0.000000000000000000 ) ) ;
#1180 = LINE ( 'NONE', #1603, #1681 ) ;
#1181 = VECTOR ( 'NONE', #165, 1000.000000000000000 ) ;
#1182 = ORIENTED_EDGE ( 'NONE', *, *, #1948, .T. ) ;
#1183 = DIRECTION ( 'NONE',  ( -1.000000000000000000, 0.000000000000000000, 0.000000000000000000 ) ) ;
#1184 = VECTOR ( 'NONE', #1860, 1000.000000000000000 ) ;
#1185 = ORIENTED_EDGE ( 'NONE', *, *, #434, .T. ) ;
#1186 = DIRECTION ( 'NONE',  ( -1.000000000000000000, 0.000000000000000000, 0.000000000000000000 ) ) ;
#1187 = DIRECTION ( 'NONE',  ( 0.000000000000000000, 0.000000000000000000, 1.000000000000000000 ) ) ;
#1188 = PERSON_AND_ORGANIZATION ( #18446744073709551615, #18446744073709551615 ) ;
#1189 = ADVANCED_FACE ( 'NONE', ( #36 ), #1723, .F. ) ;
#1190 = DIRECTION ( 'NONE',  ( -1.000000000000000000, 0.000000000000000000, 0.000000000000000000 ) ) ;
#1191 = EDGE_LOOP ( 'NONE', ( #1023, #1391 ) ) ;
#1192 = LINE ( 'NONE', #598, #1815 ) ;
#1193 = ORIENTED_EDGE ( 'NONE', *, *, #374, .T. ) ;
#1194 = ORIENTED_EDGE ( 'NONE', *, *, #1268, .T. ) ;
#1195 = EDGE_CURVE ( 'NONE', #1100, #422, #481, .T. ) ;
#1196 = APPROVAL_ROLE ( '' ) ;
#1197 = AXIS2_PLACEMENT_3D ( 'NONE', #1249, #1756, #1105 ) ;
#1198 = VECTOR ( 'NONE', #70, 1000.000000000000000 ) ;
#1199 = DIRECTION ( 'NONE',  ( 0.7071703182436933632, 0.7070432384197683495, 0.000000000000000000 ) ) ;
#1200 = ORIENTED_EDGE ( 'NONE', *, *, #1315, .T. ) ;
#1201 = DIRECTION ( 'NONE',  ( 0.000000000000000000, 1.000000000000000000, 0.000000000000000000 ) ) ;
#1202 = B_SPLINE_CURVE_WITH_KNOTS ( 'NONE', 3,
 ( #271, #863, #1326, #1770 ),
 .UNSPECIFIED., .F., .F.,
 ( 4, 4 ),
 ( 1.962067052828634154E-17, 0.001438464240520154983 ),
 .UNSPECIFIED. ) ;
#1203 = EDGE_CURVE ( 'NONE', #1009, #447, #828, .T. ) ;
#1204 = CC_DESIGN_SECURITY_CLASSIFICATION ( #1601, ( #1983 ) ) ;
#1205 = LINE ( 'NONE', #1870, #1443 ) ;
#1206 = ORIENTED_EDGE ( 'NONE', *, *, #1195, .T. ) ;
#1207 = DIRECTION ( 'NONE',  ( -0.000000000000000000, -0.000000000000000000, 1.000000000000000000 ) ) ;
#1208 = FACE_OUTER_BOUND ( 'NONE', #345, .T. ) ;
#1209 = CARTESIAN_POINT ( 'NONE',  ( 207.5526302455077143, -129.6099815356934357, 12.24999999999999822 ) ) ;
#1210 = ORIENTED_EDGE ( 'NONE', *, *, #1467, .T. ) ;
#1211 = CARTESIAN_POINT ( 'NONE',  ( 9.040344901021665436, -129.6099815356934357, -450.7362439051084380 ) ) ;
#1212 = ADVANCED_FACE ( 'NONE', ( #356 ), #488, .F. ) ;
#1213 = CARTESIAN_POINT ( 'NONE',  ( 327.7477152147790775, -53.97200000000000841, 0.000000000000000000 ) ) ;
#1214 = CARTESIAN_POINT ( 'NONE',  ( 406.8050947154879395, -125.4243761805029180, 10.75000000000000000 ) ) ;
#1215 = LINE ( 'NONE', #1875, #1975 ) ;
#1216 = ORIENTED_EDGE ( 'NONE', *, *, #210, .F. ) ;
#1217 = DIRECTION ( 'NONE',  ( -1.000000000000000000, 0.000000000000000000, 0.000000000000000000 ) ) ;
#1218 = EDGE_CURVE ( 'NONE', #123, #630, #1559, .T. ) ;
#1219 = VERTEX_POINT ( 'NONE', #782 ) ;
#1220 = DIRECTION ( 'NONE',  ( -0.000000000000000000, -0.000000000000000000, -1.000000000000000000 ) ) ;
#1221 = ORIENTED_EDGE ( 'NONE', *, *, #1887, .F. ) ;
#1222 = AXIS2_PLACEMENT_3D ( 'NONE', #55, #519, #34 ) ;
#1223 = DIRECTION ( 'NONE',  ( -0.7070432384197375963, 0.7071703182437242274, 0.000000000000000000 ) ) ;
#1224 = DIRECTION ( 'NONE',  ( 1.000000000000000000, 0.000000000000000000, 0.000000000000000000 ) ) ;
#1225 = CIRCLE ( 'NONE', #1493, 2.000000000000001332 ) ;
#1226 = EDGE_CURVE ( 'NONE', #321, #1940, #977, .T. ) ;
#1227 = DIRECTION ( 'NONE',  ( -1.000000000000000000, 0.000000000000000000, 0.000000000000000000 ) ) ;
#1228 = ORIENTED_EDGE ( 'NONE', *, *, #1429, .F. ) ;
#1229 = LINE ( 'NONE', #456, #1477 ) ;
#1230 = VERTEX_POINT ( 'NONE', #1569 ) ;
#1231 = FACE_BOUND ( 'NONE', #1548, .T. ) ;
#1232 = VERTEX_POINT ( 'NONE', #1440 ) ;
#1233 = CARTESIAN_POINT ( 'NONE',  ( 282.4726302455077303, 2.200000000000000178, 12.24999999999999645 ) ) ;
#1234 = AXIS2_PLACEMENT_3D ( 'NONE', #361, #1103, #1123 ) ;
#1235 = CARTESIAN_POINT ( 'NONE',  ( 420.0526302455077143, 3.195009232153282142, 12.24999999999999822 ) ) ;
#1236 = CARTESIAN_POINT ( 'NONE',  ( 404.4240522503762918, -127.8049907678467321, 12.24999999999999822 ) ) ;
#1237 = DIRECTION ( 'NONE',  ( 0.7071067811865674457, 8.659560562355176912E-17, -0.7071067811865275887 ) ) ;
#1238 = ORIENTED_EDGE ( 'NONE', *, *, #1314, .F. ) ;
#1239 = DIRECTION ( 'NONE',  ( 1.000000000000000000, 0.000000000000000000, 0.000000000000000000 ) ) ;
#1240 = EDGE_LOOP ( 'NONE', ( #1026, #225, #915, #1529, #443 ) ) ;
#1241 = VECTOR ( 'NONE', #1852, 1000.000000000000000 ) ;
#1242 = DIRECTION ( 'NONE',  ( 0.000000000000000000, 1.000000000000000000, 0.000000000000000000 ) ) ;
#1243 = AXIS2_PLACEMENT_3D ( 'NONE', #1478, #539, #238 ) ;
#1244 = ORIENTED_EDGE ( 'NONE', *, *, #1011, .F. ) ;
#1245 = DIRECTION ( 'NONE',  ( -1.000000000000000000, 0.000000000000000000, 0.000000000000000000 ) ) ;
#1246 = CARTESIAN_POINT ( 'NONE',  ( 2.412545276236220726, -4.000000000000000000, 5.599999999999999645 ) ) ;
#1247 = ADVANCED_FACE ( 'NONE', ( #1889 ), #330, .T. ) ;
#1248 = ADVANCED_FACE ( 'NONE', ( #500 ), #658, .T. ) ;
#1249 = CARTESIAN_POINT ( 'NONE',  ( 411.1977152147791799, -115.8793669483496274, -0.1499999999999999667 ) ) ;
#1250 = EDGE_CURVE ( 'NONE', #1109, #610, #638, .T. ) ;
#1251 = VERTEX_POINT ( 'NONE', #964 ) ;
#1252 = VECTOR ( 'NONE', #131, 1000.000000000000000 ) ;
#1253 = CARTESIAN_POINT ( 'NONE',  ( 207.5526302455077143, 3.195009232153282142, 12.24999999999999822 ) ) ;
#1254 = ORIENTED_EDGE ( 'NONE', *, *, #944, .F. ) ;
#1255 = CARTESIAN_POINT ( 'NONE',  ( 420.0526302455077143, 3.195009232153282142, 12.24999999999999822 ) ) ;
#1256 = PLANE ( 'NONE',  #1608 ) ;
#1257 = CC_DESIGN_DATE_AND_TIME_ASSIGNMENT ( #402, #1960, ( #1601 ) ) ;
#1258 = CARTESIAN_POINT ( 'NONE',  ( 407.2855290942945317, -124.4293669483496245, 10.75000000000000000 ) ) ;
#1259 = AXIS2_PLACEMENT_3D ( 'NONE', #614, #1071, #1697 ) ;
#1260 = CARTESIAN_POINT ( 'NONE',  ( 401.6927152147791844, -15.00000000000000178, -1.800000000000000044 ) ) ;
#1261 = DIRECTION ( 'NONE',  ( 0.000000000000000000, -0.000000000000000000, 1.000000000000000000 ) ) ;
#1262 = VECTOR ( 'NONE', #1207, 1000.000000000000000 ) ;
#1263 = ORIENTED_EDGE ( 'NONE', *, *, #1467, .F. ) ;
#1264 = CARTESIAN_POINT ( 'NONE',  ( 421.6927152147791844, -98.45989286573049526, 3.199999999999985523 ) ) ;
#1265 = EDGE_LOOP ( 'NONE', ( #1800, #47, #546, #1965 ) ) ;
#1266 = EDGE_CURVE ( 'NONE', #1784, #243, #1417, .T. ) ;
#1267 = CARTESIAN_POINT ( 'NONE',  ( 10.68042987029309820, -127.8049907678467321, 10.75000000000000000 ) ) ;
#1268 = EDGE_CURVE ( 'NONE', #578, #795, #670, .T. ) ;
#1269 = ORIENTED_EDGE ( 'NONE', *, *, #893, .T. ) ;
#1270 = CARTESIAN_POINT ( 'NONE',  ( 207.5526302455077143, 0.000000000000000000, 10.75000000000000000 ) ) ;
#1271 = CYLINDRICAL_SURFACE ( 'NONE', #1735, 2.000000000000001776 ) ;
#1272 = PLANE ( 'NONE',  #120 ) ;
#1273 = PLANE ( 'NONE',  #1328 ) ;
#1274 = ORIENTED_EDGE ( 'NONE', *, *, #685, .T. ) ;
#1275 = CARTESIAN_POINT ( 'NONE',  ( 406.0641372196477619, -129.6099815356934357, 12.24999999999999822 ) ) ;
#1276 = VERTEX_POINT ( 'NONE', #975 ) ;
#1277 = DIRECTION ( 'NONE',  ( -0.000000000000000000, -0.000000000000000000, -1.000000000000000000 ) ) ;
#1278 = AXIS2_PLACEMENT_3D ( 'NONE', #935, #336, #1280 ) ;
#1279 = VERTEX_POINT ( 'NONE', #378 ) ;
#1280 = DIRECTION ( 'NONE',  ( 0.000000000000000000, 0.000000000000000000, -1.000000000000000000 ) ) ;
#1281 = EDGE_CURVE ( 'NONE', #809, #1444, #1605, .T. ) ;
#1282 = CIRCLE ( 'NONE', #986, 2.000000000000001776 ) ;
#1283 = LINE ( 'NONE', #92, #275 ) ;
#1284 = LINE ( 'NONE', #45, #526 ) ;
#1285 = PRODUCT_DEFINITION_SHAPE ( 'NONE', 'NONE',  #1924 ) ;
#1286 = EDGE_LOOP ( 'NONE', ( #1546, #555, #534, #1658 ) ) ;
#1287 = CARTESIAN_POINT ( 'NONE',  ( 10.20009800898741759, -126.8099815356934243, 10.75000000000000000 ) ) ;
#1288 = EDGE_CURVE ( 'NONE', #1085, #1902, #183, .T. ) ;
#1289 = ORIENTED_EDGE ( 'NONE', *, *, #1414, .F. ) ;
#1290 = LINE ( 'NONE', #933, #1066 ) ;
#1291 = EDGE_LOOP ( 'NONE', ( #1482, #1974, #407, #1133, #1876, #647, #1890, #417 ) ) ;
#1292 = DIRECTION ( 'NONE',  ( 1.000000000000000000, -0.000000000000000000, -0.000000000000000000 ) ) ;
#1293 = CARTESIAN_POINT ( 'NONE',  ( 207.5526302455077143, -126.8099815356934243, 10.75000000000000000 ) ) ;
#1294 = CYLINDRICAL_SURFACE ( 'NONE', #1795, 2.000000000000001776 ) ;
#1295 = DIRECTION ( 'NONE',  ( 1.000000000000000000, 0.000000000000000000, 0.000000000000000000 ) ) ;
#1296 = ORIENTED_EDGE ( 'NONE', *, *, #1970, .F. ) ;
#1297 = CARTESIAN_POINT ( 'NONE',  ( 404.7177313582652687, -118.2293669483496217, 5.599999999999999645 ) ) ;
#1298 = AXIS2_PLACEMENT_3D ( 'NONE', #193, #1591, #206 ) ;
#1299 = ORIENTED_EDGE ( 'NONE', *, *, #663, .F. ) ;
#1300 = LINE ( 'NONE', #1267, #79 ) ;
#1301 = EDGE_CURVE ( 'NONE', #1954, #1682, #1423, .T. ) ;
#1302 = ORIENTED_EDGE ( 'NONE', *, *, #1465, .T. ) ;
#1303 = CIRCLE ( 'NONE', #1978, 6.400000000000128253 ) ;
#1304 = DIRECTION ( 'NONE',  ( 0.7071703182436954727, 0.7070432384197663511, 0.000000000000000000 ) ) ;
#1305 = DIRECTION ( 'NONE',  ( 0.000000000000000000, 0.000000000000000000, -1.000000000000000000 ) ) ;
#1306 = CARTESIAN_POINT ( 'NONE',  ( 334.1477152147792253, -53.97200000000000841, -0.1499999999999999667 ) ) ;
#1307 = EDGE_LOOP ( 'NONE', ( #138, #201, #56, #27 ) ) ;
#1308 = AXIS2_PLACEMENT_3D ( 'NONE', #496, #814, #179 ) ;
#1309 = ORIENTED_EDGE ( 'NONE', *, *, #1520, .T. ) ;
#1310 = ORIENTED_EDGE ( 'NONE', *, *, #304, .T. ) ;
#1311 = VECTOR ( 'NONE', #1775, 1000.000000000000000 ) ;
#1312 = DIRECTION ( 'NONE',  ( -0.000000000000000000, -0.000000000000000000, 1.000000000000000000 ) ) ;
#1313 = DIRECTION ( 'NONE',  ( 0.000000000000000000, -0.000000000000000000, 1.000000000000000000 ) ) ;
#1314 = EDGE_CURVE ( 'NONE', #679, #805, #1202, .T. ) ;
#1315 = EDGE_CURVE ( 'NONE', #795, #639, #533, .T. ) ;
#1316 = EDGE_LOOP ( 'NONE', ( #1487, #671, #581, #1177 ) ) ;
#1317 = CARTESIAN_POINT ( 'NONE',  ( 207.5526302455077143, 4.999999999999999112, 12.24999999999999822 ) ) ;
#1318 = ORIENTED_EDGE ( 'NONE', *, *, #811, .F. ) ;
#1319 = APPLICATION_CONTEXT ( 'configuration controlled 3d designs of mechanical parts and assemblies' ) ;
#1320 = CARTESIAN_POINT ( 'NONE',  ( 411.1977152147791799, -115.8793669483496274, 0.000000000000000000 ) ) ;
#1321 = AXIS2_PLACEMENT_3D ( 'NONE', #1833, #1825, #887 ) ;
#1322 = EDGE_CURVE ( 'NONE', #749, #1689, #1625, .T. ) ;
#1323 = DIRECTION ( 'NONE',  ( 0.000000000000000000, 0.000000000000000000, -1.000000000000000000 ) ) ;
#1324 = CARTESIAN_POINT ( 'NONE',  ( 232.5726302455077246, 3.195009232153330547, 62.15991928837468095 ) ) ;
#1325 = EDGE_LOOP ( 'NONE', ( #1289, #1774, #1634, #839, #1165, #262, #90 ) ) ;
#1326 = CARTESIAN_POINT ( 'NONE',  ( 412.6927152147791844, -110.3446998808054644, 0.6677750808880479338 ) ) ;
#1327 = ORIENTED_EDGE ( 'NONE', *, *, #1739, .F. ) ;
#1328 = AXIS2_PLACEMENT_3D ( 'NONE', #801, #1896, #1261 ) ;
#1329 = LINE ( 'NONE', #1637, #207 ) ;
#1330 = ORIENTED_EDGE ( 'NONE', *, *, #68, .T. ) ;
#1331 = DIRECTION ( 'NONE',  ( 0.7071703182437251156, 0.7070432384197367082, 0.000000000000000000 ) ) ;
#1332 = EDGE_CURVE ( 'NONE', #1682, #1420, #563, .T. ) ;
#1333 = DIRECTION ( 'NONE',  ( -0.000000000000000000, -0.000000000000000000, 1.000000000000000000 ) ) ;
#1334 = AXIS2_PLACEMENT_3D ( 'NONE', #807, #1277, #1750 ) ;
#1335 = DIRECTION ( 'NONE',  ( 5.578958409373273094E-14, -1.000000000000000000, 0.000000000000000000 ) ) ;
#1336 = ORIENTED_EDGE ( 'NONE', *, *, #541, .T. ) ;
#1337 = DIRECTION ( 'NONE',  ( -0.000000000000000000, 1.000000000000000000, -0.000000000000000000 ) ) ;
#1338 = EDGE_LOOP ( 'NONE', ( #1936, #1781, #233, #1898 ) ) ;
#1339 = LOCAL_TIME ( 20, 17, 2.000000000000000000, #1028 ) ;
#1340 = VECTOR ( 'NONE', #1581, 1000.000000000000000 ) ;
#1341 = FACE_OUTER_BOUND ( 'NONE', #1914, .T. ) ;
#1342 = ADVANCED_FACE ( 'NONE', ( #1488 ), #848, .F. ) ;
#1343 = PERSON_AND_ORGANIZATION ( #18446744073709551615, #18446744073709551615 ) ;
#1344 = DIRECTION ( 'NONE',  ( -1.000000000000000000, 0.000000000000000000, 0.000000000000000000 ) ) ;
#1345 = ORIENTED_EDGE ( 'NONE', *, *, #636, .T. ) ;
#1346 = CIRCLE ( 'NONE', #389, 5.400000000000016342 ) ;
#1347 = CARTESIAN_POINT ( 'NONE',  ( 411.1977152147791799, -115.8793669483496274, 0.000000000000000000 ) ) ;
#1348 = CIRCLE ( 'NONE', #390, 2.000000000000001332 ) ;
#1349 = EDGE_LOOP ( 'NONE', ( #1808, #1358, #870, #678, #35 ) ) ;
#1350 = ADVANCED_FACE ( 'NONE', ( #1782 ), #573, .T. ) ;
#1351 = FACE_OUTER_BOUND ( 'NONE', #1441, .T. ) ;
#1352 = PLANE ( 'NONE',  #947 ) ;
#1353 = EDGE_CURVE ( 'NONE', #864, #1595, #1162, .T. ) ;
#1354 = EDGE_CURVE ( 'NONE', #1251, #391, #692, .T. ) ;
#1355 = LINE ( 'NONE', #1973, #713 ) ;
#1356 = ORIENTED_EDGE ( 'NONE', *, *, #425, .T. ) ;
#1357 = CARTESIAN_POINT ( 'NONE',  ( 421.6927152147791844, -18.45989286573050236, 3.199999999999995293 ) ) ;
#1358 = ORIENTED_EDGE ( 'NONE', *, *, #1332, .T. ) ;
#1359 = AXIS2_PLACEMENT_3D ( 'NONE', #1297, #1025, #78 ) ;
#1360 = FACE_OUTER_BOUND ( 'NONE', #482, .T. ) ;
#1361 = CARTESIAN_POINT ( 'NONE',  ( 416.3821796847597057, -127.2293669483496359, -450.7362439051084380 ) ) ;
#1362 = AXIS2_PLACEMENT_3D ( 'NONE', #1761, #1143, #649 ) ;
#1363 = DIRECTION ( 'NONE',  ( 0.000000000000000000, 1.000000000000000000, 0.000000000000000000 ) ) ;
#1364 = CARTESIAN_POINT ( 'NONE',  ( 418.8927152147792299, 2.200000000000000178, 10.75000000000000000 ) ) ;
#1365 = ORIENTED_EDGE ( 'NONE', *, *, #808, .T. ) ;
#1366 = LINE ( 'NONE', #320, #983 ) ;
#1367 = ORIENTED_EDGE ( 'NONE', *, *, #893, .F. ) ;
#1368 = DIRECTION ( 'NONE',  ( 0.000000000000000000, 0.000000000000000000, -1.000000000000000000 ) ) ;
#1369 = LINE ( 'NONE', #1988, #1901 ) ;
#1370 = FACE_OUTER_BOUND ( 'NONE', #1678, .T. ) ;
#1371 = ADVANCED_FACE ( 'NONE', ( #1933 ), #543, .T. ) ;
#1372 = CARTESIAN_POINT ( 'NONE',  ( 407.9427152147791276, -15.00000000000000178, -0.2999999999999999334 ) ) ;
#1373 = ORIENTED_EDGE ( 'NONE', *, *, #1943, .F. ) ;
#1374 = CARTESIAN_POINT ( 'NONE',  ( 418.8927152147792299, 2.200000000000000178, 5.599999999999999645 ) ) ;
#1375 = DIRECTION ( 'NONE',  ( -0.7070432384197683495, 0.7071703182436933632, 0.000000000000000000 ) ) ;
#1376 = ORIENTED_EDGE ( 'NONE', *, *, #1768, .T. ) ;
#1377 = DIRECTION ( 'NONE',  ( 0.000000000000000000, 0.000000000000000000, 1.000000000000000000 ) ) ;
#1378 = EDGE_CURVE ( 'NONE', #639, #1038, #1635, .T. ) ;
#1379 = FACE_OUTER_BOUND ( 'NONE', #527, .T. ) ;
#1380 = ORIENTED_EDGE ( 'NONE', *, *, #31, .F. ) ;
#1381 = CARTESIAN_POINT ( 'NONE',  ( 334.1477152147792253, -53.97200000000000841, 1.000000000000049516 ) ) ;
#1382 = ORIENTED_EDGE ( 'NONE', *, *, #1855, .T. ) ;
#1383 = CARTESIAN_POINT ( 'NONE',  ( 232.5722410603346475, -127.8049907678467321, 12.24999999999999822 ) ) ;
#1384 = VERTEX_POINT ( 'NONE', #554 ) ;
#1385 = PLANE ( 'NONE',  #315 ) ;
#1386 = VECTOR ( 'NONE', #137, 1000.000000000000000 ) ;
#1387 = DIRECTION ( 'NONE',  ( -0.000000000000000000, -0.000000000000000000, -1.000000000000000000 ) ) ;
#1388 = CARTESIAN_POINT ( 'NONE',  ( 415.9927152147791958, -18.45989286573050236, 1.199999999999993960 ) ) ;
#1389 = AXIS2_PLACEMENT_3D ( 'NONE', #998, #1939, #1622 ) ;
#1390 = LINE ( 'NONE', #1425, #1058 ) ;
#1391 = ORIENTED_EDGE ( 'NONE', *, *, #829, .T. ) ;
#1392 = FACE_OUTER_BOUND ( 'NONE', #357, .T. ) ;
#1393 = EDGE_LOOP ( 'NONE', ( #1244, #830, #1238, #520 ) ) ;
#1394 = LINE ( 'NONE', #152, #1950 ) ;
#1395 = EDGE_CURVE ( 'NONE', #1153, #1251, #250, .T. ) ;
#1396 = ADVANCED_FACE ( 'NONE', ( #149 ), #583, .F. ) ;
#1397 = ORIENTED_EDGE ( 'NONE', *, *, #218, .T. ) ;
#1398 = APPROVAL_PERSON_ORGANIZATION ( #1003, #1955, #1969 ) ;
#1399 = EDGE_CURVE ( 'NONE', #1814, #391, #1192, .T. ) ;
#1400 = CARTESIAN_POINT ( 'NONE',  ( 408.4451796847593528, -127.2293669483496359, -450.7362439051084380 ) ) ;
#1401 = PLANE ( 'NONE',  #730 ) ;
#1402 = FACE_OUTER_BOUND ( 'NONE', #1155, .T. ) ;
#1403 = ORIENTED_EDGE ( 'NONE', *, *, #1829, .F. ) ;
#1404 = CARTESIAN_POINT ( 'NONE',  ( 0.000000000000000000, 0.000000000000000000, 12.24999999999999822 ) ) ;
#1405 = ADVANCED_FACE ( 'NONE', ( #1379 ), #308, .F. ) ;
#1406 = VECTOR ( 'NONE', #202, 1000.000000000000000 ) ;
#1407 = EDGE_LOOP ( 'NONE', ( #410, #622, #85, #1853 ) ) ;
#1408 = DIRECTION ( 'NONE',  ( -0.000000000000000000, -0.000000000000000000, -1.000000000000000000 ) ) ;
#1409 = ORIENTED_EDGE ( 'NONE', *, *, #861, .T. ) ;
#1410 = DIRECTION ( 'NONE',  ( 1.000000000000000000, 0.000000000000000000, 0.000000000000000000 ) ) ;
#1411 = DIRECTION ( 'NONE',  ( 1.000000000000000000, 0.000000000000000000, 0.000000000000000000 ) ) ;
#1412 =( NAMED_UNIT ( * ) PLANE_ANGLE_UNIT ( ) SI_UNIT ( $, .RADIAN. ) );
#1413 = DIRECTION ( 'NONE',  ( 0.000000000000000000, 0.000000000000000000, -1.000000000000000000 ) ) ;
#1414 = EDGE_CURVE ( 'NONE', #465, #1475, #1667, .T. ) ;
#1415 = ORIENTED_EDGE ( 'NONE', *, *, #1046, .F. ) ;
#1416 = EDGE_CURVE ( 'NONE', #298, #1085, #742, .T. ) ;
#1417 = LINE ( 'NONE', #1275, #200 ) ;
#1418 = ORIENTED_EDGE ( 'NONE', *, *, #1907, .T. ) ;
#1419 = DIRECTION ( 'NONE',  ( -0.000000000000000000, -0.000000000000000000, 1.000000000000000000 ) ) ;
#1420 = VERTEX_POINT ( 'NONE', #318 ) ;
#1421 = LINE ( 'NONE', #957, #1016 ) ;
#1422 =( LENGTH_UNIT ( ) NAMED_UNIT ( * ) SI_UNIT ( .MILLI., .METRE. ) );
#1423 = CIRCLE ( 'NONE', #1518, 5.400000000000016342 ) ;
#1424 = DIRECTION ( 'NONE',  ( 1.000000000000000000, 0.000000000000000000, 0.000000000000000000 ) ) ;
#1425 = CARTESIAN_POINT ( 'NONE',  ( 418.8927152147792299, -120.7598403671505451, 10.75000000000000000 ) ) ;
#1426 = VECTOR ( 'NONE', #716, 1000.000000000000000 ) ;
#1427 = VERTEX_POINT ( 'NONE', #452 ) ;
#1428 = CARTESIAN_POINT ( 'NONE',  ( 411.1977152147791799, -115.8793669483496274, -0.1499999999999999667 ) ) ;
#1429 = EDGE_CURVE ( 'NONE', #1169, #348, #464, .T. ) ;
#1430 = ORIENTED_EDGE ( 'NONE', *, *, #1985, .F. ) ;
#1431 = DIRECTION ( 'NONE',  ( 0.000000000000000000, 1.000000000000000000, 0.000000000000000000 ) ) ;
#1432 = VERTEX_POINT ( 'NONE', #727 ) ;
#1433 = CARTESIAN_POINT ( 'NONE',  ( 406.0641372196477619, -129.6099815356934357, -1.800000000000023803 ) ) ;
#1434 = DIRECTION ( 'NONE',  ( 1.000000000000000000, 0.000000000000000000, 0.000000000000000000 ) ) ;
#1435 = DIRECTION ( 'NONE',  ( 0.000000000000000000, 0.000000000000000000, 1.000000000000000000 ) ) ;
#1436 = LINE ( 'NONE', #508, #1184 ) ;
#1437 = FACE_OUTER_BOUND ( 'NONE', #176, .T. ) ;
#1438 = EDGE_CURVE ( 'NONE', #1864, #1078, #1999, .T. ) ;
#1439 = ORIENTED_EDGE ( 'NONE', *, *, #1226, .T. ) ;
#1440 = CARTESIAN_POINT ( 'NONE',  ( 282.4722410603346816, -127.8049907678467321, 12.24999999999999645 ) ) ;
#1441 = EDGE_LOOP ( 'NONE', ( #990, #888 ) ) ;
#1442 = PLANE ( 'NONE',  #1362 ) ;
#1443 = VECTOR ( 'NONE', #882, 1000.000000000000000 ) ;
#1444 = VERTEX_POINT ( 'NONE', #1063 ) ;
#1445 = LINE ( 'NONE', #1270, #1773 ) ;
#1446 = VECTOR ( 'NONE', #518, 1000.000000000000000 ) ;
#1447 = DATE_AND_TIME ( #822, #381 ) ;
#1448 = CARTESIAN_POINT ( 'NONE',  ( 339.5477152147792026, -53.97200000000000841, 1.000000000000049516 ) ) ;
#1449 = CARTESIAN_POINT ( 'NONE',  ( 421.6927152147791844, -121.9197857314609763, 12.24999999999999822 ) ) ;
#1450 = ORIENTED_EDGE ( 'NONE', *, *, #4, .T. ) ;
#1451 = EDGE_CURVE ( 'NONE', #1420, #1541, #267, .T. ) ;
#1452 = CARTESIAN_POINT ( 'NONE',  ( 421.6927152147791844, -121.9197857314609763, -1.800000000000023803 ) ) ;
#1453 = ORIENTED_EDGE ( 'NONE', *, *, #1986, .T. ) ;
#1454 = LINE ( 'NONE', #492, #1198 ) ;
#1455 = ORIENTED_EDGE ( 'NONE', *, *, #885, .T. ) ;
#1456 = CYLINDRICAL_SURFACE ( 'NONE', #1278, 2.000000000000001332 ) ;
#1457 = DIRECTION ( 'NONE',  ( 0.000000000000000000, -0.000000000000000000, -1.000000000000000000 ) ) ;
#1458 = CARTESIAN_POINT ( 'NONE',  ( 232.5722410603346475, -126.8099815356934243, 62.15991928837468095 ) ) ;
#1459 = DIRECTION ( 'NONE',  ( 0.7071703182437251156, 0.7070432384197367082, 0.000000000000000000 ) ) ;
#1460 = ORIENTED_EDGE ( 'NONE', *, *, #1451, .T. ) ;
#1461 = AXIS2_PLACEMENT_3D ( 'NONE', #1404, #1748, #343 ) ;
#1462 = EDGE_LOOP ( 'NONE', ( #231, #359, #1783, #5 ) ) ;
#1463 = ORIENTED_EDGE ( 'NONE', *, *, #1395, .T. ) ;
#1464 = VECTOR ( 'NONE', #358, 1000.000000000000000 ) ;
#1465 = EDGE_CURVE ( 'NONE', #1841, #784, #1966, .T. ) ;
#1466 = PLANE ( 'NONE',  #59 ) ;
#1467 = EDGE_CURVE ( 'NONE', #377, #693, #560, .T. ) ;
#1468 = APPROVAL_DATE_TIME ( #433, #1955 ) ;
#1469 = LINE ( 'NONE', #228, #1701 ) ;
#1470 = DIRECTION ( 'NONE',  ( 1.000000000000000000, 0.000000000000000000, 0.000000000000000000 ) ) ;
#1471 = ORIENTED_EDGE ( 'NONE', *, *, #761, .T. ) ;
#1472 = ORIENTED_EDGE ( 'NONE', *, *, #1301, .T. ) ;
#1473 = CARTESIAN_POINT ( 'NONE',  ( 406.3358739997660791, -118.2293669483496217, 5.599999999999999645 ) ) ;
#1474 = EDGE_CURVE ( 'NONE', #709, #578, #279, .T. ) ;
#1475 = VERTEX_POINT ( 'NONE', #1838 ) ;
#1476 = DIRECTION ( 'NONE',  ( 0.000000000000000000, 0.000000000000000000, -1.000000000000000000 ) ) ;
#1477 = VECTOR ( 'NONE', #1679, 1000.000000000000000 ) ;
#1478 = CARTESIAN_POINT ( 'NONE',  ( 421.6927152147791844, -18.45989286573050236, 3.199999999999995293 ) ) ;
#1479 = CARTESIAN_POINT ( 'NONE',  ( 407.2855290942945317, -124.4293669483496245, 10.75000000000000000 ) ) ;
#1480 = VERTEX_POINT ( 'NONE', #895 ) ;
#1481 = EDGE_CURVE ( 'NONE', #1232, #592, #428, .T. ) ;
#1482 = ORIENTED_EDGE ( 'NONE', *, *, #1972, .F. ) ;
#1483 = DIRECTION ( 'NONE',  ( 0.000000000000000000, 0.000000000000000000, -1.000000000000000000 ) ) ;
#1484 = AXIS2_PLACEMENT_3D ( 'NONE', #1264, #1734, #171 ) ;
#1485 = LINE ( 'NONE', #628, #337 ) ;
#1486 = DIRECTION ( 'NONE',  ( 0.000000000000000000, 0.000000000000000000, -1.000000000000000000 ) ) ;
#1487 = ORIENTED_EDGE ( 'NONE', *, *, #1268, .F. ) ;
#1488 = FACE_OUTER_BOUND ( 'NONE', #1726, .T. ) ;
#1489 = ORIENTED_EDGE ( 'NONE', *, *, #1094, .T. ) ;
#1490 = VECTOR ( 'NONE', #1199, 1000.000000000000114 ) ;
#1491 = DIRECTION ( 'NONE',  ( -1.000000000000000000, 0.000000000000000000, 0.000000000000000000 ) ) ;
#1492 = ADVANCED_FACE ( 'NONE', ( #1822 ), #1660, .F. ) ;
#1493 = AXIS2_PLACEMENT_3D ( 'NONE', #916, #1837, #325 ) ;
#1494 = DIRECTION ( 'NONE',  ( 0.000000000000000000, 0.000000000000000000, 1.000000000000000000 ) ) ;
#1495 = DATE_AND_TIME ( #1647, #1339 ) ;
#1496 = CARTESIAN_POINT ( 'NONE',  ( 421.6927152147791844, -121.9197857314609763, -450.7362439051084380 ) ) ;
#1497 = CARTESIAN_POINT ( 'NONE',  ( 334.1477152147792253, -53.97200000000000841, 5.599999999999999645 ) ) ;
#1498 = VERTEX_POINT ( 'NONE', #1991 ) ;
#1499 = ORIENTED_EDGE ( 'NONE', *, *, #2, .F. ) ;
#1500 = DIRECTION ( 'NONE',  ( -0.000000000000000000, -0.000000000000000000, -1.000000000000000000 ) ) ;
#1501 = EDGE_CURVE ( 'NONE', #1498, #719, #6, .T. ) ;
#1502 = ORIENTED_EDGE ( 'NONE', *, *, #95, .F. ) ;
#1503 = VECTOR ( 'NONE', #970, 1000.000000000000000 ) ;
#1504 = DIRECTION ( 'NONE',  ( -0.000000000000000000, -0.000000000000000000, -1.000000000000000000 ) ) ;
#1505 = AXIS2_PLACEMENT_3D ( 'NONE', #764, #1586, #1858 ) ;
#1506 = AXIS2_PLACEMENT_3D ( 'NONE', #1211, #735, #1065 ) ;
#1507 = CARTESIAN_POINT ( 'NONE',  ( 411.1977152147791799, -115.8793669483496274, 5.599999999999999645 ) ) ;
#1508 = VECTOR ( 'NONE', #1513, 1000.000000000000000 ) ;
#1509 = EDGE_LOOP ( 'NONE', ( #793, #1700, #1463, #931 ) ) ;
#1510 = FACE_OUTER_BOUND ( 'NONE', #1654, .T. ) ;
#1511 = ORIENTED_EDGE ( 'NONE', *, *, #364, .F. ) ;
#1512 = DIRECTION ( 'NONE',  ( 1.000000000000000000, 0.000000000000000000, 0.000000000000000000 ) ) ;
#1513 = DIRECTION ( 'NONE',  ( -0.000000000000000000, -0.000000000000000000, -1.000000000000000000 ) ) ;
#1514 = DIRECTION ( 'NONE',  ( 0.000000000000000000, 0.000000000000000000, -1.000000000000000000 ) ) ;
#1515 = ORIENTED_EDGE ( 'NONE', *, *, #1322, .T. ) ;
#1516 = CARTESIAN_POINT ( 'NONE',  ( 9.040344901021665436, -129.6099815356934357, 12.24999999999999822 ) ) ;
#1517 = ORIENTED_EDGE ( 'NONE', *, *, #1301, .F. ) ;
#1518 = AXIS2_PLACEMENT_3D ( 'NONE', #67, #1866, #478 ) ;
#1519 = VECTOR ( 'NONE', #229, 1000.000000000000000 ) ;
#1520 = EDGE_CURVE ( 'NONE', #869, #465, #1355, .T. ) ;
#1521 = EDGE_CURVE ( 'NONE', #610, #1279, #1215, .T. ) ;
#1522 = LINE ( 'NONE', #1857, #1639 ) ;
#1523 = LINE ( 'NONE', #1828, #1657 ) ;
#1524 = AXIS2_PLACEMENT_3D ( 'NONE', #265, #1375, #1854 ) ;
#1525 = CARTESIAN_POINT ( 'NONE',  ( 401.6927152147791844, -15.00000000000000178, -0.2999999999999999334 ) ) ;
#1526 = CARTESIAN_POINT ( 'NONE',  ( 10.68042987029309820, -127.8049907678467321, 12.24999999999999822 ) ) ;
#1527 = ORIENTED_EDGE ( 'NONE', *, *, #629, .F. ) ;
#1528 = DIRECTION ( 'NONE',  ( 0.000000000000000000, 0.000000000000000000, -1.000000000000000000 ) ) ;
#1529 = ORIENTED_EDGE ( 'NONE', *, *, #611, .T. ) ;
#1530 = DIRECTION ( 'NONE',  ( -0.000000000000000000, 1.000000000000000000, -0.000000000000000000 ) ) ;
#1531 = ORIENTED_EDGE ( 'NONE', *, *, #1429, .T. ) ;
#1532 = DIRECTION ( 'NONE',  ( -1.000000000000000000, 0.000000000000000000, 0.000000000000000000 ) ) ;
#1533 = CARTESIAN_POINT ( 'NONE',  ( 415.2225290942949414, -124.4293669483496245, 10.75000000000000000 ) ) ;
#1534 = CARTESIAN_POINT ( 'NONE',  ( 207.5526302455077143, 2.200000000000000178, 10.75000000000000000 ) ) ;
#1535 = VECTOR ( 'NONE', #1675, 1000.000000000000000 ) ;
#1536 = ORIENTED_EDGE ( 'NONE', *, *, #1451, .F. ) ;
#1537 = AXIS2_PLACEMENT_3D ( 'NONE', #264, #1494, #1027 ) ;
#1538 = CARTESIAN_POINT ( 'NONE',  ( 415.9927152147791958, -18.45989286573050236, 3.199999999999995293 ) ) ;
#1539 = ORIENTED_EDGE ( 'NONE', *, *, #246, .T. ) ;
#1540 = LINE ( 'NONE', #334, #531 ) ;
#1541 = VERTEX_POINT ( 'NONE', #1719 ) ;
#1542 = DIRECTION ( 'NONE',  ( -0.000000000000000000, -0.000000000000000000, 1.000000000000000000 ) ) ;
#1543 = LINE ( 'NONE', #1874, #788 ) ;
#1544 = CARTESIAN_POINT ( 'NONE',  ( 404.4240522503762918, -127.8049907678467321, 12.24999999999999822 ) ) ;
#1545 = EDGE_CURVE ( 'NONE', #1230, #862, #1390, .T. ) ;
#1546 = ORIENTED_EDGE ( 'NONE', *, *, #1794, .F. ) ;
#1547 = CARTESIAN_POINT ( 'NONE',  ( 421.6927152147791844, -98.45989286573049526, 5.199999999999986855 ) ) ;
#1548 = EDGE_LOOP ( 'NONE', ( #397, #213 ) ) ;
#1549 = DIRECTION ( 'NONE',  ( -0.000000000000000000, -0.000000000000000000, -1.000000000000000000 ) ) ;
#1550 = ORIENTED_EDGE ( 'NONE', *, *, #277, .F. ) ;
#1551 = VECTOR ( 'NONE', #951, 1000.000000000000000 ) ;
#1552 = CARTESIAN_POINT ( 'NONE',  ( 282.4726302455077303, 2.200000000000000178, 10.75000000000000000 ) ) ;
#1553 = CARTESIAN_POINT ( 'NONE',  ( 388.4451796847593528, -109.6099815356934499, -0.2999999999999999334 ) ) ;
#1554 = CARTESIAN_POINT ( 'NONE',  ( 415.9927152147791958, -98.45989286573049526, 5.199999999999986855 ) ) ;
#1555 = ADVANCED_FACE ( 'NONE', ( #1437 ), #767, .T. ) ;
#1556 = CONICAL_SURFACE ( 'NONE', #1031, 5.400000000000016342, 0.7853981633974764787 ) ;
#1557 = ORIENTED_EDGE ( 'NONE', *, *, #1378, .F. ) ;
#1558 = EDGE_CURVE ( 'NONE', #592, #1642, #340, .T. ) ;
#1559 = LINE ( 'NONE', #1452, #1340 ) ;
#1560 = CARTESIAN_POINT ( 'NONE',  ( 328.7477152147791912, -53.97200000000000841, 1.000000000000049516 ) ) ;
#1561 = VERTEX_POINT ( 'NONE', #1745 ) ;
#1562 = PLANE ( 'NONE',  #418 ) ;
#1563 = VECTOR ( 'NONE', #1743, 1000.000000000000000 ) ;
#1564 = DIRECTION ( 'NONE',  ( -0.000000000000000000, 0.000000000000000000, 1.000000000000000000 ) ) ;
#1565 = DIRECTION ( 'NONE',  ( -0.000000000000000000, 0.000000000000000000, 1.000000000000000000 ) ) ;
#1566 = ADVANCED_FACE ( 'NONE', ( #938 ), #625, .T. ) ;
#1567 = FACE_OUTER_BOUND ( 'NONE', #1598, .T. ) ;
#1568 = ORIENTED_EDGE ( 'NONE', *, *, #1907, .F. ) ;
#1569 = CARTESIAN_POINT ( 'NONE',  ( 418.8927152147792299, -120.7598403671505451, 10.75000000000000000 ) ) ;
#1570 = ORIENTED_EDGE ( 'NONE', *, *, #1094, .F. ) ;
#1571 = LINE ( 'NONE', #199, #591 ) ;
#1572 = ORIENTED_EDGE ( 'NONE', *, *, #294, .T. ) ;
#1573 = DIRECTION ( 'NONE',  ( 0.000000000000000000, 1.000000000000000000, 0.000000000000000000 ) ) ;
#1574 = DIRECTION ( 'NONE',  ( -1.000000000000000000, 0.000000000000000000, 0.000000000000000000 ) ) ;
#1575 = LINE ( 'NONE', #190, #1039 ) ;
#1576 = DIRECTION ( 'NONE',  ( 0.000000000000000000, 0.000000000000000000, 1.000000000000000000 ) ) ;
#1577 = CARTESIAN_POINT ( 'NONE',  ( 388.4451796847593528, -109.6099815356934499, -1.800000000000000044 ) ) ;
#1578 = EDGE_CURVE ( 'NONE', #1232, #1932, #1284, .T. ) ;
#1579 = ORIENTED_EDGE ( 'NONE', *, *, #175, .F. ) ;
#1580 = VECTOR ( 'NONE', #430, 1000.000000000000000 ) ;
#1581 = DIRECTION ( 'NONE',  ( 0.000000000000000000, 1.000000000000000000, 0.000000000000000000 ) ) ;
#1582 = ORIENTED_EDGE ( 'NONE', *, *, #909, .T. ) ;
#1583 = CARTESIAN_POINT ( 'NONE',  ( 282.4726302455077303, 3.195009232153330103, 62.15991928837468095 ) ) ;
#1584 = CYLINDRICAL_SURFACE ( 'NONE', #471, 2.000000000000001332 ) ;
#1585 = MANIFOLD_SOLID_BREP ( 'Odebrat vysunut\X2\00ed\X0\m7', #1862 ) ;
#1586 = DIRECTION ( 'NONE',  ( -0.7070432384197367082, 0.7071703182437250046, 0.000000000000000000 ) ) ;
#1587 = APPLICATION_PROTOCOL_DEFINITION ( 'international standard', 'config_control_design', 1994, #1319 ) ;
#1588 = ADVANCED_FACE ( 'NONE', ( #1861 ), #1790, .T. ) ;
#1589 = AXIS2_PLACEMENT_3D ( 'NONE', #1507, #122, #733 ) ;
#1590 = DIRECTION ( 'NONE',  ( 1.000000000000000000, 0.000000000000000000, 0.000000000000000000 ) ) ;
#1591 = DIRECTION ( 'NONE',  ( -0.000000000000000000, 0.000000000000000000, 1.000000000000000000 ) ) ;
#1592 = AXIS2_PLACEMENT_3D ( 'NONE', #1049, #1565, #1676 ) ;
#1593 = ORIENTED_EDGE ( 'NONE', *, *, #246, .F. ) ;
#1594 = DIRECTION ( 'NONE',  ( -0.000000000000000000, -0.000000000000000000, -1.000000000000000000 ) ) ;
#1595 = VERTEX_POINT ( 'NONE', #655 ) ;
#1596 = ADVANCED_BREP_SHAPE_REPRESENTATION ( '2-back', ( #1585, #1308 ), #1140 ) ;
#1597 = CARTESIAN_POINT ( 'NONE',  ( 413.1977152147791799, -115.8793669483496274, -0.1499999999999999667 ) ) ;
#1598 = EDGE_LOOP ( 'NONE', ( #469, #762, #150, #1912 ) ) ;
#1599 = DIRECTION ( 'NONE',  ( -1.000000000000000000, 0.000000000000000000, 0.000000000000000000 ) ) ;
#1600 = EDGE_CURVE ( 'NONE', #49, #1902, #1125, .T. ) ;
#1601 = SECURITY_CLASSIFICATION ( '', '', #723 ) ;
#1602 = CARTESIAN_POINT ( 'NONE',  ( 207.5526302455077143, 4.999999999999999112, 12.24999999999999822 ) ) ;
#1603 = CARTESIAN_POINT ( 'NONE',  ( 10.20009800898741759, -126.8099815356934243, 5.599999999999999645 ) ) ;
#1604 = ORIENTED_EDGE ( 'NONE', *, *, #1353, .F. ) ;
#1605 = LINE ( 'NONE', #1096, #427 ) ;
#1606 = ORIENTED_EDGE ( 'NONE', *, *, #1353, .T. ) ;
#1607 = DIRECTION ( 'NONE',  ( -0.000000000000000000, 1.000000000000000000, -0.000000000000000000 ) ) ;
#1608 = AXIS2_PLACEMENT_3D ( 'NONE', #72, #1573, #651 ) ;
#1609 = LINE ( 'NONE', #1433, #144 ) ;
#1610 = AXIS2_PLACEMENT_3D ( 'NONE', #497, #1576, #33 ) ;
#1611 = PLANE ( 'NONE',  #976 ) ;
#1612 = CARTESIAN_POINT ( 'NONE',  ( 412.6927152147791844, -109.6564275303575755, 0.000000000000000000 ) ) ;
#1613 = LINE ( 'NONE', #1946, #1757 ) ;
#1614 = ORIENTED_EDGE ( 'NONE', *, *, #597, .T. ) ;
#1615 = DIRECTION ( 'NONE',  ( -0.000000000000000000, -0.000000000000000000, -1.000000000000000000 ) ) ;
#1616 = EDGE_CURVE ( 'NONE', #1940, #321, #1947, .T. ) ;
#1617 = ADVANCED_FACE ( 'NONE', ( #1567 ), #1273, .T. ) ;
#1618 = ORIENTED_EDGE ( 'NONE', *, *, #1619, .T. ) ;
#1619 = EDGE_CURVE ( 'NONE', #366, #1100, #363, .T. ) ;
#1620 = PERSON_AND_ORGANIZATION ( #18446744073709551615, #18446744073709551615 ) ;
#1621 = DIRECTION ( 'NONE',  ( 1.000000000000000000, 0.000000000000000000, 0.000000000000000000 ) ) ;
#1622 = DIRECTION ( 'NONE',  ( 1.000000000000000000, 0.000000000000000000, 0.000000000000000000 ) ) ;
#1623 = ORIENTED_EDGE ( 'NONE', *, *, #973, .F. ) ;
#1624 = EDGE_CURVE ( 'NONE', #170, #1751, #681, .T. ) ;
#1625 = LINE ( 'NONE', #1956, #1655 ) ;
#1626 = AXIS2_PLACEMENT_3D ( 'NONE', #1154, #86, #701 ) ;
#1627 = ORIENTED_EDGE ( 'NONE', *, *, #311, .F. ) ;
#1628 = VECTOR ( 'NONE', #1607, 1000.000000000000000 ) ;
#1629 = ADVANCED_FACE ( 'NONE', ( #353 ), #169, .F. ) ;
#1630 = FACE_OUTER_BOUND ( 'NONE', #1338, .T. ) ;
#1631 = DIRECTION ( 'NONE',  ( 0.000000000000000000, 0.000000000000000000, -1.000000000000000000 ) ) ;
#1632 = EDGE_CURVE ( 'NONE', #1791, #422, #376, .T. ) ;
#1633 = EDGE_CURVE ( 'NONE', #281, #700, #840, .T. ) ;
#1634 = ORIENTED_EDGE ( 'NONE', *, *, #1948, .F. ) ;
#1635 = LINE ( 'NONE', #1317, #39 ) ;
#1636 = EDGE_LOOP ( 'NONE', ( #424, #211, #1302, #626 ) ) ;
#1637 = CARTESIAN_POINT ( 'NONE',  ( 405.7977152147791458, -115.8793669483496274, 0.9999999999999376055 ) ) ;
#1638 = FACE_BOUND ( 'NONE', #920, .T. ) ;
#1639 = VECTOR ( 'NONE', #470, 1000.000000000000000 ) ;
#1640 = FACE_OUTER_BOUND ( 'NONE', #1407, .T. ) ;
#1641 = DIRECTION ( 'NONE',  ( 0.000000000000000000, 0.000000000000000000, 1.000000000000000000 ) ) ;
#1642 = VERTEX_POINT ( 'NONE', #790 ) ;
#1643 = ADVANCED_FACE ( 'NONE', ( #1402, #961 ), #1091, .T. ) ;
#1644 = ORIENTED_EDGE ( 'NONE', *, *, #139, .F. ) ;
#1645 = DIRECTION ( 'NONE',  ( -0.000000000000000000, -0.000000000000000000, 1.000000000000000000 ) ) ;
#1646 = CIRCLE ( 'NONE', #230, 6.400000000000128253 ) ;
#1647 = CALENDAR_DATE ( 2025, 5, 11 ) ;
#1648 = EDGE_CURVE ( 'NONE', #719, #1498, #1029, .T. ) ;
#1649 = FACE_OUTER_BOUND ( 'NONE', #1240, .T. ) ;
#1650 = EDGE_CURVE ( 'NONE', #805, #1954, #333, .T. ) ;
#1651 = ORIENTED_EDGE ( 'NONE', *, *, #611, .F. ) ;
#1652 = ORIENTED_EDGE ( 'NONE', *, *, #845, .F. ) ;
#1653 = CARTESIAN_POINT ( 'NONE',  ( 406.3358739997660791, -118.2293669483496217, 5.599999999999999645 ) ) ;
#1654 = EDGE_LOOP ( 'NONE', ( #273, #182, #637, #1127 ) ) ;
#1655 = VECTOR ( 'NONE', #1500, 1000.000000000000000 ) ;
#1656 = LINE ( 'NONE', #873, #1699 ) ;
#1657 = VECTOR ( 'NONE', #1081, 1000.000000000000000 ) ;
#1658 = ORIENTED_EDGE ( 'NONE', *, *, #51, .F. ) ;
#1659 = AXIS2_PLACEMENT_3D ( 'NONE', #1930, #405, #842 ) ;
#1660 = CYLINDRICAL_SURFACE ( 'NONE', #804, 2.000000000000001776 ) ;
#1661 = ORIENTED_EDGE ( 'NONE', *, *, #1501, .F. ) ;
#1662 = CARTESIAN_POINT ( 'NONE',  ( 207.5526302455077143, -127.8049907678467321, 10.75000000000000000 ) ) ;
#1663 = ORIENTED_EDGE ( 'NONE', *, *, #1545, .F. ) ;
#1664 = CARTESIAN_POINT ( 'NONE',  ( 2.412545276236220726, -4.000000000000000000, 0.000000000000000000 ) ) ;
#1665 = VECTOR ( 'NONE', #1476, 1000.000000000000000 ) ;
#1666 = VECTOR ( 'NONE', #274, 1000.000000000000114 ) ;
#1667 = LINE ( 'NONE', #1813, #741 ) ;
#1668 = AXIS2_PLACEMENT_3D ( 'NONE', #1260, #1696, #1744 ) ;
#1669 = VERTEX_POINT ( 'NONE', #260 ) ;
#1670 = LINE ( 'NONE', #1516, #1252 ) ;
#1671 = EDGE_CURVE ( 'NONE', #422, #1100, #561, .T. ) ;
#1672 = EDGE_CURVE ( 'NONE', #1109, #1219, #714, .T. ) ;
#1673 = ORIENTED_EDGE ( 'NONE', *, *, #31, .T. ) ;
#1674 = DIRECTION ( 'NONE',  ( 1.000000000000000000, 0.000000000000000000, 0.000000000000000000 ) ) ;
#1675 = DIRECTION ( 'NONE',  ( -1.000000000000000000, 0.000000000000000000, 0.000000000000000000 ) ) ;
#1676 = DIRECTION ( 'NONE',  ( 1.000000000000000000, 0.000000000000000000, 0.000000000000000000 ) ) ;
#1677 = DIRECTION ( 'NONE',  ( 1.000000000000000000, 0.000000000000000000, 0.000000000000000000 ) ) ;
#1678 = EDGE_LOOP ( 'NONE', ( #512, #1499, #467, #1489 ) ) ;
#1679 = DIRECTION ( 'NONE',  ( -1.000000000000000000, -0.000000000000000000, -0.000000000000000000 ) ) ;
#1680 = PLANE ( 'NONE',  #1686 ) ;
#1681 = VECTOR ( 'NONE', #699, 1000.000000000000000 ) ;
#1682 = VERTEX_POINT ( 'NONE', #532 ) ;
#1683 = DIRECTION ( 'NONE',  ( 0.000000000000000000, 0.000000000000000000, -1.000000000000000000 ) ) ;
#1684 = CARTESIAN_POINT ( 'NONE',  ( 415.9927152147791958, -18.45989286573050236, 5.199999999999996625 ) ) ;
#1685 = PLANE ( 'NONE',  #617 ) ;
#1686 = AXIS2_PLACEMENT_3D ( 'NONE', #609, #101, #1811 ) ;
#1687 = LINE ( 'NONE', #874, #222 ) ;
#1688 = EDGE_CURVE ( 'NONE', #1251, #1801, #102, .T. ) ;
#1689 = VERTEX_POINT ( 'NONE', #84 ) ;
#1690 = DIRECTION ( 'NONE',  ( 0.000000000000000000, 0.000000000000000000, 1.000000000000000000 ) ) ;
#1691 = ORIENTED_EDGE ( 'NONE', *, *, #261, .T. ) ;
#1692 = CARTESIAN_POINT ( 'NONE',  ( 413.1977152147791799, -115.8793669483496274, 5.599999999999999645 ) ) ;
#1693 = ORIENTED_EDGE ( 'NONE', *, *, #521, .F. ) ;
#1694 = CARTESIAN_POINT ( 'NONE',  ( 412.6927152147791844, -4.000000000000000000, 5.599999999999999645 ) ) ;
#1695 = FACE_OUTER_BOUND ( 'NONE', #1758, .T. ) ;
#1696 = DIRECTION ( 'NONE',  ( 0.000000000000000000, 0.000000000000000000, -1.000000000000000000 ) ) ;
#1697 = DIRECTION ( 'NONE',  ( 1.000000000000000000, 0.000000000000000000, 0.000000000000000000 ) ) ;
#1698 = CIRCLE ( 'NONE', #1990, 6.249999999999977796 ) ;
#1699 = VECTOR ( 'NONE', #1504, 1000.000000000000000 ) ;
#1700 = ORIENTED_EDGE ( 'NONE', *, *, #751, .F. ) ;
#1701 = VECTOR ( 'NONE', #386, 1000.000000000000000 ) ;
#1702 = DIRECTION ( 'NONE',  ( 1.000000000000000000, 0.000000000000000000, 0.000000000000000000 ) ) ;
#1703 = CARTESIAN_POINT ( 'NONE',  ( 282.4726302455077303, 2.200000000000000178, 62.15991928837468095 ) ) ;
#1704 = ORIENTED_EDGE ( 'NONE', *, *, #1175, .F. ) ;
#1705 = PLANE ( 'NONE',  #823 ) ;
#1706 = LINE ( 'NONE', #1235, #42 ) ;
#1707 = EDGE_CURVE ( 'NONE', #1007, #749, #1006, .T. ) ;
#1708 = DIRECTION ( 'NONE',  ( -1.000000000000000000, 0.000000000000000000, 0.000000000000000000 ) ) ;
#1709 = ORIENTED_EDGE ( 'NONE', *, *, #1416, .F. ) ;
#1710 = DIRECTION ( 'NONE',  ( -0.000000000000000000, -0.000000000000000000, -1.000000000000000000 ) ) ;
#1711 = ORIENTED_EDGE ( 'NONE', *, *, #1648, .F. ) ;
#1712 = CARTESIAN_POINT ( 'NONE',  ( 406.8050947154879395, -125.4243761805029180, 12.24999999999999822 ) ) ;
#1713 = ORIENTED_EDGE ( 'NONE', *, *, #153, .F. ) ;
#1714 = FACE_OUTER_BOUND ( 'NONE', #1097, .T. ) ;
#1715 = AXIS2_PLACEMENT_3D ( 'NONE', #1909, #1413, #498 ) ;
#1716 = PLANE ( 'NONE',  #1505 ) ;
#1717 = PLANE ( 'NONE',  #82 ) ;
#1718 = LINE ( 'NONE', #800, #419 ) ;
#1719 = CARTESIAN_POINT ( 'NONE',  ( 404.7977152147792594, -115.8793669483496274, 0.000000000000000000 ) ) ;
#1720 = EDGE_CURVE ( 'NONE', #1801, #1561, #239, .T. ) ;
#1721 = CIRCLE ( 'NONE', #1885, 2.000000000000001332 ) ;
#1722 = ORIENTED_EDGE ( 'NONE', *, *, #1671, .T. ) ;
#1723 = PLANE ( 'NONE',  #32 ) ;
#1724 = EDGE_LOOP ( 'NONE', ( #1568, #1376, #1982, #1074 ) ) ;
#1725 = FACE_OUTER_BOUND ( 'NONE', #1724, .T. ) ;
#1726 = EDGE_LOOP ( 'NONE', ( #962, #1922, #1453, #1869 ) ) ;
#1727 = CARTESIAN_POINT ( 'NONE',  ( 402.3366888931536778, -120.6099815356934357, 5.599999999999999645 ) ) ;
#1728 = VECTOR ( 'NONE', #1147, 1000.000000000000000 ) ;
#1729 = CARTESIAN_POINT ( 'NONE',  ( 282.4726302455077303, 2.200000000000000178, 12.24999999999999645 ) ) ;
#1730 = DIRECTION ( 'NONE',  ( 0.000000000000000000, -1.000000000000000000, 0.000000000000000000 ) ) ;
#1731 = DIRECTION ( 'NONE',  ( 0.000000000000000000, 0.000000000000000000, 1.000000000000000000 ) ) ;
#1732 = CARTESIAN_POINT ( 'NONE',  ( 388.4451796847593528, -109.6099815356934499, -0.2999999999999999334 ) ) ;
#1733 = ORIENTED_EDGE ( 'NONE', *, *, #1399, .T. ) ;
#1734 = DIRECTION ( 'NONE',  ( 1.000000000000000000, 0.000000000000000000, 0.000000000000000000 ) ) ;
#1735 = AXIS2_PLACEMENT_3D ( 'NONE', #506, #1113, #1434 ) ;
#1736 = ORIENTED_EDGE ( 'NONE', *, *, #1616, .T. ) ;
#1737 = FACE_OUTER_BOUND ( 'NONE', #319, .T. ) ;
#1738 = ADVANCED_FACE ( 'NONE', ( #406 ), #130, .T. ) ;
#1739 = EDGE_CURVE ( 'NONE', #908, #1444, #93, .T. ) ;
#1740 = VERTEX_POINT ( 'NONE', #387 ) ;
#1741 = DIRECTION ( 'NONE',  ( -1.000000000000000000, 0.000000000000000000, 0.000000000000000000 ) ) ;
#1742 = CARTESIAN_POINT ( 'NONE',  ( 0.000000000000000000, 0.000000000000000000, 0.000000000000000000 ) ) ;
#1743 = DIRECTION ( 'NONE',  ( 0.000000000000000000, 0.000000000000000000, -1.000000000000000000 ) ) ;
#1744 = DIRECTION ( 'NONE',  ( -1.000000000000000000, 0.000000000000000000, 0.000000000000000000 ) ) ;
#1745 = CARTESIAN_POINT ( 'NONE',  ( 420.0526302455076575, -120.1147949636142727, 10.75000000000000000 ) ) ;
#1746 = EDGE_LOOP ( 'NONE', ( #234, #1502, #940, #501 ) ) ;
#1747 = EDGE_CURVE ( 'NONE', #379, #709, #1953, .T. ) ;
#1748 = DIRECTION ( 'NONE',  ( 0.000000000000000000, -0.000000000000000000, 1.000000000000000000 ) ) ;
#1749 = EDGE_LOOP ( 'NONE', ( #641, #1380, #96, #499 ) ) ;
#1750 = DIRECTION ( 'NONE',  ( -1.000000000000000000, 0.000000000000000000, 0.000000000000000000 ) ) ;
#1751 = VERTEX_POINT ( 'NONE', #1014 ) ;
#1752 = CARTESIAN_POINT ( 'NONE',  ( 382.1951796847593528, -109.6099815356934499, -1.800000000000000044 ) ) ;
#1753 = LINE ( 'NONE', #1928, #1929 ) ;
#1754 = VECTOR ( 'NONE', #792, 1000.000000000000000 ) ;
#1755 = CYLINDRICAL_SURFACE ( 'NONE', #826, 2.000000000000001776 ) ;
#1756 = DIRECTION ( 'NONE',  ( 0.000000000000000000, 0.000000000000000000, 1.000000000000000000 ) ) ;
#1757 = VECTOR ( 'NONE', #564, 1000.000000000000000 ) ;
#1758 = EDGE_LOOP ( 'NONE', ( #1130, #820, #572, #342, #252, #1024, #99, #1673 ) ) ;
#1759 = DIRECTION ( 'NONE',  ( 0.000000000000000000, 0.000000000000000000, -1.000000000000000000 ) ) ;
#1760 = VERTEX_POINT ( 'NONE', #571 ) ;
#1761 = CARTESIAN_POINT ( 'NONE',  ( 420.0526302455077143, 3.195009232153282142, 12.24999999999999822 ) ) ;
#1762 = DIRECTION ( 'NONE',  ( 1.000000000000000000, 0.000000000000000000, 0.000000000000000000 ) ) ;
#1763 = PERSON_AND_ORGANIZATION_ROLE ( 'design_owner' ) ;
#1764 = VECTOR ( 'NONE', #517, 1000.000000000000000 ) ;
#1765 = DIRECTION ( 'NONE',  ( 1.000000000000000000, 0.000000000000000000, 0.000000000000000000 ) ) ;
#1766 = CARTESIAN_POINT ( 'NONE',  ( 232.5722410603346475, -126.8099815356934243, 10.75000000000000000 ) ) ;
#1767 = EDGE_CURVE ( 'NONE', #1174, #657, #1180, .T. ) ;
#1768 = EDGE_CURVE ( 'NONE', #791, #355, #1613, .T. ) ;
#1769 = APPLICATION_CONTEXT ( 'configuration controlled 3d designs of mechanical parts and assemblies' ) ;
#1770 = CARTESIAN_POINT ( 'NONE',  ( 412.6927152147791844, -110.6904388316765733, 0.9999999999999376055 ) ) ;
#1771 = ORIENTED_EDGE ( 'NONE', *, *, #798, .T. ) ;
#1772 = LINE ( 'NONE', #785, #133 ) ;
#1773 = VECTOR ( 'NONE', #504, 1000.000000000000000 ) ;
#1774 = ORIENTED_EDGE ( 'NONE', *, *, #943, .T. ) ;
#1775 = DIRECTION ( 'NONE',  ( 0.7071703182437242274, 0.7070432384197375963, 0.000000000000000000 ) ) ;
#1776 = VECTOR ( 'NONE', #1331, 1000.000000000000000 ) ;
#1777 = CARTESIAN_POINT ( 'NONE',  ( 405.7977152147791458, -115.8793669483496274, 0.9999999999999376055 ) ) ;
#1778 = EDGE_CURVE ( 'NONE', #98, #786, #217, .T. ) ;
#1779 = CARTESIAN_POINT ( 'NONE',  ( 412.6927152147791844, -4.000000000000000000, 5.599999999999999645 ) ) ;
#1780 = DIRECTION ( 'NONE',  ( 0.000000000000000000, 1.000000000000000000, 0.000000000000000000 ) ) ;
#1781 = ORIENTED_EDGE ( 'NONE', *, *, #1616, .F. ) ;
#1782 = FACE_OUTER_BOUND ( 'NONE', #1349, .T. ) ;
#1783 = ORIENTED_EDGE ( 'NONE', *, *, #174, .T. ) ;
#1784 = VERTEX_POINT ( 'NONE', #1799 ) ;
#1785 = EDGE_CURVE ( 'NONE', #786, #827, #825, .T. ) ;
#1786 = CARTESIAN_POINT ( 'NONE',  ( 401.6927152147791844, -15.00000000000000178, -1.800000000000000044 ) ) ;
#1787 = CALENDAR_DATE ( 2025, 5, 11 ) ;
#1788 = DIRECTION ( 'NONE',  ( 1.000000000000000000, 0.000000000000000000, 0.000000000000000000 ) ) ;
#1789 = CARTESIAN_POINT ( 'NONE',  ( 414.7420947154881787, -125.4243761805029465, 12.24999999999999822 ) ) ;
#1790 = CONICAL_SURFACE ( 'NONE', #1715, 5.400000000000016342, 0.7853981633974764787 ) ;
#1791 = VERTEX_POINT ( 'NONE', #836 ) ;
#1792 = VECTOR ( 'NONE', #677, 1000.000000000000000 ) ;
#1793 = EDGE_LOOP ( 'NONE', ( #454, #746, #1614, #37 ) ) ;
#1794 = EDGE_CURVE ( 'NONE', #646, #1480, #806, .T. ) ;
#1795 = AXIS2_PLACEMENT_3D ( 'NONE', #665, #1312, #1938 ) ;
#1796 = PERSON_AND_ORGANIZATION_ROLE ( 'creator' ) ;
#1797 = ADVANCED_FACE ( 'NONE', ( #690 ), #1931, .T. ) ;
#1798 = CARTESIAN_POINT ( 'NONE',  ( 411.1977152147791799, -115.8793669483496274, -0.1499999999999999667 ) ) ;
#1799 = CARTESIAN_POINT ( 'NONE',  ( 406.0641372196477619, -129.6099815356934357, 12.24999999999999822 ) ) ;
#1800 = ORIENTED_EDGE ( 'NONE', *, *, #399, .F. ) ;
#1801 = VERTEX_POINT ( 'NONE', #395 ) ;
#1802 = EDGE_CURVE ( 'NONE', #693, #377, #648, .T. ) ;
#1803 = CIRCLE ( 'NONE', #856, 2.000000000000001332 ) ;
#1804 = COORDINATED_UNIVERSAL_TIME_OFFSET ( 1, 0, .AHEAD. ) ;
#1805 = AXIS2_PLACEMENT_3D ( 'NONE', #1320, #1959, #1951 ) ;
#1806 = PLANE ( 'NONE',  #1172 ) ;
#1807 = DIRECTION ( 'NONE',  ( 0.000000000000000000, 0.000000000000000000, 1.000000000000000000 ) ) ;
#1808 = ORIENTED_EDGE ( 'NONE', *, *, #474, .T. ) ;
#1809 = ADVANCED_FACE ( 'NONE', ( #844, #551, #633 ), #136, .F. ) ;
#1810 = ORIENTED_EDGE ( 'NONE', *, *, #1545, .T. ) ;
#1811 = DIRECTION ( 'NONE',  ( 0.000000000000000000, 0.000000000000000000, 1.000000000000000000 ) ) ;
#1812 = ORIENTED_EDGE ( 'NONE', *, *, #799, .T. ) ;
#1813 = CARTESIAN_POINT ( 'NONE',  ( 9.040344901021665436, -129.6099815356934357, -1.800000000000023803 ) ) ;
#1814 = VERTEX_POINT ( 'NONE', #1214 ) ;
#1815 = VECTOR ( 'NONE', #114, 1000.000000000000000 ) ;
#1816 = LINE ( 'NONE', #1840, #1580 ) ;
#1817 = PERSON_AND_ORGANIZATION ( #18446744073709551615, #18446744073709551615 ) ;
#1818 = VECTOR ( 'NONE', #1530, 1000.000000000000000 ) ;
#1819 = CARTESIAN_POINT ( 'NONE',  ( 388.4451796847593528, -109.6099815356934499, -1.800000000000000044 ) ) ;
#1820 = EDGE_CURVE ( 'NONE', #1760, #809, #740, .T. ) ;
#1821 = EDGE_CURVE ( 'NONE', #66, #1427, #1523, .T. ) ;
#1822 = FACE_OUTER_BOUND ( 'NONE', #1286, .T. ) ;
#1823 = VERTEX_POINT ( 'NONE', #613 ) ;
#1824 = APPROVAL_PERSON_ORGANIZATION ( #982, #605, #959 ) ;
#1825 = DIRECTION ( 'NONE',  ( -0.000000000000000000, -0.000000000000000000, -1.000000000000000000 ) ) ;
#1826 = CARTESIAN_POINT ( 'NONE',  ( 408.4451796847593528, -127.2293669483496359, 12.24999999999999822 ) ) ;
#1827 = CARTESIAN_POINT ( 'NONE',  ( 336.1477152147792253, -53.97200000000000841, -0.1499999999999999667 ) ) ;
#1828 = CARTESIAN_POINT ( 'NONE',  ( 207.5526302455077143, -4.000000000000000000, 5.599999999999999645 ) ) ;
#1829 = EDGE_CURVE ( 'NONE', #355, #98, #891, .T. ) ;
#1830 = VECTOR ( 'NONE', #1030, 1000.000000000000000 ) ;
#1831 = CONICAL_SURFACE ( 'NONE', #221, 5.400000000000016342, 0.7853981633974340681 ) ;
#1832 = ORIENTED_EDGE ( 'NONE', *, *, #1558, .F. ) ;
#1833 = CARTESIAN_POINT ( 'NONE',  ( 411.1977152147791799, -115.8793669483496274, 5.599999999999999645 ) ) ;
#1834 = ORIENTED_EDGE ( 'NONE', *, *, #1855, .F. ) ;
#1835 = ADVANCED_FACE ( 'NONE', ( #905 ), #1980, .F. ) ;
#1836 = ADVANCED_FACE ( 'NONE', ( #1370 ), #293, .T. ) ;
#1837 = DIRECTION ( 'NONE',  ( 1.000000000000000000, 0.000000000000000000, 0.000000000000000000 ) ) ;
#1838 = CARTESIAN_POINT ( 'NONE',  ( 406.0641372196477619, -129.6099815356934357, -1.800000000000023803 ) ) ;
#1839 = ORIENTED_EDGE ( 'NONE', *, *, #1281, .F. ) ;
#1840 = CARTESIAN_POINT ( 'NONE',  ( 328.7477152147791912, -53.97200000000000841, 5.599999999999999645 ) ) ;
#1841 = VERTEX_POINT ( 'NONE', #1388 ) ;
#1842 = VECTOR ( 'NONE', #1884, 1000.000000000000000 ) ;
#1843 = LINE ( 'NONE', #1703, #1921 ) ;
#1844 = VECTOR ( 'NONE', #1224, 1000.000000000000000 ) ;
#1845 = ORIENTED_EDGE ( 'NONE', *, *, #704, .T. ) ;
#1846 = LINE ( 'NONE', #1047, #575 ) ;
#1847 = DIRECTION ( 'NONE',  ( -0.7070432384197375963, 0.7071703182437242274, 0.000000000000000000 ) ) ;
#1848 = EDGE_CURVE ( 'NONE', #366, #1791, #1225, .T. ) ;
#1849 = DIRECTION ( 'NONE',  ( -0.7071703182436933632, -0.7070432384197683495, 0.000000000000000000 ) ) ;
#1850 = DIRECTION ( 'NONE',  ( 1.000000000000000000, -0.000000000000000000, -0.000000000000000000 ) ) ;
#1851 = ORIENTED_EDGE ( 'NONE', *, *, #1632, .F. ) ;
#1852 = DIRECTION ( 'NONE',  ( 1.000000000000000000, 0.000000000000000000, 0.000000000000000000 ) ) ;
#1853 = ORIENTED_EDGE ( 'NONE', *, *, #880, .F. ) ;
#1854 = DIRECTION ( 'NONE',  ( -0.7071703182436933632, -0.7070432384197683495, 0.000000000000000000 ) ) ;
#1855 = EDGE_CURVE ( 'NONE', #864, #1740, #1706, .T. ) ;
#1856 = EDGE_LOOP ( 'NONE', ( #886, #256, #769, #922, #1460, #1185, #1409, #837 ) ) ;
#1857 = CARTESIAN_POINT ( 'NONE',  ( 409.1977152147791799, -115.8793669483496274, -0.1499999999999999667 ) ) ;
#1858 = DIRECTION ( 'NONE',  ( -0.7071703182437250046, -0.7070432384197367082, 0.000000000000000000 ) ) ;
#1859 = CARTESIAN_POINT ( 'NONE',  ( 418.8927152147792299, 2.200000000000000178, 10.75000000000000000 ) ) ;
#1860 = DIRECTION ( 'NONE',  ( 1.000000000000000000, 0.000000000000000000, 0.000000000000000000 ) ) ;
#1861 = FACE_OUTER_BOUND ( 'NONE', #847, .T. ) ;
#1862 = CLOSED_SHELL ( 'NONE', ( #371, #1871, #1212, #331, #1588, #1034, #621, #1492, #1555, #1126, #1350, #737, #1836, #126, #445, #347, #1916, #1934, #879, #1617, #1797, #1643, #341, #1886, #1927, #1040, #683, #770, #94, #196, #1248, #285, #577, #1247, #117, #1809, #838, #1835, #896, #718, #1093, #1396, #687, #1981, #30, #1189, #993, #408, #1163, #191, #1371, #703, #514, #1738, #710, #1629, #523, #327, #1135, #1342, #270, #505, #1566, #1405 ) ) ;
#1863 = AXIS2_PLACEMENT_3D ( 'NONE', #858, #1483, #1491 ) ;
#1864 = VERTEX_POINT ( 'NONE', #1859 ) ;
#1865 = CIRCLE ( 'NONE', #1805, 6.399999999999906208 ) ;
#1866 = DIRECTION ( 'NONE',  ( -0.000000000000000000, -0.000000000000000000, 1.000000000000000000 ) ) ;
#1867 = ORIENTED_EDGE ( 'NONE', *, *, #1036, .F. ) ;
#1868 = CARTESIAN_POINT ( 'NONE',  ( 421.6927152147791844, 4.999999999999999112, 12.24999999999999822 ) ) ;
#1869 = ORIENTED_EDGE ( 'NONE', *, *, #1633, .T. ) ;
#1870 = CARTESIAN_POINT ( 'NONE',  ( 282.4722410603346816, -126.8099815356934243, 62.15991928837468095 ) ) ;
#1871 = ADVANCED_FACE ( 'NONE', ( #462 ), #926, .F. ) ;
#1872 = LINE ( 'NONE', #643, #1900 ) ;
#1873 = FACE_OUTER_BOUND ( 'NONE', #1749, .T. ) ;
#1874 = CARTESIAN_POINT ( 'NONE',  ( 328.7477152147791912, -53.97200000000000841, 1.000000000000049516 ) ) ;
#1875 = CARTESIAN_POINT ( 'NONE',  ( 339.5477152147792026, -53.97200000000000841, 1.000000000000049516 ) ) ;
#1876 = ORIENTED_EDGE ( 'NONE', *, *, #210, .T. ) ;
#1877 = DIRECTION ( 'NONE',  ( -1.000000000000000000, 0.000000000000000000, 0.000000000000000000 ) ) ;
#1878 = EDGE_LOOP ( 'NONE', ( #365, #1925, #1942, #980 ) ) ;
#1879 = LINE ( 'NONE', #1597, #242 ) ;
#1880 = VECTOR ( 'NONE', #288, 1000.000000000000000 ) ;
#1881 = FACE_OUTER_BOUND ( 'NONE', #115, .T. ) ;
#1882 = VECTOR ( 'NONE', #1615, 1000.000000000000000 ) ;
#1883 = DIRECTION ( 'NONE',  ( -0.000000000000000000, -0.000000000000000000, 1.000000000000000000 ) ) ;
#1884 = DIRECTION ( 'NONE',  ( 1.000000000000000000, -0.000000000000000000, -0.000000000000000000 ) ) ;
#1885 = AXIS2_PLACEMENT_3D ( 'NONE', #502, #1099, #1110 ) ;
#1886 = ADVANCED_FACE ( 'NONE', ( #1998 ), #1685, .T. ) ;
#1887 = EDGE_CURVE ( 'NONE', #447, #657, #604, .T. ) ;
#1888 = ORIENTED_EDGE ( 'NONE', *, *, #521, .T. ) ;
#1889 = FACE_OUTER_BOUND ( 'NONE', #1509, .T. ) ;
#1890 = ORIENTED_EDGE ( 'NONE', *, *, #1887, .T. ) ;
#1891 = CARTESIAN_POINT ( 'NONE',  ( 207.5526302455077143, 0.000000000000000000, 0.000000000000000000 ) ) ;
#1892 = ORIENTED_EDGE ( 'NONE', *, *, #280, .T. ) ;
#1893 = DIRECTION ( 'NONE',  ( 0.000000000000000000, 0.000000000000000000, 1.000000000000000000 ) ) ;
#1894 =( NAMED_UNIT ( * ) SI_UNIT ( $, .STERADIAN. ) SOLID_ANGLE_UNIT ( ) );
#1895 = LINE ( 'NONE', #463, #1077 ) ;
#1896 = DIRECTION ( 'NONE',  ( 0.000000000000000000, 1.000000000000000000, 0.000000000000000000 ) ) ;
#1897 = CC_DESIGN_PERSON_AND_ORGANIZATION_ASSIGNMENT ( #1620, #1796, ( #1983 ) ) ;
#1898 = ORIENTED_EDGE ( 'NONE', *, *, #1648, .T. ) ;
#1899 = DIRECTION ( 'NONE',  ( 1.000000000000000000, 0.000000000000000000, 0.000000000000000000 ) ) ;
#1900 = VECTOR ( 'NONE', #1883, 1000.000000000000000 ) ;
#1901 = VECTOR ( 'NONE', #603, 1000.000000000000000 ) ;
#1902 = VERTEX_POINT ( 'NONE', #1060 ) ;
#1903 = LINE ( 'NONE', #1132, #566 ) ;
#1904 = ORIENTED_EDGE ( 'NONE', *, *, #1985, .T. ) ;
#1905 = LINE ( 'NONE', #1134, #729 ) ;
#1906 = LINE ( 'NONE', #686, #1728 ) ;
#1907 = EDGE_CURVE ( 'NONE', #791, #243, #778, .T. ) ;
#1908 = DIRECTION ( 'NONE',  ( -1.000000000000000000, 0.000000000000000000, 0.000000000000000000 ) ) ;
#1909 = CARTESIAN_POINT ( 'NONE',  ( 334.1477152147792253, -53.97200000000000841, 1.000000000000049516 ) ) ;
#1910 = VERTEX_POINT ( 'NONE', #1534 ) ;
#1911 = DIRECTION ( 'NONE',  ( -0.000000000000000000, 0.000000000000000000, 1.000000000000000000 ) ) ;
#1912 = ORIENTED_EDGE ( 'NONE', *, *, #1068, .F. ) ;
#1913 = CARTESIAN_POINT ( 'NONE',  ( 408.4451796847593528, -127.2293669483496359, -450.7362439051084380 ) ) ;
#1914 = EDGE_LOOP ( 'NONE', ( #1517, #974, #1536, #240 ) ) ;
#1915 = DIRECTION ( 'NONE',  ( 1.000000000000000000, 0.000000000000000000, -0.000000000000000000 ) ) ;
#1916 = ADVANCED_FACE ( 'NONE', ( #1873 ), #19, .T. ) ;
#1917 = FACE_OUTER_BOUND ( 'NONE', #1119, .T. ) ;
#1918 = AXIS2_PLACEMENT_3D ( 'NONE', #486, #666, #779 ) ;
#1919 = DIRECTION ( 'NONE',  ( -5.578958409373273725E-14, 1.000000000000000000, 0.000000000000000000 ) ) ;
#1920 = CARTESIAN_POINT ( 'NONE',  ( 420.0526302455077143, -120.1147949636142584, 12.24999999999999822 ) ) ;
#1921 = VECTOR ( 'NONE', #1549, 1000.000000000000000 ) ;
#1922 = ORIENTED_EDGE ( 'NONE', *, *, #261, .F. ) ;
#1923 = DIRECTION ( 'NONE',  ( 0.000000000000000000, 1.000000000000000000, -0.000000000000000000 ) ) ;
#1924 = PRODUCT_DEFINITION ( 'Obecn√', '', #1983, #1020 ) ;
#1925 = ORIENTED_EDGE ( 'NONE', *, *, #194, .T. ) ;
#1926 = CARTESIAN_POINT ( 'NONE',  ( 409.1977152147791799, -115.8793669483496274, -0.1499999999999999667 ) ) ;
#1927 = ADVANCED_FACE ( 'NONE', ( #1695 ), #1717, .T. ) ;
#1928 = CARTESIAN_POINT ( 'NONE',  ( 412.6927152147791844, -110.6904388316765733, 5.599999999999999645 ) ) ;
#1929 = VECTOR ( 'NONE', #1435, 1000.000000000000000 ) ;
#1930 = CARTESIAN_POINT ( 'NONE',  ( 404.9044866291829408, -126.8099815356934243, 10.75000000000000000 ) ) ;
#1931 = PLANE ( 'NONE',  #106 ) ;
#1932 = VERTEX_POINT ( 'NONE', #765 ) ;
#1933 = FACE_OUTER_BOUND ( 'NONE', #142, .T. ) ;
#1934 = ADVANCED_FACE ( 'NONE', ( #10 ), #1611, .T. ) ;
#1935 = ORIENTED_EDGE ( 'NONE', *, *, #1164, .T. ) ;
#1936 = ORIENTED_EDGE ( 'NONE', *, *, #251, .F. ) ;
#1937 = APPROVAL_DATE_TIME ( #1495, #1977 ) ;
#1938 = DIRECTION ( 'NONE',  ( 1.000000000000000000, 0.000000000000000000, 0.000000000000000000 ) ) ;
#1939 = DIRECTION ( 'NONE',  ( 0.000000000000000000, 0.000000000000000000, 1.000000000000000000 ) ) ;
#1940 = VERTEX_POINT ( 'NONE', #675 ) ;
#1941 = DIRECTION ( 'NONE',  ( 0.000000000000000000, 0.000000000000000000, -1.000000000000000000 ) ) ;
#1942 = ORIENTED_EDGE ( 'NONE', *, *, #446, .T. ) ;
#1943 = EDGE_CURVE ( 'NONE', #1740, #1669, #1906, .T. ) ;
#1944 = CARTESIAN_POINT ( 'NONE',  ( 421.6927152147791844, -98.45989286573049526, 1.199999999999983968 ) ) ;
#1945 = CARTESIAN_POINT ( 'NONE',  ( 404.9044866291829976, -126.8099815356933675, 5.599999999999999645 ) ) ;
#1946 = CARTESIAN_POINT ( 'NONE',  ( 408.4451796847593528, -127.2293669483496359, -1.800000000000023803 ) ) ;
#1947 = CIRCLE ( 'NONE', #1197, 2.000000000000001776 ) ;
#1948 = EDGE_CURVE ( 'NONE', #630, #1038, #530, .T. ) ;
#1949 = ORIENTED_EDGE ( 'NONE', *, *, #1033, .F. ) ;
#1950 = VECTOR ( 'NONE', #16, 1000.000000000000000 ) ;
#1951 = DIRECTION ( 'NONE',  ( 1.000000000000000000, -2.168404344971040817E-15, 0.000000000000000000 ) ) ;
#1952 = DIRECTION ( 'NONE',  ( -1.000000000000000000, 0.000000000000000000, 0.000000000000000000 ) ) ;
#1953 = LINE ( 'NONE', #1324, #404 ) ;
#1954 = VERTEX_POINT ( 'NONE', #1777 ) ;
#1955 = APPROVAL ( #412, 'Sjednocen√' ) ;
#1956 = CARTESIAN_POINT ( 'NONE',  ( 415.2225290942949414, -124.4293669483496245, 10.75000000000000000 ) ) ;
#1957 = ORIENTED_EDGE ( 'NONE', *, *, #1688, .F. ) ;
#1958 = CARTESIAN_POINT ( 'NONE',  ( 411.1977152147791799, -115.8793669483496274, 0.9999999999999376055 ) ) ;
#1959 = DIRECTION ( 'NONE',  ( 0.000000000000000000, -0.000000000000000000, -1.000000000000000000 ) ) ;
#1960 = DATE_TIME_ROLE ( 'classification_date' ) ;
#1961 = CIRCLE ( 'NONE', #1075, 5.400000000000016342 ) ;
#1962 = VECTOR ( 'NONE', #688, 1000.000000000000000 ) ;
#1963 = CARTESIAN_POINT ( 'NONE',  ( 232.5722410603346475, -126.8099815356934243, 12.24999999999999645 ) ) ;
#1964 = LINE ( 'NONE', #1664, #1830 ) ;
#1965 = ORIENTED_EDGE ( 'NONE', *, *, #1720, .T. ) ;
#1966 = LINE ( 'NONE', #296, #1092 ) ;
#1967 = ORIENTED_EDGE ( 'NONE', *, *, #1175, .T. ) ;
#1968 = ORIENTED_EDGE ( 'NONE', *, *, #944, .T. ) ;
#1969 = APPROVAL_ROLE ( '' ) ;
#1970 = EDGE_CURVE ( 'NONE', #1427, #934, #73, .T. ) ;
#1971 = EDGE_CURVE ( 'NONE', #805, #1276, #1753, .T. ) ;
#1972 = EDGE_CURVE ( 'NONE', #40, #1174, #350, .T. ) ;
#1973 = CARTESIAN_POINT ( 'NONE',  ( 207.5526302455077143, -129.6099815356934357, 12.24999999999999822 ) ) ;
#1974 = ORIENTED_EDGE ( 'NONE', *, *, #559, .T. ) ;
#1975 = VECTOR ( 'NONE', #1237, 1000.000000000000114 ) ;
#1976 = PLANE ( 'NONE',  #824 ) ;
#1977 = APPROVAL ( #1158, 'Sjednocen√' ) ;
#1978 = AXIS2_PLACEMENT_3D ( 'NONE', #216, #54, #75 ) ;
#1979 = CARTESIAN_POINT ( 'NONE',  ( 207.5526302455077143, -126.8099815356934243, 10.75000000000000000 ) ) ;
#1980 = PLANE ( 'NONE',  #272 ) ;
#1981 = ADVANCED_FACE ( 'NONE', ( #1917 ), #949, .F. ) ;
#1982 = ORIENTED_EDGE ( 'NONE', *, *, #1829, .T. ) ;
#1983 = PRODUCT_DEFINITION_FORMATION_WITH_SPECIFIED_SOURCE ( 'Symetrick√', '', #846, .NOT_KNOWN. ) ;
#1984 = CARTESIAN_POINT ( 'NONE',  ( 207.5526302455077143, -126.8099815356934243, 5.599999999999999645 ) ) ;
#1985 = EDGE_CURVE ( 'NONE', #749, #1230, #1575, .T. ) ;
#1986 = EDGE_CURVE ( 'NONE', #1751, #281, #538, .T. ) ;
#1987 = EDGE_LOOP ( 'NONE', ( #607, #650, #332, #1839 ) ) ;
#1988 = CARTESIAN_POINT ( 'NONE',  ( 207.5526302455077143, -127.8049907678467321, 12.24999999999999822 ) ) ;
#1989 = DIRECTION ( 'NONE',  ( -0.7071703182436934743, -0.7070432384197682385, 0.000000000000000000 ) ) ;
#1990 = AXIS2_PLACEMENT_3D ( 'NONE', #134, #1683, #1532 ) ;
#1991 = CARTESIAN_POINT ( 'NONE',  ( 409.1977152147791799, -115.8793669483496274, 5.599999999999999645 ) ) ;
#1992 = ORIENTED_EDGE ( 'NONE', *, *, #153, .T. ) ;
#1993 = CARTESIAN_POINT ( 'NONE',  ( 404.7177313582652687, -118.2293669483496217, 5.599999999999999645 ) ) ;
#1994 = DIRECTION ( 'NONE',  ( -1.000000000000000000, 0.000000000000000000, 0.000000000000000000 ) ) ;
#1995 = EDGE_CURVE ( 'NONE', #437, #908, #996, .T. ) ;
#1996 = EDGE_LOOP ( 'NONE', ( #1644, #1161, #208, #536 ) ) ;
#1997 = CARTESIAN_POINT ( 'NONE',  ( 232.5726302455077246, 2.200000000000000178, 62.15991928837468095 ) ) ;
#1998 = FACE_OUTER_BOUND ( 'NONE', #1307, .T. ) ;
#1999 = LINE ( 'NONE', #1364, #866 ) ;
ENDSEC;
END-ISO-10303-21;
