ISO-10303-21;
HEADER;
FILE_DESCRIPTION (( 'STEP AP203' ),
    '1' );
FILE_NAME ('back.STEP',
    '2025-11-08T18:24:34',
    ( '' ),
    ( '' ),
    'SwSTEP 2.0',
    'SolidWorks 2025',
    '' );
FILE_SCHEMA (( 'CONFIG_CONTROL_DESIGN' ));
ENDSEC;

DATA;
#1 = CARTESIAN_POINT ( 'NONE',  ( 328.7477152147791912, -53.97200000000000841, 1.000000000000049516 ) ) ;
#2 = ORIENTED_EDGE ( 'NONE', *, *, #1910, .T. ) ;
#3 = CARTESIAN_POINT ( 'NONE',  ( 35.49154527623623068, -69.05098153569343822, 5.599999999999999645 ) ) ;
#4 = EDGE_CURVE ( 'NONE', #3027, #775, #3113, .T. ) ;
#5 = ORIENTED_EDGE ( 'NONE', *, *, #487, .T. ) ;
#6 = LINE ( 'NONE', #2297, #3485 ) ;
#7 = VECTOR ( 'NONE', #3439, 1000.000000000000000 ) ;
#8 = CARTESIAN_POINT ( 'NONE',  ( 420.0526302455077143, 3.195009232153282142, 12.24999999999999822 ) ) ;
#9 = AXIS2_PLACEMENT_3D ( 'NONE', #3111, #2044, #570 ) ;
#10 = ORIENTED_EDGE ( 'NONE', *, *, #2400, .T. ) ;
#11 = FACE_OUTER_BOUND ( 'NONE', #908, .T. ) ;
#12 = CIRCLE ( 'NONE', #2357, 6.250000000000001776 ) ;
#13 = LINE ( 'NONE', #2908, #1693 ) ;
#14 = FACE_BOUND ( 'NONE', #1803, .T. ) ;
#15 = CARTESIAN_POINT ( 'NONE',  ( 411.1977152147791799, -115.8793669483496274, 0.9999999999999376055 ) ) ;
#16 = CIRCLE ( 'NONE', #3319, 6.249999999999977796 ) ;
#17 = LOCAL_TIME ( 19, 24, 34.00000000000000000, #719 ) ;
#18 = CARTESIAN_POINT ( 'NONE',  ( 9.950549539023091583, -118.2292181297286078, 0.000000000000000000 ) ) ;
#19 = LINE ( 'NONE', #1169, #2953 ) ;
#20 = CARTESIAN_POINT ( 'NONE',  ( 6.659451242230931989, -127.2292181297286220, 12.24999999999999822 ) ) ;
#21 = EDGE_LOOP ( 'NONE', ( #2285, #3474, #3630, #3638 ) ) ;
#22 = CARTESIAN_POINT ( 'NONE',  ( 412.6927152147791844, -110.6904388316765733, 5.599999999999999645 ) ) ;
#23 = ORIENTED_EDGE ( 'NONE', *, *, #1549, .F. ) ;
#24 = CARTESIAN_POINT ( 'NONE',  ( 182.5326302455077041, 2.200000000000000178, 62.15991928837468095 ) ) ;
#25 = VERTEX_POINT ( 'NONE', #1499 ) ;
#26 = LINE ( 'NONE', #3420, #730 ) ;
#27 = PLANE ( 'NONE',  #2280 ) ;
#28 = VERTEX_POINT ( 'NONE', #136 ) ;
#29 = CARTESIAN_POINT ( 'NONE',  ( 182.5322410603347123, -126.8099815356934243, 12.24999999999999645 ) ) ;
#30 = EDGE_CURVE ( 'NONE', #1779, #802, #371, .T. ) ;
#31 = CARTESIAN_POINT ( 'NONE',  ( 415.2225290942949414, -124.4293669483496245, 10.75000000000000000 ) ) ;
#32 = EDGE_CURVE ( 'NONE', #1798, #3223, #2821, .T. ) ;
#33 = DIRECTION ( 'NONE',  ( 0.000000000000000000, 1.000000000000000000, 0.000000000000000000 ) ) ;
#34 = ORIENTED_EDGE ( 'NONE', *, *, #3610, .T. ) ;
#35 = CARTESIAN_POINT ( 'NONE',  ( 421.6927152147791844, 4.999999999999999112, -450.7362439051084380 ) ) ;
#36 = DIRECTION ( 'NONE',  ( 0.000000000000000000, 0.000000000000000000, -1.000000000000000000 ) ) ;
#37 = CARTESIAN_POINT ( 'NONE',  ( 7.162545276236198077, -15.00000000000000178, -0.2999999999999999334 ) ) ;
#38 = ORIENTED_EDGE ( 'NONE', *, *, #1254, .T. ) ;
#39 = PRODUCT ( 'back', 'back', '', ( #931 ) ) ;
#40 = DIRECTION ( 'NONE',  ( 1.000000000000000000, 0.000000000000000000, 1.774149009521733184E-16 ) ) ;
#41 = VERTEX_POINT ( 'NONE', #155 ) ;
#42 = DIRECTION ( 'NONE',  ( -0.000000000000000000, -1.000000000000000000, -0.000000000000000000 ) ) ;
#43 = VERTEX_POINT ( 'NONE', #2347 ) ;
#44 = CARTESIAN_POINT ( 'NONE',  ( -3.787454723763779452, 2.200000000000000178, 10.75000000000000000 ) ) ;
#45 = LINE ( 'NONE', #3176, #1743 ) ;
#46 = ORIENTED_EDGE ( 'NONE', *, *, #3653, .F. ) ;
#47 = CARTESIAN_POINT ( 'NONE',  ( 33.65154527623621306, 2.200000000000004174, 3.000000000000000444 ) ) ;
#48 = DIRECTION ( 'NONE',  ( 1.000000000000000000, -0.000000000000000000, -0.000000000000000000 ) ) ;
#49 = CARTESIAN_POINT ( 'NONE',  ( -0.8874547237637790964, -18.45980132780353955, 3.199999999999969980 ) ) ;
#50 = ORIENTED_EDGE ( 'NONE', *, *, #2680, .F. ) ;
#51 = ADVANCED_FACE ( 'NONE', ( #625 ), #2647, .T. ) ;
#52 = VECTOR ( 'NONE', #2300, 1000.000000000000000 ) ;
#53 = LINE ( 'NONE', #73, #2635 ) ;
#54 = CARTESIAN_POINT ( 'NONE',  ( 10.20009800898741759, -126.8099815356934243, 10.75000000000000000 ) ) ;
#55 = PLANE ( 'NONE',  #68 ) ;
#56 = ORIENTED_EDGE ( 'NONE', *, *, #1466, .F. ) ;
#57 = DIRECTION ( 'NONE',  ( 1.000000000000000000, 0.000000000000000000, 0.000000000000000000 ) ) ;
#58 = CLOSED_SHELL ( 'NONE', ( #2381, #188, #3359, #451, #1092, #1895, #2969, #457, #2516, #1125, #830, #1274, #977, #1253, #1998, #1828, #2355, #806, #2710, #709, #1306, #3326, #1021, #717, #3316, #2448, #1497, #3654, #2235, #853, #1163, #3398, #346, #2462, #1618, #2724, #211, #3013, #1805, #998, #1781, #2125, #3036, #3216, #1594, #1271, #3696, #268, #3119, #2809, #3466, #2193, #502, #105, #1381, #1184, #3146, #569, #1135, #2654, #3044, #965, #3510, #2342, #1159, #193, #1048, #3403, #2166, #2195, #1134, #2702, #2188, #2310, #2047, #441, #819, #766, #51, #2301, #3081, #2144, #3605, #915, #170, #1936, #2554, #331, #2926, #75, #1713, #3056, #3660, #1640, #3317, #2145, #269, #1831, #2610, #660, #293, #2555, #243, #1064, #2787, #3082, #124, #153, #1504, #181, #1526, #997, #3164, #2604, #946, #1294, #2580, #638, #2409, #976 ) ) ;
#59 = EDGE_LOOP ( 'NONE', ( #1233, #985, #209, #1456 ) ) ;
#60 = PLANE ( 'NONE',  #1081 ) ;
#61 = ORIENTED_EDGE ( 'NONE', *, *, #2371, .F. ) ;
#62 = VECTOR ( 'NONE', #1098, 1000.000000000000114 ) ;
#63 = CARTESIAN_POINT ( 'NONE',  ( 420.0526302455076575, -120.1147949636142727, 10.75000000000000000 ) ) ;
#64 = CARTESIAN_POINT ( 'NONE',  ( 420.0526302455077143, 3.195009232153282142, 10.75000000000000000 ) ) ;
#65 = ORIENTED_EDGE ( 'NONE', *, *, #1475, .F. ) ;
#66 = CARTESIAN_POINT ( 'NONE',  ( 9.040344901021665436, -129.6099815356934357, 12.24999999999999822 ) ) ;
#67 = VECTOR ( 'NONE', #2547, 1000.000000000000000 ) ;
#68 = AXIS2_PLACEMENT_3D ( 'NONE', #1146, #3433, #2842 ) ;
#69 = FACE_OUTER_BOUND ( 'NONE', #380, .T. ) ;
#70 = LINE ( 'NONE', #3522, #3190 ) ;
#71 = AXIS2_PLACEMENT_3D ( 'NONE', #385, #1536, #972 ) ;
#72 = ORIENTED_EDGE ( 'NONE', *, *, #1197, .T. ) ;
#73 = CARTESIAN_POINT ( 'NONE',  ( 282.4726302455077303, 2.200000000000000178, 62.15991928837468095 ) ) ;
#74 = VECTOR ( 'NONE', #1532, 1000.000000000000000 ) ;
#75 = ADVANCED_FACE ( 'NONE', ( #3225 ), #2782, .T. ) ;
#76 = DIRECTION ( 'NONE',  ( -0.000000000000000000, -0.000000000000000000, -1.000000000000000000 ) ) ;
#77 = DIRECTION ( 'NONE',  ( 1.000000000000000000, 0.000000000000000000, 0.000000000000000000 ) ) ;
#78 = DIRECTION ( 'NONE',  ( 0.7071261234859760325, -0.7070874383580125766, 0.000000000000000000 ) ) ;
#79 = VERTEX_POINT ( 'NONE', #1308 ) ;
#80 = AXIS2_PLACEMENT_3D ( 'NONE', #2837, #3077, #1089 ) ;
#81 = AXIS2_PLACEMENT_3D ( 'NONE', #1669, #1087, #2551 ) ;
#82 = EDGE_CURVE ( 'NONE', #636, #3381, #1012, .T. ) ;
#83 = EDGE_CURVE ( 'NONE', #2412, #1873, #3301, .T. ) ;
#84 = CARTESIAN_POINT ( 'NONE',  ( 3.968545276236235875, -115.9542181297286163, 5.599999999999999645 ) ) ;
#85 = VERTEX_POINT ( 'NONE', #2199 ) ;
#86 = DIRECTION ( 'NONE',  ( 0.000000000000000000, 0.000000000000000000, 1.000000000000000000 ) ) ;
#87 = ORIENTED_EDGE ( 'NONE', *, *, #2875, .F. ) ;
#88 = DIRECTION ( 'NONE',  ( -0.000000000000000000, 1.000000000000000000, -0.000000000000000000 ) ) ;
#89 = ORIENTED_EDGE ( 'NONE', *, *, #710, .T. ) ;
#90 = DIRECTION ( 'NONE',  ( 0.7071261234860521938, -0.7070874383579364153, 0.000000000000000000 ) ) ;
#91 = LINE ( 'NONE', #2302, #1216 ) ;
#92 = CARTESIAN_POINT ( 'NONE',  ( 10.20009800898741759, -126.8099815356934243, 5.599999999999999645 ) ) ;
#93 = ORIENTED_EDGE ( 'NONE', *, *, #3035, .T. ) ;
#94 = FACE_BOUND ( 'NONE', #2946, .T. ) ;
#95 = ORIENTED_EDGE ( 'NONE', *, *, #2329, .F. ) ;
#96 = DIRECTION ( 'NONE',  ( -0.000000000000000000, -0.000000000000000000, -1.000000000000000000 ) ) ;
#97 = CARTESIAN_POINT ( 'NONE',  ( -4.947369754492285665, -120.1146118877603612, 12.24999999999999822 ) ) ;
#98 = EDGE_LOOP ( 'NONE', ( #2839, #3571 ) ) ;
#99 = DIRECTION ( 'NONE',  ( 1.000000000000000000, 0.000000000000000000, 0.000000000000000000 ) ) ;
#100 = VERTEX_POINT ( 'NONE', #1068 ) ;
#101 = CARTESIAN_POINT ( 'NONE',  ( 421.6927152147791844, -18.45989286573050236, 1.199999999999993960 ) ) ;
#102 = ORIENTED_EDGE ( 'NONE', *, *, #572, .T. ) ;
#103 = EDGE_CURVE ( 'NONE', #3594, #43, #3053, .T. ) ;
#104 = EDGE_CURVE ( 'NONE', #1167, #429, #3379, .T. ) ;
#105 = ADVANCED_FACE ( 'NONE', ( #3339 ), #2157, .T. ) ;
#106 = DIRECTION ( 'NONE',  ( -0.000000000000000000, -0.000000000000000000, -1.000000000000000000 ) ) ;
#107 = CARTESIAN_POINT ( 'NONE',  ( 33.65154527623621306, -4.500000000000046185, -0.5499999999999983791 ) ) ;
#108 = ORIENTED_EDGE ( 'NONE', *, *, #1845, .T. ) ;
#109 = DIRECTION ( 'NONE',  ( 0.000000000000000000, -1.000000000000000000, 0.000000000000000000 ) ) ;
#110 = EDGE_CURVE ( 'NONE', #2239, #653, #2998, .T. ) ;
#111 = DIRECTION ( 'NONE',  ( 0.000000000000000000, 0.000000000000000000, -1.000000000000000000 ) ) ;
#112 = DATE_AND_TIME ( #1574, #2728 ) ;
#113 = ORIENTED_EDGE ( 'NONE', *, *, #3697, .F. ) ;
#114 = CARTESIAN_POINT ( 'NONE',  ( 3.968545276236235875, -115.9542181297286163, 0.000000000000000000 ) ) ;
#115 = ORIENTED_EDGE ( 'NONE', *, *, #103, .T. ) ;
#116 = DIRECTION ( 'NONE',  ( 0.000000000000000000, -0.000000000000000000, -1.000000000000000000 ) ) ;
#117 = CARTESIAN_POINT ( 'NONE',  ( 33.49154527623622357, -69.05098153569343822, 5.599999999999999645 ) ) ;
#118 = AXIS2_PLACEMENT_3D ( 'NONE', #2530, #3672, #1435 ) ;
#119 = DIRECTION ( 'NONE',  ( 0.000000000000000000, -1.000000000000000000, 0.000000000000000000 ) ) ;
#120 = ORIENTED_EDGE ( 'NONE', *, *, #3611, .T. ) ;
#121 = FACE_OUTER_BOUND ( 'NONE', #733, .T. ) ;
#122 = VECTOR ( 'NONE', #1874, 1000.000000000000000 ) ;
#123 = VERTEX_POINT ( 'NONE', #2498 ) ;
#124 = ADVANCED_FACE ( 'NONE', ( #1655 ), #2212, .F. ) ;
#125 = DIRECTION ( 'NONE',  ( -1.000000000000000000, 0.000000000000000000, 0.000000000000000000 ) ) ;
#126 = ORIENTED_EDGE ( 'NONE', *, *, #1613, .F. ) ;
#127 = FACE_OUTER_BOUND ( 'NONE', #2626, .T. ) ;
#128 = VECTOR ( 'NONE', #2637, 1000.000000000000114 ) ;
#129 = DIRECTION ( 'NONE',  ( 1.000000000000000000, 0.000000000000000000, 0.000000000000000000 ) ) ;
#130 = DATE_AND_TIME ( #2705, #314 ) ;
#131 = AXIS2_PLACEMENT_3D ( 'NONE', #1698, #504, #258 ) ;
#132 = ORIENTED_EDGE ( 'NONE', *, *, #3246, .F. ) ;
#133 = EDGE_CURVE ( 'NONE', #2714, #1133, #3538, .T. ) ;
#134 = AXIS2_PLACEMENT_3D ( 'NONE', #900, #2899, #2877 ) ;
#135 = CARTESIAN_POINT ( 'NONE',  ( 411.1977152147791799, -115.8793669483496274, -0.1499999999999999667 ) ) ;
#136 = CARTESIAN_POINT ( 'NONE',  ( 10.38722908926378174, -118.2292181297286078, 0.000000000000000000 ) ) ;
#137 = FACE_OUTER_BOUND ( 'NONE', #3400, .T. ) ;
#138 = AXIS2_PLACEMENT_3D ( 'NONE', #698, #2704, #111 ) ;
#139 = AXIS2_PLACEMENT_3D ( 'NONE', #1260, #389, #3249 ) ;
#140 = DIRECTION ( 'NONE',  ( -0.000000000000000000, -0.000000000000000000, -1.000000000000000000 ) ) ;
#141 = VECTOR ( 'NONE', #2746, 1000.000000000000000 ) ;
#142 = ORIENTED_EDGE ( 'NONE', *, *, #254, .T. ) ;
#143 = DIRECTION ( 'NONE',  ( 0.7071261234860530820, -0.7070874383579355271, 0.000000000000000000 ) ) ;
#144 = VERTEX_POINT ( 'NONE', #1929 ) ;
#145 = EDGE_CURVE ( 'NONE', #3357, #1954, #1949, .T. ) ;
#146 = CARTESIAN_POINT ( 'NONE',  ( -0.8874547237637790964, -18.45980132780353955, 3.199999999999969980 ) ) ;
#147 = CARTESIAN_POINT ( 'NONE',  ( -0.8874547237637790964, -98.45980132780354666, 3.199999999999969980 ) ) ;
#148 = VERTEX_POINT ( 'NONE', #3324 ) ;
#149 = CARTESIAN_POINT ( 'NONE',  ( 2.412545276236220726, -4.000000000000000000, 0.000000000000000000 ) ) ;
#150 = CARTESIAN_POINT ( 'NONE',  ( 334.1477152147792253, -53.97200000000000841, 5.599999999999999645 ) ) ;
#151 = ORIENTED_EDGE ( 'NONE', *, *, #2346, .T. ) ;
#152 = EDGE_CURVE ( 'NONE', #3223, #1502, #725, .T. ) ;
#153 = ADVANCED_FACE ( 'NONE', ( #218 ), #3091, .T. ) ;
#154 = CARTESIAN_POINT ( 'NONE',  ( 420.0526302455077143, -120.1147949636142584, 12.24999999999999822 ) ) ;
#155 = CARTESIAN_POINT ( 'NONE',  ( 39.89154527623624347, -69.05098153569343822, 0.000000000000000000 ) ) ;
#156 = LINE ( 'NONE', #446, #3318 ) ;
#157 = LINE ( 'NONE', #3307, #2344 ) ;
#158 = VERTEX_POINT ( 'NONE', #511 ) ;
#159 = DIRECTION ( 'NONE',  ( 1.000000000000000000, 0.000000000000000000, 0.000000000000000000 ) ) ;
#160 = ORIENTED_EDGE ( 'NONE', *, *, #392, .F. ) ;
#161 = LINE ( 'NONE', #1003, #2777 ) ;
#162 = DIRECTION ( 'NONE',  ( 1.000000000000000000, 0.000000000000000000, 0.000000000000000000 ) ) ;
#163 = ORIENTED_EDGE ( 'NONE', *, *, #271, .F. ) ;
#164 = DIRECTION ( 'NONE',  ( 1.000000000000000000, 0.000000000000000000, 0.000000000000000000 ) ) ;
#165 = FACE_BOUND ( 'NONE', #2671, .T. ) ;
#166 = APPROVAL_DATE_TIME ( #112, #2503 ) ;
#167 = DIRECTION ( 'NONE',  ( -0.000000000000000000, -0.000000000000000000, -1.000000000000000000 ) ) ;
#168 = DIRECTION ( 'NONE',  ( 0.000000000000000000, 0.000000000000000000, 1.000000000000000000 ) ) ;
#169 = LINE ( 'NONE', #1013, #2120 ) ;
#170 = ADVANCED_FACE ( 'NONE', ( #2514 ), #2460, .F. ) ;
#171 = EDGE_CURVE ( 'NONE', #2419, #2258, #2745, .T. ) ;
#172 = CARTESIAN_POINT ( 'NONE',  ( 415.9927152147791958, -18.45989286573050236, 3.199999999999995293 ) ) ;
#173 = ORIENTED_EDGE ( 'NONE', *, *, #1709, .T. ) ;
#174 = ORIENTED_EDGE ( 'NONE', *, *, #1291, .T. ) ;
#175 = VECTOR ( 'NONE', #495, 1000.000000000000000 ) ;
#176 = CARTESIAN_POINT ( 'NONE',  ( 416.3821796847597057, -127.2293669483496359, -1.800000000000023803 ) ) ;
#177 = DIRECTION ( 'NONE',  ( -0.000000000000000000, -0.000000000000000000, 1.000000000000000000 ) ) ;
#178 = AXIS2_PLACEMENT_3D ( 'NONE', #715, #1605, #1553 ) ;
#179 = ORIENTED_EDGE ( 'NONE', *, *, #2077, .T. ) ;
#180 = DIRECTION ( 'NONE',  ( 0.000000000000000000, -1.000000000000000000, -0.000000000000000000 ) ) ;
#181 = ADVANCED_FACE ( 'NONE', ( #1332 ), #2180, .T. ) ;
#182 = DIRECTION ( 'NONE',  ( -0.000000000000000000, -0.000000000000000000, -1.000000000000000000 ) ) ;
#183 = AXIS2_PLACEMENT_3D ( 'NONE', #3277, #3235, #162 ) ;
#184 = CARTESIAN_POINT ( 'NONE',  ( 421.6927152147791844, -18.45989286573050236, 3.199999999999995293 ) ) ;
#185 = DIRECTION ( 'NONE',  ( 0.000000000000000000, 0.000000000000000000, -1.000000000000000000 ) ) ;
#186 = CARTESIAN_POINT ( 'NONE',  ( -4.947369754492285665, -120.1146118877603612, 12.24999999999999822 ) ) ;
#187 = ORIENTED_EDGE ( 'NONE', *, *, #3147, .T. ) ;
#188 = ADVANCED_FACE ( 'NONE', ( #1053 ), #3460, .F. ) ;
#189 = DIRECTION ( 'NONE',  ( 0.000000000000000000, 1.000000000000000000, 0.000000000000000000 ) ) ;
#190 = ORIENTED_EDGE ( 'NONE', *, *, #2675, .T. ) ;
#191 = VERTEX_POINT ( 'NONE', #2533 ) ;
#192 = AXIS2_PLACEMENT_3D ( 'NONE', #1319, #1356, #1890 ) ;
#193 = ADVANCED_FACE ( 'NONE', ( #3677 ), #3128, .F. ) ;
#194 = EDGE_CURVE ( 'NONE', #1522, #3667, #3143, .T. ) ;
#195 = PLANE ( 'NONE',  #2234 ) ;
#196 = VECTOR ( 'NONE', #1241, 1000.000000000000000 ) ;
#197 = LINE ( 'NONE', #2221, #2225 ) ;
#198 = EDGE_LOOP ( 'NONE', ( #2506, #65, #485, #1192 ) ) ;
#199 = CARTESIAN_POINT ( 'NONE',  ( 33.65154527623621306, 4.999999999999999112, 6.549999999999999822 ) ) ;
#200 = DIRECTION ( 'NONE',  ( 0.000000000000000000, 1.000000000000000000, 0.000000000000000000 ) ) ;
#201 = DIRECTION ( 'NONE',  ( 0.7071261234860521938, -0.7070874383579364153, 0.000000000000000000 ) ) ;
#202 = DIRECTION ( 'NONE',  ( -0.7071261234860521938, 0.7070874383579364153, 0.000000000000000000 ) ) ;
#203 = CARTESIAN_POINT ( 'NONE',  ( 282.4722410603346816, -126.8099815356934243, 10.75000000000000000 ) ) ;
#204 = ORIENTED_EDGE ( 'NONE', *, *, #1110, .T. ) ;
#205 = DIRECTION ( 'NONE',  ( -0.7071703182437250046, -0.7070432384197367082, 0.000000000000000000 ) ) ;
#206 = VERTEX_POINT ( 'NONE', #833 ) ;
#207 = DIRECTION ( 'NONE',  ( 0.000000000000000000, 0.000000000000000000, 1.000000000000000000 ) ) ;
#208 = CARTESIAN_POINT ( 'NONE',  ( 404.4240522503762918, -127.8049907678467321, 12.24999999999999822 ) ) ;
#209 = ORIENTED_EDGE ( 'NONE', *, *, #1993, .T. ) ;
#210 = CARTESIAN_POINT ( 'NONE',  ( 421.6927152147791844, 4.999999999999999112, 12.24999999999999822 ) ) ;
#211 = ADVANCED_FACE ( 'NONE', ( #2249, #14, #1140 ), #1383, .T. ) ;
#212 = EDGE_CURVE ( 'NONE', #3303, #25, #2282, .T. ) ;
#213 = VERTEX_POINT ( 'NONE', #1765 ) ;
#214 = CARTESIAN_POINT ( 'NONE',  ( 182.5326302455077041, 3.195009232153315004, 62.15991928837468095 ) ) ;
#215 = ORIENTED_EDGE ( 'NONE', *, *, #2248, .F. ) ;
#216 = DIRECTION ( 'NONE',  ( 1.000000000000000000, 0.000000000000000000, -0.000000000000000000 ) ) ;
#217 = CARTESIAN_POINT ( 'NONE',  ( -6.587454723763779718, 4.999999999999999112, -1.800000000000023803 ) ) ;
#218 = FACE_OUTER_BOUND ( 'NONE', #2002, .T. ) ;
#219 = PLANE ( 'NONE',  #3374 ) ;
#220 = ORIENTED_EDGE ( 'NONE', *, *, #2324, .T. ) ;
#221 = DIRECTION ( 'NONE',  ( 0.7071703182437251156, 0.7070432384197367082, 0.000000000000000000 ) ) ;
#222 = ORIENTED_EDGE ( 'NONE', *, *, #2400, .F. ) ;
#223 = CARTESIAN_POINT ( 'NONE',  ( 24.40154527623621306, 2.200000000000000178, 4.000000000000000000 ) ) ;
#224 = ORIENTED_EDGE ( 'NONE', *, *, #1179, .T. ) ;
#225 = FACE_OUTER_BOUND ( 'NONE', #3434, .T. ) ;
#226 = VERTEX_POINT ( 'NONE', #3393 ) ;
#227 = EDGE_CURVE ( 'NONE', #1099, #1755, #3716, .T. ) ;
#228 = AXIS2_PLACEMENT_3D ( 'NONE', #2775, #1716, #86 ) ;
#229 = DIRECTION ( 'NONE',  ( -1.000000000000000000, 0.000000000000000000, 0.000000000000000000 ) ) ;
#230 = DIRECTION ( 'NONE',  ( 0.000000000000000000, 0.000000000000000000, 1.000000000000000000 ) ) ;
#231 = DIRECTION ( 'NONE',  ( -0.000000000000000000, -0.000000000000000000, -1.000000000000000000 ) ) ;
#232 = PLANE ( 'NONE',  #2160 ) ;
#233 = CARTESIAN_POINT ( 'NONE',  ( 182.5322410603347123, -126.8099815356934243, 12.24999999999999645 ) ) ;
#234 = VERTEX_POINT ( 'NONE', #2036 ) ;
#235 = AXIS2_PLACEMENT_3D ( 'NONE', #147, #989, #2134 ) ;
#236 = DIRECTION ( 'NONE',  ( -0.7070432384197367082, 0.7071703182437250046, 0.000000000000000000 ) ) ;
#237 = AXIS2_PLACEMENT_3D ( 'NONE', #84, #3230, #2161 ) ;
#238 = VERTEX_POINT ( 'NONE', #3106 ) ;
#239 = CARTESIAN_POINT ( 'NONE',  ( -0.8874547237637790964, -98.45980132780354666, 1.199999999999968425 ) ) ;
#240 = VECTOR ( 'NONE', #1925, 1000.000000000000114 ) ;
#241 = EDGE_LOOP ( 'NONE', ( #2653, #1101 ) ) ;
#242 = ORIENTED_EDGE ( 'NONE', *, *, #2650, .F. ) ;
#243 = ADVANCED_FACE ( 'NONE', ( #3181 ), #1965, .F. ) ;
#244 = VECTOR ( 'NONE', #1796, 1000.000000000000000 ) ;
#245 = DIRECTION ( 'NONE',  ( -1.000000000000000000, -0.000000000000000000, -0.000000000000000000 ) ) ;
#246 = ORIENTED_EDGE ( 'NONE', *, *, #2248, .T. ) ;
#247 = CARTESIAN_POINT ( 'NONE',  ( 7.697018354324194789, -124.8217424669712159, 12.24999999999999822 ) ) ;
#248 = CIRCLE ( 'NONE', #3552, 2.000000000000001332 ) ;
#249 = AXIS2_PLACEMENT_3D ( 'NONE', #2744, #2459, #3619 ) ;
#250 = LINE ( 'NONE', #2497, #2527 ) ;
#251 = CARTESIAN_POINT ( 'NONE',  ( 1.968545276236234765, -115.9542181297286163, 5.599999999999999645 ) ) ;
#252 = CARTESIAN_POINT ( 'NONE',  ( 39.15154527623621306, 4.999999999999999112, 3.000000000000000444 ) ) ;
#253 = VERTEX_POINT ( 'NONE', #251 ) ;
#254 = EDGE_CURVE ( 'NONE', #1175, #2714, #1741, .T. ) ;
#255 = EDGE_CURVE ( 'NONE', #1133, #41, #1401, .T. ) ;
#256 = FACE_OUTER_BOUND ( 'NONE', #3525, .T. ) ;
#257 = ORIENTED_EDGE ( 'NONE', *, *, #2858, .T. ) ;
#258 = DIRECTION ( 'NONE',  ( -1.000000000000000000, 0.000000000000000000, -0.000000000000000000 ) ) ;
#259 = EDGE_LOOP ( 'NONE', ( #2159, #3275, #2774, #46 ) ) ;
#260 = PLANE ( 'NONE',  #1075 ) ;
#261 = ORIENTED_EDGE ( 'NONE', *, *, #2939, .F. ) ;
#262 = LINE ( 'NONE', #2882, #3609 ) ;
#263 = ORIENTED_EDGE ( 'NONE', *, *, #1897, .T. ) ;
#264 = PLANE ( 'NONE',  #951 ) ;
#265 = LINE ( 'NONE', #3377, #2662 ) ;
#266 = DIRECTION ( 'NONE',  ( 1.000000000000000000, 0.000000000000000000, 1.577021341797096081E-16 ) ) ;
#267 = CARTESIAN_POINT ( 'NONE',  ( 406.0641372196477619, -129.6099815356934357, 12.24999999999999822 ) ) ;
#268 = ADVANCED_FACE ( 'NONE', ( #565 ), #2552, .T. ) ;
#269 = ADVANCED_FACE ( 'NONE', ( #1723 ), #232, .F. ) ;
#270 = DIRECTION ( 'NONE',  ( 0.7071703182437242274, 0.7070432384197375963, 0.000000000000000000 ) ) ;
#271 = EDGE_CURVE ( 'NONE', #2660, #2693, #3445, .T. ) ;
#272 = CARTESIAN_POINT ( 'NONE',  ( 2.412545276236220726, -4.000000000000000000, 5.599999999999999645 ) ) ;
#273 = ORIENTED_EDGE ( 'NONE', *, *, #2970, .F. ) ;
#274 = DIRECTION ( 'NONE',  ( -1.000000000000000000, -0.000000000000000000, -0.000000000000000000 ) ) ;
#275 = ORIENTED_EDGE ( 'NONE', *, *, #2496, .F. ) ;
#276 = DIRECTION ( 'NONE',  ( 0.000000000000000000, -1.000000000000000000, 0.000000000000000000 ) ) ;
#277 = ORIENTED_EDGE ( 'NONE', *, *, #2765, .T. ) ;
#278 = DIRECTION ( 'NONE',  ( -1.000000000000000000, 0.000000000000000000, 0.000000000000000000 ) ) ;
#279 = LINE ( 'NONE', #3477, #2219 ) ;
#280 = ORIENTED_EDGE ( 'NONE', *, *, #847, .F. ) ;
#281 = DIRECTION ( 'NONE',  ( -0.000000000000000000, -0.000000000000000000, 1.000000000000000000 ) ) ;
#282 = CIRCLE ( 'NONE', #1614, 6.400000000000128253 ) ;
#283 = DIRECTION ( 'NONE',  ( 0.7071703182436954727, 0.7070432384197663511, 0.000000000000000000 ) ) ;
#284 = CARTESIAN_POINT ( 'NONE',  ( 48.40154527623622016, -11.20000000000009344, 4.000000000000000000 ) ) ;
#285 = CARTESIAN_POINT ( 'NONE',  ( 182.5322410603347123, -127.8049907678467321, 10.75000000000000000 ) ) ;
#286 = CIRCLE ( 'NONE', #406, 3.549999999999998934 ) ;
#287 = ORIENTED_EDGE ( 'NONE', *, *, #2939, .T. ) ;
#288 = CARTESIAN_POINT ( 'NONE',  ( 8.865929782276168680, -118.2292181297286078, 0.9999999999999931166 ) ) ;
#289 = FACE_OUTER_BOUND ( 'NONE', #2272, .T. ) ;
#290 = CARTESIAN_POINT ( 'NONE',  ( 28.09154527623622499, -69.05098153569343822, 5.599999999999999645 ) ) ;
#291 = EDGE_LOOP ( 'NONE', ( #648, #1195, #1792, #2860 ) ) ;
#292 = VECTOR ( 'NONE', #583, 1000.000000000000000 ) ;
#293 = ADVANCED_FACE ( 'NONE', ( #2887 ), #2263, .F. ) ;
#294 = AXIS2_PLACEMENT_3D ( 'NONE', #452, #177, #1023 ) ;
#295 = LINE ( 'NONE', #921, #2469 ) ;
#296 = ORIENTED_EDGE ( 'NONE', *, *, #1011, .F. ) ;
#297 = DIRECTION ( 'NONE',  ( 0.7071261234859760325, -0.7070874383580125766, 0.000000000000000000 ) ) ;
#298 = VERTEX_POINT ( 'NONE', #2567 ) ;
#299 = EDGE_CURVE ( 'NONE', #2660, #3591, #1459, .T. ) ;
#300 = CIRCLE ( 'NONE', #838, 5.400000000000016342 ) ;
#301 = EDGE_CURVE ( 'NONE', #1133, #2714, #777, .T. ) ;
#302 = CARTESIAN_POINT ( 'NONE',  ( 412.6927152147791844, -109.6564275303575755, 0.000000000000000000 ) ) ;
#303 = CIRCLE ( 'NONE', #539, 6.399999999999906208 ) ;
#304 = CARTESIAN_POINT ( 'NONE',  ( 48.40154527623622016, 2.200000000000000178, 4.000000000000000000 ) ) ;
#305 = VECTOR ( 'NONE', #1617, 1000.000000000000000 ) ;
#306 = ORIENTED_EDGE ( 'NONE', *, *, #2197, .F. ) ;
#307 = FACE_OUTER_BOUND ( 'NONE', #2786, .T. ) ;
#308 = VECTOR ( 'NONE', #106, 1000.000000000000000 ) ;
#309 = CARTESIAN_POINT ( 'NONE',  ( 132.6322410603347350, -126.8099815356934243, 12.24999999999999645 ) ) ;
#310 = CARTESIAN_POINT ( 'NONE',  ( 33.65154527623621306, 19.46271067262288312, 6.549999999999999822 ) ) ;
#311 = AXIS2_PLACEMENT_3D ( 'NONE', #460, #1861, #1900 ) ;
#312 = VERTEX_POINT ( 'NONE', #1160 ) ;
#313 = EDGE_CURVE ( 'NONE', #1090, #3607, #45, .T. ) ;
#314 = LOCAL_TIME ( 19, 24, 34.00000000000000000, #973 ) ;
#315 = PLANE ( 'NONE',  #1639 ) ;
#316 = LINE ( 'NONE', #3507, #3370 ) ;
#317 = LINE ( 'NONE', #37, #2475 ) ;
#318 = ORIENTED_EDGE ( 'NONE', *, *, #640, .T. ) ;
#319 = FACE_OUTER_BOUND ( 'NONE', #337, .T. ) ;
#320 = ORIENTED_EDGE ( 'NONE', *, *, #2716, .F. ) ;
#321 = DIRECTION ( 'NONE',  ( 1.000000000000000000, 0.000000000000000000, 0.000000000000000000 ) ) ;
#322 = ORIENTED_EDGE ( 'NONE', *, *, #3422, .T. ) ;
#323 = CARTESIAN_POINT ( 'NONE',  ( -6.587454723763779718, 4.999999999999999112, -450.7362439051084380 ) ) ;
#324 = EDGE_CURVE ( 'NONE', #226, #1257, #1995, .T. ) ;
#325 = CARTESIAN_POINT ( 'NONE',  ( 10.68042987029309820, -127.8049907678467321, 10.75000000000000000 ) ) ;
#326 = VERTEX_POINT ( 'NONE', #2665 ) ;
#327 = DIRECTION ( 'NONE',  ( 0.000000000000000000, -1.000000000000000000, 0.000000000000000000 ) ) ;
#328 = EDGE_CURVE ( 'NONE', #1207, #3395, #279, .T. ) ;
#329 = CARTESIAN_POINT ( 'NONE',  ( 406.8050947154879395, -125.4243761805029180, 12.24999999999999822 ) ) ;
#330 = FACE_OUTER_BOUND ( 'NONE', #2163, .T. ) ;
#331 = ADVANCED_FACE ( 'NONE', ( #2364 ), #1433, .T. ) ;
#332 = CARTESIAN_POINT ( 'NONE',  ( 404.9044866291829408, -126.8099815356934243, 10.75000000000000000 ) ) ;
#333 = CARTESIAN_POINT ( 'NONE',  ( 421.6927152147791844, -98.45989286573049526, 5.199999999999986855 ) ) ;
#334 = CARTESIAN_POINT ( 'NONE',  ( 5.968545276236236319, -115.9542181297286163, -0.1499999999999999667 ) ) ;
#335 = VERTEX_POINT ( 'NONE', #2583 ) ;
#336 = LINE ( 'NONE', #3193, #3664 ) ;
#337 = EDGE_LOOP ( 'NONE', ( #163, #3174, #1903, #1071 ) ) ;
#338 = DIRECTION ( 'NONE',  ( 0.000000000000000000, 0.000000000000000000, 1.000000000000000000 ) ) ;
#339 = ORIENTED_EDGE ( 'NONE', *, *, #1403, .T. ) ;
#340 = CARTESIAN_POINT ( 'NONE',  ( 401.6927152147791844, -15.00000000000000178, -1.800000000000000044 ) ) ;
#341 = DIRECTION ( 'NONE',  ( 1.000000000000000000, 0.000000000000000000, 0.000000000000000000 ) ) ;
#342 = VERTEX_POINT ( 'NONE', #1738 ) ;
#343 = DIRECTION ( 'NONE',  ( -0.7071261234859760325, 0.7070874383580125766, 0.000000000000000000 ) ) ;
#344 = EDGE_CURVE ( 'NONE', #1835, #449, #561, .T. ) ;
#345 = CARTESIAN_POINT ( 'NONE',  ( 406.8050947154879395, -125.4243761805029180, 10.75000000000000000 ) ) ;
#346 = ADVANCED_FACE ( 'NONE', ( #1237 ), #27, .T. ) ;
#347 = ORIENTED_EDGE ( 'NONE', *, *, #3520, .T. ) ;
#348 = EDGE_CURVE ( 'NONE', #383, #2118, #3440, .T. ) ;
#349 = DIRECTION ( 'NONE',  ( -0.000000000000000000, -0.000000000000000000, -1.000000000000000000 ) ) ;
#350 = CARTESIAN_POINT ( 'NONE',  ( 334.1477152147792253, -53.97200000000000841, 5.599999999999999645 ) ) ;
#351 = DIRECTION ( 'NONE',  ( 0.000000000000000000, -1.000000000000000000, 0.000000000000000000 ) ) ;
#352 = CARTESIAN_POINT ( 'NONE',  ( 415.2225290942949982, -124.4293669483496956, 5.599999999999999645 ) ) ;
#353 = VERTEX_POINT ( 'NONE', #1194 ) ;
#354 = CIRCLE ( 'NONE', #1677, 6.249999999999977796 ) ;
#355 = DIRECTION ( 'NONE',  ( -0.000000000000000000, -0.000000000000000000, -1.000000000000000000 ) ) ;
#356 = ORIENTED_EDGE ( 'NONE', *, *, #1851, .T. ) ;
#357 = CARTESIAN_POINT ( 'NONE',  ( -6.587454723763779718, -18.45980132780353955, 3.199999999999969980 ) ) ;
#358 = ORIENTED_EDGE ( 'NONE', *, *, #2822, .T. ) ;
#359 = AXIS2_PLACEMENT_3D ( 'NONE', #3399, #1076, #1045 ) ;
#360 = DIRECTION ( 'NONE',  ( 0.000000000000000000, 0.000000000000000000, 1.000000000000000000 ) ) ;
#361 = EDGE_LOOP ( 'NONE', ( #401, #3391, #2732, #95 ) ) ;
#362 = CARTESIAN_POINT ( 'NONE',  ( 232.5722410603346475, -126.8099815356934243, 12.24999999999999645 ) ) ;
#363 = AXIS2_PLACEMENT_3D ( 'NONE', #1854, #2756, #129 ) ;
#364 = AXIS2_PLACEMENT_3D ( 'NONE', #2541, #2819, #3661 ) ;
#365 = DIRECTION ( 'NONE',  ( 1.000000000000000000, 0.000000000000000000, 0.000000000000000000 ) ) ;
#366 = CARTESIAN_POINT ( 'NONE',  ( 328.7477152147791912, -53.97200000000000841, 1.000000000000049516 ) ) ;
#367 = AXIS2_PLACEMENT_3D ( 'NONE', #2488, #769, #568 ) ;
#368 = EDGE_LOOP ( 'NONE', ( #2843, #1589, #224, #2135 ) ) ;
#369 = CARTESIAN_POINT ( 'NONE',  ( 420.0526302455077143, -120.1147949636142584, 12.24999999999999822 ) ) ;
#370 = CIRCLE ( 'NONE', #1040, 3.549999999999998934 ) ;
#371 = LINE ( 'NONE', #3206, #2763 ) ;
#372 = CARTESIAN_POINT ( 'NONE',  ( 414.7420947154881787, -125.4243761805029465, 10.75000000000000000 ) ) ;
#373 = EDGE_CURVE ( 'NONE', #1207, #144, #1489, .T. ) ;
#374 = ORIENTED_EDGE ( 'NONE', *, *, #2695, .F. ) ;
#375 = EDGE_CURVE ( 'NONE', #191, #3087, #3200, .T. ) ;
#376 = AXIS2_PLACEMENT_3D ( 'NONE', #114, #2126, #1882 ) ;
#377 = CARTESIAN_POINT ( 'NONE',  ( 401.6927152147791844, -15.00000000000000178, -0.2999999999999999334 ) ) ;
#378 = ORIENTED_EDGE ( 'NONE', *, *, #2509, .F. ) ;
#379 = CARTESIAN_POINT ( 'NONE',  ( 409.1977152147791799, -115.8793669483496274, -0.1499999999999999667 ) ) ;
#380 = EDGE_LOOP ( 'NONE', ( #374, #821, #3196, #438, #1321, #1625, #3687, #2389, #3537, #2251, #1983, #505, #3233, #2149, #3136 ) ) ;
#381 = CARTESIAN_POINT ( 'NONE',  ( 24.40154527623621306, 2.200000000000000178, 5.599999999999999645 ) ) ;
#382 = FACE_OUTER_BOUND ( 'NONE', #752, .T. ) ;
#383 = VERTEX_POINT ( 'NONE', #577 ) ;
#384 = LINE ( 'NONE', #149, #1736 ) ;
#385 = CARTESIAN_POINT ( 'NONE',  ( -0.8874547237637790964, -18.45980132780353955, 3.199999999999969980 ) ) ;
#386 = EDGE_LOOP ( 'NONE', ( #261, #23 ) ) ;
#387 = CARTESIAN_POINT ( 'NONE',  ( 132.6322410603347350, -127.8049907678467321, 10.75000000000000000 ) ) ;
#388 = EDGE_LOOP ( 'NONE', ( #3153, #3177, #322, #3472 ) ) ;
#389 = DIRECTION ( 'NONE',  ( 0.000000000000000000, 1.000000000000000000, 0.000000000000000000 ) ) ;
#390 = DIRECTION ( 'NONE',  ( 0.000000000000000000, -0.000000000000000000, 1.000000000000000000 ) ) ;
#391 = ORIENTED_EDGE ( 'NONE', *, *, #2902, .F. ) ;
#392 = EDGE_CURVE ( 'NONE', #3314, #1674, #1761, .T. ) ;
#393 = FACE_OUTER_BOUND ( 'NONE', #1773, .T. ) ;
#394 = ORIENTED_EDGE ( 'NONE', *, *, #2947, .F. ) ;
#395 = LINE ( 'NONE', #379, #1620 ) ;
#396 = VERTEX_POINT ( 'NONE', #304 ) ;
#397 = EDGE_CURVE ( 'NONE', #3715, #1178, #2921, .T. ) ;
#398 = FACE_OUTER_BOUND ( 'NONE', #1078, .T. ) ;
#399 = EDGE_LOOP ( 'NONE', ( #2090, #2422, #1808, #3287 ) ) ;
#400 = DIRECTION ( 'NONE',  ( -0.000000000000000000, -0.000000000000000000, -1.000000000000000000 ) ) ;
#401 = ORIENTED_EDGE ( 'NONE', *, *, #104, .F. ) ;
#402 = LINE ( 'NONE', #1557, #1393 ) ;
#403 = ORIENTED_EDGE ( 'NONE', *, *, #254, .F. ) ;
#404 = CYLINDRICAL_SURFACE ( 'NONE', #1222, 6.249999999999977796 ) ;
#405 = CIRCLE ( 'NONE', #581, 5.400000000000002132 ) ;
#406 = AXIS2_PLACEMENT_3D ( 'NONE', #47, #327, #1535 ) ;
#407 = FACE_OUTER_BOUND ( 'NONE', #361, .T. ) ;
#408 = B_SPLINE_CURVE_WITH_KNOTS ( 'NONE', 3,
 ( #302, #1488, #1454, #1994 ),
 .UNSPECIFIED., .F., .F.,
 ( 4, 4 ),
 ( 1.962067052828634154E-17, 0.001438464240520154983 ),
 .UNSPECIFIED. ) ;
#409 = ORIENTED_EDGE ( 'NONE', *, *, #2915, .F. ) ;
#410 = DIRECTION ( 'NONE',  ( -0.000000000000000000, -0.000000000000000000, -1.000000000000000000 ) ) ;
#411 = VECTOR ( 'NONE', #410, 1000.000000000000000 ) ;
#412 = EDGE_LOOP ( 'NONE', ( #2408, #2446, #1473, #1396 ) ) ;
#413 = VECTOR ( 'NONE', #2443, 1000.000000000000000 ) ;
#414 = PLANE ( 'NONE',  #1448 ) ;
#415 = DIRECTION ( 'NONE',  ( -0.000000000000000000, -0.000000000000000000, -1.000000000000000000 ) ) ;
#416 = ORIENTED_EDGE ( 'NONE', *, *, #1291, .F. ) ;
#417 = CARTESIAN_POINT ( 'NONE',  ( 415.9927152147791958, -18.45989286573050236, 1.199999999999993960 ) ) ;
#418 = EDGE_CURVE ( 'NONE', #599, #1226, #2605, .T. ) ;
#419 = EDGE_CURVE ( 'NONE', #1468, #2611, #1865, .T. ) ;
#420 = AXIS2_PLACEMENT_3D ( 'NONE', #2430, #3566, #1860 ) ;
#421 = CARTESIAN_POINT ( 'NONE',  ( 0.000000000000000000, 0.000000000000000000, 4.000000000000000000 ) ) ;
#422 = PERSON_AND_ORGANIZATION_ROLE ( 'design_supplier' ) ;
#423 = VECTOR ( 'NONE', #3014, 1000.000000000000000 ) ;
#424 = ORIENTED_EDGE ( 'NONE', *, *, #2764, .T. ) ;
#425 = DIRECTION ( 'NONE',  ( 0.000000000000000000, 0.000000000000000000, -1.000000000000000000 ) ) ;
#426 = ORIENTED_EDGE ( 'NONE', *, *, #2924, .T. ) ;
#427 = FACE_OUTER_BOUND ( 'NONE', #1061, .T. ) ;
#428 = VECTOR ( 'NONE', #1304, 1000.000000000000000 ) ;
#429 = VERTEX_POINT ( 'NONE', #3456 ) ;
#430 = VECTOR ( 'NONE', #2220, 1000.000000000000000 ) ;
#431 = FACE_OUTER_BOUND ( 'NONE', #2634, .T. ) ;
#432 = AXIS2_PLACEMENT_3D ( 'NONE', #49, #2017, #3222 ) ;
#433 = ORIENTED_EDGE ( 'NONE', *, *, #1521, .T. ) ;
#434 = DIRECTION ( 'NONE',  ( -1.000000000000000000, -0.000000000000000000, -0.000000000000000000 ) ) ;
#435 = VECTOR ( 'NONE', #2325, 999.9999999999998863 ) ;
#436 = ORIENTED_EDGE ( 'NONE', *, *, #3469, .T. ) ;
#437 = LINE ( 'NONE', #3293, #423 ) ;
#438 = ORIENTED_EDGE ( 'NONE', *, *, #2210, .T. ) ;
#439 = EDGE_CURVE ( 'NONE', #2903, #3346, #1513, .T. ) ;
#440 = LINE ( 'NONE', #718, #428 ) ;
#441 = ADVANCED_FACE ( 'NONE', ( #1472 ), #883, .F. ) ;
#442 = PERSON_AND_ORGANIZATION ( #784, #1938 ) ;
#443 = EDGE_CURVE ( 'NONE', #25, #3457, #928, .T. ) ;
#444 = LINE ( 'NONE', #3578, #1884 ) ;
#445 = DIRECTION ( 'NONE',  ( 1.000000000000000000, 0.000000000000000000, 0.000000000000000000 ) ) ;
#446 = CARTESIAN_POINT ( 'NONE',  ( 404.4240522503762918, -127.8049907678467321, 12.24999999999999822 ) ) ;
#447 = DIRECTION ( 'NONE',  ( 0.000000000000000000, 0.000000000000000000, 1.000000000000000000 ) ) ;
#448 = EDGE_LOOP ( 'NONE', ( #3078, #3329, #1849, #2508 ) ) ;
#449 = VERTEX_POINT ( 'NONE', #2958 ) ;
#450 = FACE_OUTER_BOUND ( 'NONE', #1301, .T. ) ;
#451 = ADVANCED_FACE ( 'NONE', ( #382 ), #1819, .F. ) ;
#452 = CARTESIAN_POINT ( 'NONE',  ( 411.1977152147791799, -115.8793669483496274, 0.9999999999999376055 ) ) ;
#453 = ORIENTED_EDGE ( 'NONE', *, *, #2165, .F. ) ;
#454 = EDGE_CURVE ( 'NONE', #3268, #1967, #2092, .T. ) ;
#455 = FACE_BOUND ( 'NONE', #3532, .T. ) ;
#456 = DIRECTION ( 'NONE',  ( 0.000000000000000000, 0.000000000000000000, -1.000000000000000000 ) ) ;
#457 = ADVANCED_FACE ( 'NONE', ( #2452 ), #1891, .F. ) ;
#458 = CARTESIAN_POINT ( 'NONE',  ( 32.90945124223093643, -109.6099815356934499, -0.2999999999999999334 ) ) ;
#459 = DIRECTION ( 'NONE',  ( -1.000000000000000000, 0.000000000000000000, 0.000000000000000000 ) ) ;
#460 = CARTESIAN_POINT ( 'NONE',  ( 13.41254527623619808, -15.00000000000000178, -1.800000000000000044 ) ) ;
#461 = EDGE_CURVE ( 'NONE', #1924, #2412, #3475, .T. ) ;
#462 = EDGE_CURVE ( 'NONE', #2239, #2075, #1836, .T. ) ;
#463 = CARTESIAN_POINT ( 'NONE',  ( 2.412545276236220726, -4.000000000000000000, 5.599999999999999645 ) ) ;
#464 = ORIENTED_EDGE ( 'NONE', *, *, #2548, .T. ) ;
#465 = VERTEX_POINT ( 'NONE', #1320 ) ;
#466 = AXIS2_PLACEMENT_3D ( 'NONE', #2245, #1653, #1721 ) ;
#467 = DIRECTION ( 'NONE',  ( 1.000000000000000000, 0.000000000000000000, 0.000000000000000000 ) ) ;
#468 = DIRECTION ( 'NONE',  ( -0.000000000000000000, -0.000000000000000000, -1.000000000000000000 ) ) ;
#469 = VECTOR ( 'NONE', #1196, 1000.000000000000000 ) ;
#470 = EDGE_LOOP ( 'NONE', ( #1224, #2018, #263, #1470 ) ) ;
#471 = CARTESIAN_POINT ( 'NONE',  ( 42.55778954228642874, -4.000000000000000000, 4.000000000000000000 ) ) ;
#472 = VECTOR ( 'NONE', #923, 1000.000000000000000 ) ;
#473 = CARTESIAN_POINT ( 'NONE',  ( 334.1477152147792253, -53.97200000000000841, 1.000000000000049516 ) ) ;
#474 = DIRECTION ( 'NONE',  ( 1.000000000000000000, 0.000000000000000000, 0.000000000000000000 ) ) ;
#475 = AXIS2_PLACEMENT_3D ( 'NONE', #1707, #1689, #2836 ) ;
#476 = AXIS2_PLACEMENT_3D ( 'NONE', #1661, #1676, #2772 ) ;
#477 = CARTESIAN_POINT ( 'NONE',  ( 406.0641372196477619, -129.6099815356934357, -450.7362439051084380 ) ) ;
#478 = CARTESIAN_POINT ( 'NONE',  ( 8.865929782276168680, -118.2292181297286078, 5.599999999999999645 ) ) ;
#479 = CARTESIAN_POINT ( 'NONE',  ( 0.000000000000000000, 0.000000000000000000, 12.24999999999999822 ) ) ;
#480 = VERTEX_POINT ( 'NONE', #1533 ) ;
#481 = AXIS2_PLACEMENT_3D ( 'NONE', #3158, #1517, #2587 ) ;
#482 = EDGE_CURVE ( 'NONE', #2865, #3027, #2341, .T. ) ;
#483 = EDGE_CURVE ( 'NONE', #429, #557, #2401, .T. ) ;
#484 = DIRECTION ( 'NONE',  ( -5.578958409373273725E-14, 1.000000000000000000, 0.000000000000000000 ) ) ;
#485 = ORIENTED_EDGE ( 'NONE', *, *, #2470, .T. ) ;
#486 = AXIS2_PLACEMENT_3D ( 'NONE', #882, #905, #1760 ) ;
#487 = EDGE_CURVE ( 'NONE', #158, #1604, #2976, .T. ) ;
#488 = DIRECTION ( 'NONE',  ( -1.000000000000000000, 0.000000000000000000, 0.000000000000000000 ) ) ;
#489 = VECTOR ( 'NONE', #1333, 1000.000000000000000 ) ;
#490 = VECTOR ( 'NONE', #2141, 1000.000000000000000 ) ;
#491 = CARTESIAN_POINT ( 'NONE',  ( 402.3366888931536778, -120.6099815356934357, 5.599999999999999645 ) ) ;
#492 = ORIENTED_EDGE ( 'NONE', *, *, #3539, .T. ) ;
#493 = ORIENTED_EDGE ( 'NONE', *, *, #4, .F. ) ;
#494 = DIRECTION ( 'NONE',  ( -1.000000000000000000, 0.000000000000000000, 0.000000000000000000 ) ) ;
#495 = DIRECTION ( 'NONE',  ( 1.000000000000000000, 0.000000000000000000, 0.000000000000000000 ) ) ;
#496 = CARTESIAN_POINT ( 'NONE',  ( 3.968545276236235875, -115.9542181297286163, 5.599999999999999645 ) ) ;
#497 = DIRECTION ( 'NONE',  ( -0.000000000000000000, -0.000000000000000000, -1.000000000000000000 ) ) ;
#498 = LINE ( 'NONE', #3709, #1038 ) ;
#499 = ORIENTED_EDGE ( 'NONE', *, *, #1952, .T. ) ;
#500 = LINE ( 'NONE', #463, #305 ) ;
#501 = VERTEX_POINT ( 'NONE', #2682 ) ;
#502 = ADVANCED_FACE ( 'NONE', ( #1569 ), #2169, .T. ) ;
#503 = CARTESIAN_POINT ( 'NONE',  ( 2.412545276236220726, -110.7832545831543456, 0.9999999999999931166 ) ) ;
#504 = DIRECTION ( 'NONE',  ( 0.000000000000000000, 0.000000000000000000, -1.000000000000000000 ) ) ;
#505 = ORIENTED_EDGE ( 'NONE', *, *, #1940, .T. ) ;
#506 = FACE_OUTER_BOUND ( 'NONE', #388, .T. ) ;
#507 = EDGE_LOOP ( 'NONE', ( #3417, #2562, #920, #204, #584, #553 ) ) ;
#508 = CARTESIAN_POINT ( 'NONE',  ( 414.7420947154881787, -125.4243761805029465, 12.24999999999999822 ) ) ;
#509 = CYLINDRICAL_SURFACE ( 'NONE', #118, 2.000000000000001332 ) ;
#510 = LINE ( 'NONE', #3428, #1385 ) ;
#511 = CARTESIAN_POINT ( 'NONE',  ( 282.4722410603346816, -127.8049907678467321, 12.24999999999999645 ) ) ;
#512 = DIRECTION ( 'NONE',  ( -1.000000000000000000, 0.000000000000000000, 0.000000000000000000 ) ) ;
#513 = ORIENTED_EDGE ( 'NONE', *, *, #1877, .T. ) ;
#514 = LINE ( 'NONE', #1918, #2891 ) ;
#515 = VERTEX_POINT ( 'NONE', #107 ) ;
#516 = CYLINDRICAL_SURFACE ( 'NONE', #476, 3.549999999999998934 ) ;
#517 = VERTEX_POINT ( 'NONE', #3031 ) ;
#518 = DIRECTION ( 'NONE',  ( 0.000000000000000000, -1.000000000000000000, 0.000000000000000000 ) ) ;
#519 = VECTOR ( 'NONE', #2014, 1000.000000000000000 ) ;
#520 = ORIENTED_EDGE ( 'NONE', *, *, #2323, .T. ) ;
#521 = CIRCLE ( 'NONE', #3353, 2.000000000000001332 ) ;
#522 = CARTESIAN_POINT ( 'NONE',  ( 406.0641372196477619, -129.6099815356934357, -1.800000000000023803 ) ) ;
#523 = EDGE_CURVE ( 'NONE', #818, #335, #655, .T. ) ;
#524 = VERTEX_POINT ( 'NONE', #3313 ) ;
#525 = CARTESIAN_POINT ( 'NONE',  ( 7.162545276236198077, -15.00000000000000178, -0.2999999999999999334 ) ) ;
#526 = EDGE_CURVE ( 'NONE', #1892, #234, #738, .T. ) ;
#527 = AXIS2_PLACEMENT_3D ( 'NONE', #594, #1428, #2027 ) ;
#528 = CYLINDRICAL_SURFACE ( 'NONE', #722, 5.400000000000016342 ) ;
#529 = DIRECTION ( 'NONE',  ( -1.000000000000000000, 0.000000000000000000, 0.000000000000000000 ) ) ;
#530 = DIRECTION ( 'NONE',  ( -1.000000000000000000, 0.000000000000000000, 0.000000000000000000 ) ) ;
#531 = AXIS2_PLACEMENT_3D ( 'NONE', #310, #3409, #266 ) ;
#532 = EDGE_LOOP ( 'NONE', ( #2500, #1095 ) ) ;
#533 = FACE_OUTER_BOUND ( 'NONE', #2023, .T. ) ;
#534 = AXIS2_PLACEMENT_3D ( 'NONE', #1039, #1968, #447 ) ;
#535 = ORIENTED_EDGE ( 'NONE', *, *, #3104, .T. ) ;
#536 = VECTOR ( 'NONE', #1443, 1000.000000000000000 ) ;
#537 = EDGE_CURVE ( 'NONE', #2105, #28, #1251, .T. ) ;
#538 = CARTESIAN_POINT ( 'NONE',  ( 404.7177313582652687, -118.2293669483496217, 5.599999999999999645 ) ) ;
#539 = AXIS2_PLACEMENT_3D ( 'NONE', #634, #1737, #1158 ) ;
#540 = ORIENTED_EDGE ( 'NONE', *, *, #3491, .F. ) ;
#541 = CARTESIAN_POINT ( 'NONE',  ( 33.65154527623621306, 19.46271067262288312, -0.5499999999999983791 ) ) ;
#542 = ORIENTED_EDGE ( 'NONE', *, *, #1346, .T. ) ;
#543 = VECTOR ( 'NONE', #467, 1000.000000000000000 ) ;
#544 = CARTESIAN_POINT ( 'NONE',  ( 33.65154527623621306, 4.999999999999999112, 6.549999999999999822 ) ) ;
#545 = CC_DESIGN_DATE_AND_TIME_ASSIGNMENT ( #2138, #3593, ( #795 ) ) ;
#546 = EDGE_LOOP ( 'NONE', ( #2333, #3212, #1662, #3095 ) ) ;
#547 = CARTESIAN_POINT ( 'NONE',  ( 408.4451796847593528, -127.2293669483496359, 12.24999999999999822 ) ) ;
#548 = VECTOR ( 'NONE', #1069, 1000.000000000000000 ) ;
#549 = EDGE_CURVE ( 'NONE', #3591, #342, #967, .T. ) ;
#550 = CARTESIAN_POINT ( 'NONE',  ( 35.49154527623623068, -69.05098153569343822, -0.1499999999999999667 ) ) ;
#551 = DIRECTION ( 'NONE',  ( 1.000000000000000000, 0.000000000000000000, 0.000000000000000000 ) ) ;
#552 = FACE_BOUND ( 'NONE', #2414, .T. ) ;
#553 = ORIENTED_EDGE ( 'NONE', *, *, #2463, .F. ) ;
#554 = CYLINDRICAL_SURFACE ( 'NONE', #2776, 2.000000000000000888 ) ;
#555 = ORIENTED_EDGE ( 'NONE', *, *, #1405, .F. ) ;
#556 = LINE ( 'NONE', #22, #2945 ) ;
#557 = VERTEX_POINT ( 'NONE', #3261 ) ;
#558 = DIRECTION ( 'NONE',  ( -0.000000000000000000, 1.000000000000000000, -0.000000000000000000 ) ) ;
#559 = VERTEX_POINT ( 'NONE', #680 ) ;
#560 = CARTESIAN_POINT ( 'NONE',  ( 411.1977152147791799, -115.8793669483496274, -0.1499999999999999667 ) ) ;
#561 = LINE ( 'NONE', #598, #778 ) ;
#562 = EDGE_LOOP ( 'NONE', ( #863, #3156, #424, #1161 ) ) ;
#563 = LINE ( 'NONE', #1084, #2813 ) ;
#564 = LINE ( 'NONE', #3481, #3121 ) ;
#565 = FACE_OUTER_BOUND ( 'NONE', #2365, .T. ) ;
#566 = CARTESIAN_POINT ( 'NONE',  ( 33.49154527623622357, -69.05098153569343822, 5.599999999999999645 ) ) ;
#567 = ORIENTED_EDGE ( 'NONE', *, *, #1568, .T. ) ;
#568 = DIRECTION ( 'NONE',  ( -1.000000000000000000, 0.000000000000000000, 0.000000000000000000 ) ) ;
#569 = ADVANCED_FACE ( 'NONE', ( #398 ), #1551, .T. ) ;
#570 = DIRECTION ( 'NONE',  ( 0.000000000000000000, -0.000000000000000000, 1.000000000000000000 ) ) ;
#571 = ORIENTED_EDGE ( 'NONE', *, *, #873, .T. ) ;
#572 = EDGE_CURVE ( 'NONE', #1213, #692, #437, .T. ) ;
#573 = CARTESIAN_POINT ( 'NONE',  ( 406.0641372196477619, -129.6099815356934357, -450.7362439051084380 ) ) ;
#574 = VERTEX_POINT ( 'NONE', #2522 ) ;
#575 = DIRECTION ( 'NONE',  ( 0.000000000000000000, 0.000000000000000000, -1.000000000000000000 ) ) ;
#576 = EDGE_LOOP ( 'NONE', ( #1046, #961, #2370, #2644 ) ) ;
#577 = CARTESIAN_POINT ( 'NONE',  ( 2.412545276236220726, -4.000000000000000000, 5.599999999999999645 ) ) ;
#578 = AXIS2_PLACEMENT_3D ( 'NONE', #637, #3157, #2639 ) ;
#579 = EDGE_LOOP ( 'NONE', ( #1182, #2600, #499, #3489 ) ) ;
#580 = LINE ( 'NONE', #867, #52 ) ;
#581 = AXIS2_PLACEMENT_3D ( 'NONE', #117, #1896, #474 ) ;
#582 = CARTESIAN_POINT ( 'NONE',  ( 7.819204350196697462, -124.4292181297286106, 10.75000000000000000 ) ) ;
#583 = DIRECTION ( 'NONE',  ( 0.7071067811865472397, 8.659560562354929160E-17, -0.7071067811865479058 ) ) ;
#584 = ORIENTED_EDGE ( 'NONE', *, *, #1340, .F. ) ;
#585 = DIRECTION ( 'NONE',  ( -0.000000000000000000, -0.000000000000000000, -1.000000000000000000 ) ) ;
#586 = CARTESIAN_POINT ( 'NONE',  ( -0.8874547237637790964, -18.45980132780353955, 1.199999999999968425 ) ) ;
#587 = FACE_OUTER_BOUND ( 'NONE', #1083, .T. ) ;
#588 = ORIENTED_EDGE ( 'NONE', *, *, #3610, .F. ) ;
#589 = EDGE_CURVE ( 'NONE', #2008, #1835, #1357, .T. ) ;
#590 = EDGE_CURVE ( 'NONE', #2942, #599, #2804, .T. ) ;
#591 = VECTOR ( 'NONE', #2204, 1000.000000000000000 ) ;
#592 = DIRECTION ( 'NONE',  ( 1.000000000000000000, 0.000000000000000000, 0.000000000000000000 ) ) ;
#593 = EDGE_LOOP ( 'NONE', ( #3483, #823, #1996, #3695 ) ) ;
#594 = CARTESIAN_POINT ( 'NONE',  ( 39.15154527623621306, 2.200000000000004174, 3.000000000000000444 ) ) ;
#595 = ORIENTED_EDGE ( 'NONE', *, *, #1475, .T. ) ;
#596 = AXIS2_PLACEMENT_3D ( 'NONE', #2377, #3551, #3286 ) ;
#597 = DIRECTION ( 'NONE',  ( 0.000000000000000000, 0.000000000000000000, 1.000000000000000000 ) ) ;
#598 = CARTESIAN_POINT ( 'NONE',  ( 412.6927152147791844, -4.000000000000000000, 5.599999999999999645 ) ) ;
#599 = VERTEX_POINT ( 'NONE', #1410 ) ;
#600 = CARTESIAN_POINT ( 'NONE',  ( 10.20009800898741759, -126.8099815356934243, 10.75000000000000000 ) ) ;
#601 = AXIS2_PLACEMENT_3D ( 'NONE', #1660, #1623, #2771 ) ;
#602 = DIRECTION ( 'NONE',  ( 0.000000000000000000, 0.000000000000000000, -1.000000000000000000 ) ) ;
#603 = CARTESIAN_POINT ( 'NONE',  ( 28.09154527623622499, -69.05098153569343822, 5.599999999999999645 ) ) ;
#604 = CARTESIAN_POINT ( 'NONE',  ( 31.75351998662598163, -4.500000000000046185, 0.000000000000000000 ) ) ;
#605 = AXIS2_PLACEMENT_3D ( 'NONE', #2233, #3380, #801 ) ;
#606 = ORIENTED_EDGE ( 'NONE', *, *, #1111, .T. ) ;
#607 = CC_DESIGN_APPROVAL ( #2503, ( #701 ) ) ;
#608 = DIRECTION ( 'NONE',  ( 0.000000000000000000, 0.000000000000000000, -1.000000000000000000 ) ) ;
#609 = DIRECTION ( 'NONE',  ( 0.000000000000000000, 0.000000000000000000, -1.000000000000000000 ) ) ;
#610 = DIRECTION ( 'NONE',  ( 1.000000000000000000, 0.000000000000000000, 0.000000000000000000 ) ) ;
#611 = ORIENTED_EDGE ( 'NONE', *, *, #3127, .T. ) ;
#612 = DIRECTION ( 'NONE',  ( 1.000000000000000000, 0.000000000000000000, 0.000000000000000000 ) ) ;
#613 = ORIENTED_EDGE ( 'NONE', *, *, #1586, .T. ) ;
#614 = DIRECTION ( 'NONE',  ( 1.000000000000000000, 0.000000000000000000, 0.000000000000000000 ) ) ;
#615 = EDGE_CURVE ( 'NONE', #574, #3711, #1342, .T. ) ;
#616 = ORIENTED_EDGE ( 'NONE', *, *, #1313, .F. ) ;
#617 = DIRECTION ( 'NONE',  ( -0.000000000000000000, -0.000000000000000000, -1.000000000000000000 ) ) ;
#618 = CARTESIAN_POINT ( 'NONE',  ( 382.1951796847593528, -109.6099815356934499, -0.2999999999999999334 ) ) ;
#619 = ORIENTED_EDGE ( 'NONE', *, *, #2990, .T. ) ;
#620 = EDGE_CURVE ( 'NONE', #3100, #2309, #3331, .T. ) ;
#621 = DIRECTION ( 'NONE',  ( 0.000000000000000000, 1.000000000000000000, 0.000000000000000000 ) ) ;
#622 =( NAMED_UNIT ( * ) PLANE_ANGLE_UNIT ( ) SI_UNIT ( $, .RADIAN. ) );
#623 = ORIENTED_EDGE ( 'NONE', *, *, #1425, .F. ) ;
#624 = DIRECTION ( 'NONE',  ( 0.000000000000000000, -1.000000000000000000, 0.000000000000000000 ) ) ;
#625 = FACE_OUTER_BOUND ( 'NONE', #2677, .T. ) ;
#626 = CARTESIAN_POINT ( 'NONE',  ( 414.7420947154881787, -125.4243761805029465, 12.24999999999999822 ) ) ;
#627 = FACE_OUTER_BOUND ( 'NONE', #532, .T. ) ;
#628 = ORIENTED_EDGE ( 'NONE', *, *, #807, .T. ) ;
#629 = EDGE_CURVE ( 'NONE', #326, #3028, #1905, .T. ) ;
#630 = CARTESIAN_POINT ( 'NONE',  ( -0.8874547237637790964, -98.45980132780354666, 3.199999999999969980 ) ) ;
#631 = ORIENTED_EDGE ( 'NONE', *, *, #328, .F. ) ;
#632 = DIRECTION ( 'NONE',  ( 1.000000000000000000, 0.000000000000000000, 0.000000000000000000 ) ) ;
#633 = ORIENTED_EDGE ( 'NONE', *, *, #2265, .T. ) ;
#634 = CARTESIAN_POINT ( 'NONE',  ( 411.1977152147791799, -115.8793669483496274, 0.000000000000000000 ) ) ;
#635 = DIRECTION ( 'NONE',  ( -0.000000000000000000, -0.000000000000000000, -1.000000000000000000 ) ) ;
#636 = VERTEX_POINT ( 'NONE', #538 ) ;
#637 = CARTESIAN_POINT ( 'NONE',  ( 415.9927152147791958, -18.45989286573050236, 3.199999999999995293 ) ) ;
#638 = ADVANCED_FACE ( 'NONE', ( #1648 ), #2240, .T. ) ;
#639 = DIRECTION ( 'NONE',  ( -1.000000000000000000, 0.000000000000000000, 0.000000000000000000 ) ) ;
#640 = EDGE_CURVE ( 'NONE', #465, #636, #1373, .T. ) ;
#641 = DIRECTION ( 'NONE',  ( 0.000000000000000000, -1.000000000000000000, 0.000000000000000000 ) ) ;
#642 = VERTEX_POINT ( 'NONE', #2789 ) ;
#643 = CYLINDRICAL_SURFACE ( 'NONE', #1862, 5.400000000000002132 ) ;
#644 = ORIENTED_EDGE ( 'NONE', *, *, #589, .F. ) ;
#645 = PLANE ( 'NONE',  #139 ) ;
#646 = VECTOR ( 'NONE', #2907, 1000.000000000000000 ) ;
#647 = CARTESIAN_POINT ( 'NONE',  ( 416.3821796847597057, -127.2293669483496359, 12.24999999999999822 ) ) ;
#648 = ORIENTED_EDGE ( 'NONE', *, *, #3705, .F. ) ;
#649 = FACE_OUTER_BOUND ( 'NONE', #3363, .T. ) ;
#650 = VECTOR ( 'NONE', #1611, 1000.000000000000000 ) ;
#651 = ORIENTED_EDGE ( 'NONE', *, *, #2183, .F. ) ;
#652 = LINE ( 'NONE', #677, #411 ) ;
#653 = VERTEX_POINT ( 'NONE', #2543 ) ;
#654 = EDGE_CURVE ( 'NONE', #3591, #2981, #2489, .T. ) ;
#655 = CIRCLE ( 'NONE', #3299, 5.400000000000016342 ) ;
#656 = CC_DESIGN_PERSON_AND_ORGANIZATION_ASSIGNMENT ( #3018, #1537, ( #701 ) ) ;
#657 = CARTESIAN_POINT ( 'NONE',  ( 2.450229089263784577, -118.2292181297286078, 5.599999999999999645 ) ) ;
#658 = VERTEX_POINT ( 'NONE', #208 ) ;
#659 = LINE ( 'NONE', #66, #519 ) ;
#660 = ADVANCED_FACE ( 'NONE', ( #2505 ), #516, .F. ) ;
#661 = AXIS2_PLACEMENT_3D ( 'NONE', #2049, #1772, #2068 ) ;
#662 = AXIS2_PLACEMENT_3D ( 'NONE', #3617, #2207, #1118 ) ;
#663 = FACE_BOUND ( 'NONE', #386, .T. ) ;
#664 = DIRECTION ( 'NONE',  ( -0.7071703182436954727, -0.7070432384197663511, 0.000000000000000000 ) ) ;
#665 = AXIS2_PLACEMENT_3D ( 'NONE', #2348, #3487, #3165 ) ;
#666 = ORIENTED_EDGE ( 'NONE', *, *, #654, .T. ) ;
#667 = EDGE_CURVE ( 'NONE', #3494, #3381, #3114, .T. ) ;
#668 = DIRECTION ( 'NONE',  ( -1.000000000000000000, 0.000000000000000000, 0.000000000000000000 ) ) ;
#669 = CIRCLE ( 'NONE', #432, 2.000000000000001332 ) ;
#670 = ORIENTED_EDGE ( 'NONE', *, *, #925, .T. ) ;
#671 = LINE ( 'NONE', #2461, #141 ) ;
#672 = FACE_OUTER_BOUND ( 'NONE', #914, .T. ) ;
#673 = ORIENTED_EDGE ( 'NONE', *, *, #2548, .F. ) ;
#674 = EDGE_CURVE ( 'NONE', #557, #574, #197, .T. ) ;
#675 = DIRECTION ( 'NONE',  ( 0.000000000000000000, 0.000000000000000000, 1.000000000000000000 ) ) ;
#676 = ORIENTED_EDGE ( 'NONE', *, *, #667, .F. ) ;
#677 = CARTESIAN_POINT ( 'NONE',  ( 418.8927152147792299, -120.7598403671505451, 10.75000000000000000 ) ) ;
#678 = ORIENTED_EDGE ( 'NONE', *, *, #3514, .F. ) ;
#679 = DIRECTION ( 'NONE',  ( 0.7070874383579364153, 0.7071261234860521938, -0.000000000000000000 ) ) ;
#680 = CARTESIAN_POINT ( 'NONE',  ( 232.5722410603346475, -127.8049907678467321, 12.24999999999999822 ) ) ;
#681 = ORIENTED_EDGE ( 'NONE', *, *, #1208, .T. ) ;
#682 = DIRECTION ( 'NONE',  ( -1.000000000000000000, 0.000000000000000000, 0.000000000000000000 ) ) ;
#683 = SECURITY_CLASSIFICATION_LEVEL ( 'unclassified' ) ;
#684 = ORIENTED_EDGE ( 'NONE', *, *, #348, .T. ) ;
#685 = FACE_OUTER_BOUND ( 'NONE', #2679, .T. ) ;
#686 = EDGE_LOOP ( 'NONE', ( #987, #1445 ) ) ;
#687 = CARTESIAN_POINT ( 'NONE',  ( 420.0526302455077143, 3.195009232153282142, 12.24999999999999822 ) ) ;
#688 = ORIENTED_EDGE ( 'NONE', *, *, #760, .T. ) ;
#689 = EDGE_CURVE ( 'NONE', #636, #1257, #3614, .T. ) ;
#690 = EDGE_CURVE ( 'NONE', #559, #1019, #1956, .T. ) ;
#691 = CARTESIAN_POINT ( 'NONE',  ( 411.1977152147791799, -115.8793669483496274, -0.1499999999999999667 ) ) ;
#692 = VERTEX_POINT ( 'NONE', #822 ) ;
#693 = CARTESIAN_POINT ( 'NONE',  ( -6.587454723763779718, -121.9196026556070791, -1.800000000000023803 ) ) ;
#694 = ORIENTED_EDGE ( 'NONE', *, *, #1111, .F. ) ;
#695 = CARTESIAN_POINT ( 'NONE',  ( 405.7977152147791458, -115.8793669483496274, 0.9999999999999376055 ) ) ;
#696 = DIRECTION ( 'NONE',  ( 1.000000000000000000, 0.000000000000000000, 0.000000000000000000 ) ) ;
#697 = ORIENTED_EDGE ( 'NONE', *, *, #3519, .T. ) ;
#698 = CARTESIAN_POINT ( 'NONE',  ( 39.15154527623621306, -4.500000000000046185, 3.000000000000000444 ) ) ;
#699 = ORIENTED_EDGE ( 'NONE', *, *, #3035, .F. ) ;
#700 = DIRECTION ( 'NONE',  ( -0.000000000000000000, 0.000000000000000000, -1.000000000000000000 ) ) ;
#701 = PRODUCT_DEFINITION ( 'NEZNÁM', '', #983, #729 ) ;
#702 = EDGE_LOOP ( 'NONE', ( #2260, #1902, #670, #120 ) ) ;
#703 = LINE ( 'NONE', #2761, #2897 ) ;
#704 = DIRECTION ( 'NONE',  ( -0.000000000000000000, -0.000000000000000000, 1.000000000000000000 ) ) ;
#705 = ORIENTED_EDGE ( 'NONE', *, *, #3285, .F. ) ;
#706 = LINE ( 'NONE', #1867, #2518 ) ;
#707 = CONICAL_SURFACE ( 'NONE', #2841, 5.400000000000016342, 0.7853981633974764787 ) ;
#708 = ORIENTED_EDGE ( 'NONE', *, *, #589, .T. ) ;
#709 = ADVANCED_FACE ( 'NONE', ( #3345 ), #770, .T. ) ;
#710 = EDGE_CURVE ( 'NONE', #2081, #1290, #836, .T. ) ;
#711 = AXIS2_PLACEMENT_3D ( 'NONE', #3656, #1088, #2232 ) ;
#712 = CARTESIAN_POINT ( 'NONE',  ( -1.277548757768496301, -127.2292181297286220, 12.24999999999999822 ) ) ;
#713 = CARTESIAN_POINT ( 'NONE',  ( 282.4722410603346816, -126.8099815356934243, 12.24999999999999645 ) ) ;
#714 = ORIENTED_EDGE ( 'NONE', *, *, #3469, .F. ) ;
#715 = CARTESIAN_POINT ( 'NONE',  ( 3.968545276236235875, -115.9542181297286163, -0.1499999999999999667 ) ) ;
#716 = VECTOR ( 'NONE', #1004, 1000.000000000000000 ) ;
#717 = ADVANCED_FACE ( 'NONE', ( #2823 ), #3365, .T. ) ;
#718 = CARTESIAN_POINT ( 'NONE',  ( 420.0526302455077143, 3.195009232153282142, 10.75000000000000000 ) ) ;
#719 = COORDINATED_UNIVERSAL_TIME_OFFSET ( 1, 0, .AHEAD. ) ;
#720 = VECTOR ( 'NONE', #2713, 1000.000000000000000 ) ;
#721 = ORIENTED_EDGE ( 'NONE', *, *, #1568, .F. ) ;
#722 = AXIS2_PLACEMENT_3D ( 'NONE', #1687, #1417, #3075 ) ;
#723 = AXIS2_PLACEMENT_3D ( 'NONE', #3623, #1599, #1658 ) ;
#724 = DIRECTION ( 'NONE',  ( 1.000000000000000000, 0.000000000000000000, 0.000000000000000000 ) ) ;
#725 = LINE ( 'NONE', #1670, #3415 ) ;
#726 = DIRECTION ( 'NONE',  ( 1.000000000000000000, 0.000000000000000000, 0.000000000000000000 ) ) ;
#727 = AXIS2_PLACEMENT_3D ( 'NONE', #2978, #1255, #3034 ) ;
#728 = EDGE_LOOP ( 'NONE', ( #2142, #3145, #3628, #2544 ) ) ;
#729 = DESIGN_CONTEXT ( 'detailed design', #3572, 'design' ) ;
#730 = VECTOR ( 'NONE', #3215, 1000.000000000000114 ) ;
#731 = DIRECTION ( 'NONE',  ( 0.000000000000000000, 1.000000000000000000, 0.000000000000000000 ) ) ;
#732 = AXIS2_PLACEMENT_3D ( 'NONE', #1724, #3356, #530 ) ;
#733 = EDGE_LOOP ( 'NONE', ( #981, #2754, #3671, #1601 ) ) ;
#734 = VECTOR ( 'NONE', #201, 999.9999999999998863 ) ;
#735 = VERTEX_POINT ( 'NONE', #239 ) ;
#736 = B_SPLINE_CURVE_WITH_KNOTS ( 'NONE', 3,
 ( #1286, #1530, #3274, #1001 ),
 .UNSPECIFIED., .F., .F.,
 ( 4, 4 ),
 ( 0.000000000000000000, 0.001440617154985740327 ),
 .UNSPECIFIED. ) ;
#737 = EDGE_CURVE ( 'NONE', #3268, #2026, #2311, .T. ) ;
#738 = LINE ( 'NONE', #1871, #1266 ) ;
#739 = ORIENTED_EDGE ( 'NONE', *, *, #620, .F. ) ;
#740 = CARTESIAN_POINT ( 'NONE',  ( -6.587454723763779718, -18.45980132780353955, 5.199999999999970868 ) ) ;
#741 = DIRECTION ( 'NONE',  ( -1.000000000000000000, 0.000000000000000000, -0.000000000000000000 ) ) ;
#742 = EDGE_CURVE ( 'NONE', #2241, #3618, #1426, .T. ) ;
#743 = EDGE_CURVE ( 'NONE', #1959, #2058, #1151, .T. ) ;
#744 = ORIENTED_EDGE ( 'NONE', *, *, #2573, .T. ) ;
#745 = DIRECTION ( 'NONE',  ( 0.000000000000000000, -1.000000000000000000, 0.000000000000000000 ) ) ;
#746 = EDGE_CURVE ( 'NONE', #1290, #2081, #1567, .T. ) ;
#747 = DIRECTION ( 'NONE',  ( 0.000000000000000000, -1.000000000000000000, 0.000000000000000000 ) ) ;
#748 = DIRECTION ( 'NONE',  ( 0.000000000000000000, 0.000000000000000000, -1.000000000000000000 ) ) ;
#749 = CARTESIAN_POINT ( 'NONE',  ( 232.5722410603346475, -126.8099815356934243, 12.24999999999999645 ) ) ;
#750 = EDGE_LOOP ( 'NONE', ( #3102, #1404, #2792, #1318 ) ) ;
#751 = PLANE ( 'NONE',  #723 ) ;
#752 = EDGE_LOOP ( 'NONE', ( #2619, #1303, #1420, #2253 ) ) ;
#753 = ORIENTED_EDGE ( 'NONE', *, *, #3341, .T. ) ;
#754 = DIRECTION ( 'NONE',  ( 1.000000000000000000, 0.000000000000000000, 0.000000000000000000 ) ) ;
#755 = ORIENTED_EDGE ( 'NONE', *, *, #3545, .F. ) ;
#756 = CARTESIAN_POINT ( 'NONE',  ( 282.4722410603346816, -126.8099815356934243, 62.15991928837468095 ) ) ;
#757 = APPROVAL_STATUS ( 'not_yet_approved' ) ;
#758 = CARTESIAN_POINT ( 'NONE',  ( 33.49154527623622357, -69.05098153569343822, -0.1499999999999999667 ) ) ;
#759 = EDGE_CURVE ( 'NONE', #1820, #1229, #1129, .T. ) ;
#760 = EDGE_CURVE ( 'NONE', #2474, #1178, #2616, .T. ) ;
#761 = EDGE_CURVE ( 'NONE', #2865, #2008, #556, .T. ) ;
#762 = DIRECTION ( 'NONE',  ( 0.000000000000000000, -1.000000000000000000, 0.000000000000000000 ) ) ;
#763 = DIRECTION ( 'NONE',  ( -1.000000000000000000, -0.000000000000000000, -0.000000000000000000 ) ) ;
#764 = DIRECTION ( 'NONE',  ( 0.000000000000000000, 1.000000000000000000, 0.000000000000000000 ) ) ;
#765 = ORIENTED_EDGE ( 'NONE', *, *, #746, .T. ) ;
#766 = ADVANCED_FACE ( 'NONE', ( #2025 ), #2293, .F. ) ;
#767 = DIRECTION ( 'NONE',  ( 0.000000000000000000, -0.000000000000000000, 1.000000000000000000 ) ) ;
#768 = ORIENTED_EDGE ( 'NONE', *, *, #1340, .T. ) ;
#769 = DIRECTION ( 'NONE',  ( -0.000000000000000000, -0.000000000000000000, -1.000000000000000000 ) ) ;
#770 = PLANE ( 'NONE',  #2711 ) ;
#771 = ORIENTED_EDGE ( 'NONE', *, *, #1806, .F. ) ;
#772 = ORIENTED_EDGE ( 'NONE', *, *, #1681, .F. ) ;
#773 = VECTOR ( 'NONE', #143, 1000.000000000000000 ) ;
#774 = FACE_OUTER_BOUND ( 'NONE', #2529, .T. ) ;
#775 = VERTEX_POINT ( 'NONE', #2271 ) ;
#776 = CARTESIAN_POINT ( 'NONE',  ( 418.8927152147792299, 2.200000000000000178, 5.599999999999999645 ) ) ;
#777 = CIRCLE ( 'NONE', #2881, 5.400000000000002132 ) ;
#778 = VECTOR ( 'NONE', #3139, 1000.000000000000000 ) ;
#779 = DIRECTION ( 'NONE',  ( -0.000000000000000000, -0.000000000000000000, 1.000000000000000000 ) ) ;
#780 = CARTESIAN_POINT ( 'NONE',  ( 33.49154527623622357, -69.05098153569343822, 1.000000000000015543 ) ) ;
#781 = DIRECTION ( 'NONE',  ( 0.000000000000000000, 1.000000000000000000, 0.000000000000000000 ) ) ;
#782 = EDGE_CURVE ( 'NONE', #1715, #2228, #3603, .T. ) ;
#783 = ORIENTED_EDGE ( 'NONE', *, *, #1940, .F. ) ;
#784 = PERSON ( 'NEURČEN', 'NEURČEN', 'NEURČEN', ('NEURČEN'), ('NEURČEN'), ('NEURČEN') ) ;
#785 = FACE_OUTER_BOUND ( 'NONE', #2983, .T. ) ;
#786 = ORIENTED_EDGE ( 'NONE', *, *, #1978, .F. ) ;
#787 = VECTOR ( 'NONE', #96, 1000.000000000000000 ) ;
#788 = CARTESIAN_POINT ( 'NONE',  ( 282.4722410603346816, -127.8049907678467321, 62.15991928837468095 ) ) ;
#789 = VECTOR ( 'NONE', #1054, 1000.000000000000000 ) ;
#790 = CIRCLE ( 'NONE', #249, 2.000000000000001776 ) ;
#791 = DIRECTION ( 'NONE',  ( -0.000000000000000000, -0.000000000000000000, -1.000000000000000000 ) ) ;
#792 = ORIENTED_EDGE ( 'NONE', *, *, #1527, .F. ) ;
#793 = DIRECTION ( 'NONE',  ( -1.000000000000000000, 0.000000000000000000, -1.774149009521733430E-16 ) ) ;
#794 = ORIENTED_EDGE ( 'NONE', *, *, #2215, .T. ) ;
#795 = SECURITY_CLASSIFICATION ( '', '', #683 ) ;
#796 = CARTESIAN_POINT ( 'NONE',  ( 418.8927152147792299, -120.7598403671505451, 10.75000000000000000 ) ) ;
#797 = LINE ( 'NONE', #1705, #2697 ) ;
#798 = FACE_OUTER_BOUND ( 'NONE', #1413, .T. ) ;
#799 = EDGE_CURVE ( 'NONE', #213, #1816, #300, .T. ) ;
#800 = CARTESIAN_POINT ( 'NONE',  ( 415.9927152147791958, -98.45989286573049526, 3.199999999999985523 ) ) ;
#801 = DIRECTION ( 'NONE',  ( -1.000000000000000000, 0.000000000000000000, 0.000000000000000000 ) ) ;
#802 = VERTEX_POINT ( 'NONE', #1731 ) ;
#803 = UNCERTAINTY_MEASURE_WITH_UNIT (LENGTH_MEASURE( 1.000000000000000082E-05 ), #2369, 'distance_accuracy_value', 'NONE');
#804 = DIRECTION ( 'NONE',  ( 0.000000000000000000, -1.000000000000000000, 0.000000000000000000 ) ) ;
#805 = ORIENTED_EDGE ( 'NONE', *, *, #3383, .T. ) ;
#806 = ADVANCED_FACE ( 'NONE', ( #2574 ), #1751, .T. ) ;
#807 = EDGE_CURVE ( 'NONE', #2205, #2735, #336, .T. ) ;
#808 = CARTESIAN_POINT ( 'NONE',  ( 404.7177313582652687, -118.2293669483496217, 5.599999999999999645 ) ) ;
#809 = EDGE_LOOP ( 'NONE', ( #2683, #3161, #2985, #1353 ) ) ;
#810 = CARTESIAN_POINT ( 'NONE',  ( 418.8927152147792299, -120.7598403671505451, 5.599999999999999645 ) ) ;
#811 = ORIENTED_EDGE ( 'NONE', *, *, #255, .F. ) ;
#812 = CARTESIAN_POINT ( 'NONE',  ( -3.787454723763779452, 2.200000000000000178, 5.599999999999999645 ) ) ;
#813 = ORIENTED_EDGE ( 'NONE', *, *, #537, .F. ) ;
#814 = LINE ( 'NONE', #3651, #2402 ) ;
#815 = LINE ( 'NONE', #1964, #1934 ) ;
#816 = CARTESIAN_POINT ( 'NONE',  ( -6.587454723763779718, -18.45980132780353955, 3.199999999999969980 ) ) ;
#817 = PLANE ( 'NONE',  #80 ) ;
#818 = VERTEX_POINT ( 'NONE', #1 ) ;
#819 = ADVANCED_FACE ( 'NONE', ( #319 ), #2330, .F. ) ;
#820 = FACE_OUTER_BOUND ( 'NONE', #593, .T. ) ;
#821 = ORIENTED_EDGE ( 'NONE', *, *, #2748, .T. ) ;
#822 = CARTESIAN_POINT ( 'NONE',  ( 41.04957056584643738, -4.000000000000000000, 0.000000000000000000 ) ) ;
#823 = ORIENTED_EDGE ( 'NONE', *, *, #255, .T. ) ;
#824 = EDGE_CURVE ( 'NONE', #1814, #1522, #295, .T. ) ;
#825 = VECTOR ( 'NONE', #2831, 1000.000000000000000 ) ;
#826 = ORIENTED_EDGE ( 'NONE', *, *, #313, .F. ) ;
#827 = EDGE_CURVE ( 'NONE', #515, #3346, #1447, .T. ) ;
#828 = CARTESIAN_POINT ( 'NONE',  ( 13.41254527623619808, -15.00000000000000178, -1.800000000000000044 ) ) ;
#829 = ORIENTED_EDGE ( 'NONE', *, *, #2810, .T. ) ;
#830 = ADVANCED_FACE ( 'NONE', ( #1189 ), #2528, .T. ) ;
#831 = VECTOR ( 'NONE', #1733, 1000.000000000000000 ) ;
#832 = CARTESIAN_POINT ( 'NONE',  ( 48.40154527623622016, 2.200000000000000178, 4.000000000000000000 ) ) ;
#833 = CARTESIAN_POINT ( 'NONE',  ( 415.9927152147791958, -98.45989286573049526, 5.199999999999986855 ) ) ;
#834 = DIRECTION ( 'NONE',  ( 0.000000000000000000, 1.000000000000000000, 0.000000000000000000 ) ) ;
#835 = ORIENTED_EDGE ( 'NONE', *, *, #3639, .T. ) ;
#836 = CIRCLE ( 'NONE', #964, 2.000000000000000888 ) ;
#837 = CYLINDRICAL_SURFACE ( 'NONE', #3368, 2.000000000000001776 ) ;
#838 = AXIS2_PLACEMENT_3D ( 'NONE', #2916, #841, #2859 ) ;
#839 = EDGE_LOOP ( 'NONE', ( #2546, #1259, #2729, #2312 ) ) ;
#840 = AXIS2_PLACEMENT_3D ( 'NONE', #3264, #682, #3576 ) ;
#841 = DIRECTION ( 'NONE',  ( 0.000000000000000000, 0.000000000000000000, 1.000000000000000000 ) ) ;
#842 = VECTOR ( 'NONE', #1145, 1000.000000000000000 ) ;
#843 = ORIENTED_EDGE ( 'NONE', *, *, #3029, .T. ) ;
#844 = FACE_OUTER_BOUND ( 'NONE', #2467, .T. ) ;
#845 = EDGE_LOOP ( 'NONE', ( #2006, #215, #3372, #220 ) ) ;
#846 = CIRCLE ( 'NONE', #2723, 6.250000000000000000 ) ;
#847 = EDGE_CURVE ( 'NONE', #1495, #2930, #1484, .T. ) ;
#848 = DIRECTION ( 'NONE',  ( -0.000000000000000000, -0.000000000000000000, -1.000000000000000000 ) ) ;
#849 = ORIENTED_EDGE ( 'NONE', *, *, #1893, .T. ) ;
#850 = FACE_OUTER_BOUND ( 'NONE', #1465, .T. ) ;
#851 = EDGE_CURVE ( 'NONE', #1959, #735, #2227, .T. ) ;
#852 = DIRECTION ( 'NONE',  ( -0.000000000000000000, 0.000000000000000000, 1.000000000000000000 ) ) ;
#853 = ADVANCED_FACE ( 'NONE', ( #1247 ), #2984, .T. ) ;
#854 = CARTESIAN_POINT ( 'NONE',  ( 38.89154527623622926, -69.05098153569343822, 1.000000000000015543 ) ) ;
#855 = DIRECTION ( 'NONE',  ( 0.000000000000000000, 0.000000000000000000, 1.000000000000000000 ) ) ;
#856 = EDGE_LOOP ( 'NONE', ( #10, #688, #1619, #2569 ) ) ;
#857 = CARTESIAN_POINT ( 'NONE',  ( 13.41254527623619808, -15.00000000000000178, -0.2999999999999999334 ) ) ;
#858 = FACE_OUTER_BOUND ( 'NONE', #368, .T. ) ;
#859 = ORIENTED_EDGE ( 'NONE', *, *, #1726, .T. ) ;
#860 = DIRECTION ( 'NONE',  ( 0.000000000000000000, 1.000000000000000000, 0.000000000000000000 ) ) ;
#861 = EDGE_LOOP ( 'NONE', ( #2523, #1621, #3527, #277 ) ) ;
#862 = CARTESIAN_POINT ( 'NONE',  ( 421.6927152147791844, -98.45989286573049526, 3.199999999999985523 ) ) ;
#863 = ORIENTED_EDGE ( 'NONE', *, *, #759, .F. ) ;
#864 = DIRECTION ( 'NONE',  ( 0.7071703182436933632, 0.7070432384197683495, 0.000000000000000000 ) ) ;
#865 = CARTESIAN_POINT ( 'NONE',  ( -1.277548757768496301, -127.2292181297286220, -450.7362439051084380 ) ) ;
#866 = EDGE_LOOP ( 'NONE', ( #811, #1449, #953, #2113 ) ) ;
#867 = CARTESIAN_POINT ( 'NONE',  ( 34.90154527623621306, -4.500000000000046185, 0.000000000000000000 ) ) ;
#868 = CARTESIAN_POINT ( 'NONE',  ( -6.587454723763779718, -121.9196026556070791, -450.7362439051084380 ) ) ;
#869 = CARTESIAN_POINT ( 'NONE',  ( 0.000000000000000000, 0.000000000000000000, 5.599999999999999645 ) ) ;
#870 = CARTESIAN_POINT ( 'NONE',  ( 404.9044866291829408, -126.8099815356934243, 10.75000000000000000 ) ) ;
#871 = ORIENTED_EDGE ( 'NONE', *, *, #3519, .F. ) ;
#872 = EDGE_CURVE ( 'NONE', #2061, #3209, #969, .T. ) ;
#873 = EDGE_CURVE ( 'NONE', #3289, #1345, #3005, .T. ) ;
#874 = DIRECTION ( 'NONE',  ( -1.000000000000000000, 0.000000000000000000, 0.000000000000000000 ) ) ;
#875 = DIRECTION ( 'NONE',  ( 1.000000000000000000, 0.000000000000000000, 0.000000000000000000 ) ) ;
#876 = DIRECTION ( 'NONE',  ( -1.000000000000000000, 0.000000000000000000, 0.000000000000000000 ) ) ;
#877 = ORIENTED_EDGE ( 'NONE', *, *, #2352, .T. ) ;
#878 = DIRECTION ( 'NONE',  ( 0.000000000000000000, 0.000000000000000000, 1.000000000000000000 ) ) ;
#879 = ORIENTED_EDGE ( 'NONE', *, *, #1615, .F. ) ;
#880 = LINE ( 'NONE', #1774, #1561 ) ;
#881 = ORIENTED_EDGE ( 'NONE', *, *, #1208, .F. ) ;
#882 = CARTESIAN_POINT ( 'NONE',  ( 421.6927152147791844, -98.45989286573049526, 3.199999999999985523 ) ) ;
#883 = PLANE ( 'NONE',  #3596 ) ;
#884 = CIRCLE ( 'NONE', #1072, 2.000000000000001776 ) ;
#885 = ORIENTED_EDGE ( 'NONE', *, *, #3443, .F. ) ;
#886 = CARTESIAN_POINT ( 'NONE',  ( -0.8874547237637790964, -18.45980132780353955, 5.199999999999970868 ) ) ;
#887 = DIRECTION ( 'NONE',  ( 0.000000000000000000, -0.000000000000000000, -1.000000000000000000 ) ) ;
#888 = DIRECTION ( 'NONE',  ( -0.000000000000000000, 0.000000000000000000, 1.000000000000000000 ) ) ;
#889 = DIRECTION ( 'NONE',  ( 0.000000000000000000, 0.000000000000000000, 1.000000000000000000 ) ) ;
#890 = VECTOR ( 'NONE', #2956, 1000.000000000000114 ) ;
#891 = ORIENTED_EDGE ( 'NONE', *, *, #2701, .T. ) ;
#892 = AXIS2_PLACEMENT_3D ( 'NONE', #2798, #748, #1899 ) ;
#893 = FACE_OUTER_BOUND ( 'NONE', #728, .T. ) ;
#894 = EDGE_CURVE ( 'NONE', #692, #1725, #2712, .T. ) ;
#895 = PLANE ( 'NONE',  #1096 ) ;
#896 = CARTESIAN_POINT ( 'NONE',  ( 8.865929782276168680, -118.2292181297286078, 0.9999999999999931166 ) ) ;
#897 = ORIENTED_EDGE ( 'NONE', *, *, #2924, .F. ) ;
#898 = VECTOR ( 'NONE', #1778, 1000.000000000000000 ) ;
#899 = VECTOR ( 'NONE', #3135, 1000.000000000000000 ) ;
#900 = CARTESIAN_POINT ( 'NONE',  ( 334.1477152147792253, -53.97200000000000841, 5.599999999999999645 ) ) ;
#901 = EDGE_LOOP ( 'NONE', ( #2615, #3517 ) ) ;
#902 = DIRECTION ( 'NONE',  ( 1.000000000000000000, 0.000000000000000000, 0.000000000000000000 ) ) ;
#903 = ORIENTED_EDGE ( 'NONE', *, *, #2428, .T. ) ;
#904 = AXIS2_PLACEMENT_3D ( 'NONE', #1928, #2797, #2281 ) ;
#905 = DIRECTION ( 'NONE',  ( 1.000000000000000000, 0.000000000000000000, 0.000000000000000000 ) ) ;
#906 = AXIS2_PLACEMENT_3D ( 'NONE', #1049, #1348, #1946 ) ;
#907 = DIRECTION ( 'NONE',  ( 1.000000000000000000, 0.000000000000000000, -0.000000000000000000 ) ) ;
#908 = EDGE_LOOP ( 'NONE', ( #3581, #2617, #453, #3663 ) ) ;
#909 = DIRECTION ( 'NONE',  ( 0.000000000000000000, -0.000000000000000000, 1.000000000000000000 ) ) ;
#910 = CARTESIAN_POINT ( 'NONE',  ( 334.1477152147792253, -53.97200000000000841, 1.000000000000049516 ) ) ;
#911 = CARTESIAN_POINT ( 'NONE',  ( 24.40154527623621306, 2.200000000000000178, 4.000000000000000000 ) ) ;
#912 =( GEOMETRIC_REPRESENTATION_CONTEXT ( 3 ) GLOBAL_UNCERTAINTY_ASSIGNED_CONTEXT ( ( #803 ) ) GLOBAL_UNIT_ASSIGNED_CONTEXT ( ( #2369, #622, #2609 ) ) REPRESENTATION_CONTEXT ( 'NONE', 'WORKASPACE' ) );
#913 = CIRCLE ( 'NONE', #980, 2.000000000000001332 ) ;
#914 = EDGE_LOOP ( 'NONE', ( #2919, #2747, #3116, #3462 ) ) ;
#915 = ADVANCED_FACE ( 'NONE', ( #407 ), #1505, .T. ) ;
#916 = LINE ( 'NONE', #332, #1494 ) ;
#917 = ORIENTED_EDGE ( 'NONE', *, *, #3492, .F. ) ;
#918 = CARTESIAN_POINT ( 'NONE',  ( 407.9427152147791276, -15.00000000000000178, -0.2999999999999999334 ) ) ;
#919 = CARTESIAN_POINT ( 'NONE',  ( 24.40154527623621306, 2.200000000000000178, 4.000000000000000000 ) ) ;
#920 = ORIENTED_EDGE ( 'NONE', *, *, #344, .F. ) ;
#921 = CARTESIAN_POINT ( 'NONE',  ( 418.8927152147792299, -120.7598403671505451, 5.599999999999999645 ) ) ;
#922 = ORIENTED_EDGE ( 'NONE', *, *, #1756, .T. ) ;
#923 = DIRECTION ( 'NONE',  ( 0.000000000000000000, -1.000000000000000000, 0.000000000000000000 ) ) ;
#924 = ORIENTED_EDGE ( 'NONE', *, *, #3220, .F. ) ;
#925 = EDGE_CURVE ( 'NONE', #653, #2737, #2656, .T. ) ;
#926 = EDGE_CURVE ( 'NONE', #2322, #2474, #157, .T. ) ;
#927 = CARTESIAN_POINT ( 'NONE',  ( 33.49154527623622357, -69.05098153569343822, 5.599999999999999645 ) ) ;
#928 = LINE ( 'NONE', #2421, #1026 ) ;
#929 = ORIENTED_EDGE ( 'NONE', *, *, #1364, .F. ) ;
#930 = CARTESIAN_POINT ( 'NONE',  ( 334.1477152147792253, -53.97200000000000841, -0.1499999999999999667 ) ) ;
#931 = MECHANICAL_CONTEXT ( 'NONE', #3110, 'mechanical' ) ;
#932 = ORIENTED_EDGE ( 'NONE', *, *, #1688, .F. ) ;
#933 = FACE_OUTER_BOUND ( 'NONE', #845, .T. ) ;
#934 = DIRECTION ( 'NONE',  ( -1.000000000000000000, 0.000000000000000000, 0.000000000000000000 ) ) ;
#935 = DIRECTION ( 'NONE',  ( -1.000000000000000000, -0.000000000000000000, -0.000000000000000000 ) ) ;
#936 = CARTESIAN_POINT ( 'NONE',  ( 334.1477152147792253, -53.97200000000000841, 0.000000000000000000 ) ) ;
#937 = ORIENTED_EDGE ( 'NONE', *, *, #1710, .F. ) ;
#938 = DIRECTION ( 'NONE',  ( 1.000000000000000000, 0.000000000000000000, 0.000000000000000000 ) ) ;
#939 = VERTEX_POINT ( 'NONE', #1887 ) ;
#940 = CARTESIAN_POINT ( 'NONE',  ( 182.5326302455077041, 2.200000000000000178, 12.24999999999999645 ) ) ;
#941 = EDGE_LOOP ( 'NONE', ( #3441, #2666, #957, #3608 ) ) ;
#942 = EDGE_CURVE ( 'NONE', #2805, #3457, #1562, .T. ) ;
#943 = DIRECTION ( 'NONE',  ( 1.000000000000000000, 0.000000000000000000, 0.000000000000000000 ) ) ;
#944 = ORIENTED_EDGE ( 'NONE', *, *, #194, .F. ) ;
#945 = LINE ( 'NONE', #2095, #469 ) ;
#946 = ADVANCED_FACE ( 'NONE', ( #1232 ), #984, .F. ) ;
#947 = CARTESIAN_POINT ( 'NONE',  ( 10.68042987029309820, -127.8049907678467321, 12.24999999999999822 ) ) ;
#948 = DIRECTION ( 'NONE',  ( 0.000000000000000000, 0.000000000000000000, 1.000000000000000000 ) ) ;
#949 = EDGE_CURVE ( 'NONE', #213, #335, #999, .T. ) ;
#950 = EDGE_LOOP ( 'NONE', ( #222, #772, #132, #2820, #885, #1338, #5, #1211, #753, #1386, #843, #975, #1355, #1651, #2088, #275, #929, #2337, #924, #3553, #1543, #2751, #2900, #1868, #179, #1951 ) ) ;
#951 = AXIS2_PLACEMENT_3D ( 'NONE', #1927, #230, #216 ) ;
#952 = DIRECTION ( 'NONE',  ( 0.000000000000000000, -1.000000000000000000, -0.000000000000000000 ) ) ;
#953 = ORIENTED_EDGE ( 'NONE', *, *, #1477, .T. ) ;
#954 = DIRECTION ( 'NONE',  ( 0.000000000000000000, 1.000000000000000000, 0.000000000000000000 ) ) ;
#955 = VECTOR ( 'NONE', #2684, 1000.000000000000114 ) ;
#956 = LINE ( 'NONE', #2375, #2455 ) ;
#957 = ORIENTED_EDGE ( 'NONE', *, *, #2624, .F. ) ;
#958 = AXIS2_PLACEMENT_3D ( 'NONE', #1264, #2715, #2418 ) ;
#959 = FACE_OUTER_BOUND ( 'NONE', #2278, .T. ) ;
#960 = AXIS2_PLACEMENT_3D ( 'NONE', #1634, #1034, #202 ) ;
#961 = ORIENTED_EDGE ( 'NONE', *, *, #523, .F. ) ;
#962 = CARTESIAN_POINT ( 'NONE',  ( 132.6326302455076984, 2.199999999999997069, 10.75000000000000000 ) ) ;
#963 = ORIENTED_EDGE ( 'NONE', *, *, #2669, .T. ) ;
#964 = AXIS2_PLACEMENT_3D ( 'NONE', #1922, #1114, #3096 ) ;
#965 = ADVANCED_FACE ( 'NONE', ( #649 ), #1832, .F. ) ;
#966 = PLANE ( 'NONE',  #2655 ) ;
#967 = LINE ( 'NONE', #1289, #2643 ) ;
#968 = ORIENTED_EDGE ( 'NONE', *, *, #3197, .T. ) ;
#969 = CIRCLE ( 'NONE', #596, 2.000000000000001332 ) ;
#970 = AXIS2_PLACEMENT_3D ( 'NONE', #421, #1292, #741 ) ;
#971 = AXIS2_PLACEMENT_3D ( 'NONE', #1112, #3059, #484 ) ;
#972 = DIRECTION ( 'NONE',  ( 0.000000000000000000, 0.000000000000000000, 1.000000000000000000 ) ) ;
#973 = COORDINATED_UNIVERSAL_TIME_OFFSET ( 1, 0, .AHEAD. ) ;
#974 = AXIS2_PLACEMENT_3D ( 'NONE', #560, #2335, #2904 ) ;
#975 = ORIENTED_EDGE ( 'NONE', *, *, #3634, .T. ) ;
#976 = ADVANCED_FACE ( 'NONE', ( #1528 ), #2971, .T. ) ;
#977 = ADVANCED_FACE ( 'NONE', ( #431 ), #3568, .F. ) ;
#978 = DIRECTION ( 'NONE',  ( 0.000000000000000000, 0.000000000000000000, 1.000000000000000000 ) ) ;
#979 = AXIS2_PLACEMENT_3D ( 'NONE', #15, #1518, #1439 ) ;
#980 = AXIS2_PLACEMENT_3D ( 'NONE', #184, #3267, #425 ) ;
#981 = ORIENTED_EDGE ( 'NONE', *, *, #1323, .F. ) ;
#982 = CARTESIAN_POINT ( 'NONE',  ( 39.15154527623622016, -4.500000000000046185, -0.5499999999999983791 ) ) ;
#983 = PRODUCT_DEFINITION_FORMATION_WITH_SPECIFIED_SOURCE ( 'LIBOVOLN�', '', #39, .NOT_KNOWN. ) ;
#984 = CYLINDRICAL_SURFACE ( 'NONE', #3245, 6.249999999999977796 ) ;
#985 = ORIENTED_EDGE ( 'NONE', *, *, #590, .T. ) ;
#986 = LINE ( 'NONE', #693, #773 ) ;
#987 = ORIENTED_EDGE ( 'NONE', *, *, #3290, .T. ) ;
#988 = CARTESIAN_POINT ( 'NONE',  ( 3.968545276236235875, -115.9542181297286163, 5.599999999999999645 ) ) ;
#989 = DIRECTION ( 'NONE',  ( -1.000000000000000000, -0.000000000000000000, -0.000000000000000000 ) ) ;
#990 = ORIENTED_EDGE ( 'NONE', *, *, #3705, .T. ) ;
#991 = CARTESIAN_POINT ( 'NONE',  ( 406.3358739997660791, -118.2293669483496217, 5.599999999999999645 ) ) ;
#992 = CARTESIAN_POINT ( 'NONE',  ( 406.8050947154879395, -125.4243761805029180, 12.24999999999999822 ) ) ;
#993 = ORIENTED_EDGE ( 'NONE', *, *, #2664, .F. ) ;
#994 = LINE ( 'NONE', #154, #1988 ) ;
#995 = ORIENTED_EDGE ( 'NONE', *, *, #629, .F. ) ;
#996 = CARTESIAN_POINT ( 'NONE',  ( 2.412545276236220726, -4.000000000000000000, 5.599999999999999645 ) ) ;
#997 = ADVANCED_FACE ( 'NONE', ( #393 ), #2394, .T. ) ;
#998 = ADVANCED_FACE ( 'NONE', ( #959 ), #1262, .T. ) ;
#999 = LINE ( 'NONE', #3272, #1387 ) ;
#1000 = ORIENTED_EDGE ( 'NONE', *, *, #3514, .T. ) ;
#1001 = CARTESIAN_POINT ( 'NONE',  ( 2.412545276236220726, -109.7462503463070504, 0.000000000000000000 ) ) ;
#1002 = VERTEX_POINT ( 'NONE', #2447 ) ;
#1003 = CARTESIAN_POINT ( 'NONE',  ( 30.24530101018599382, 19.46271067262288312, 4.000000000000000000 ) ) ;
#1004 = DIRECTION ( 'NONE',  ( 1.000000000000000000, 0.000000000000000000, 0.000000000000000000 ) ) ;
#1005 = ORIENTED_EDGE ( 'NONE', *, *, #2624, .T. ) ;
#1006 = LINE ( 'NONE', #3315, #1198 ) ;
#1007 = DIRECTION ( 'NONE',  ( -1.000000000000000000, 0.000000000000000000, -0.000000000000000000 ) ) ;
#1008 = EDGE_CURVE ( 'NONE', #1820, #2790, #3584, .T. ) ;
#1009 = PERSON_AND_ORGANIZATION_ROLE ( 'classification_officer' ) ;
#1010 = CARTESIAN_POINT ( 'NONE',  ( 388.4451796847593528, -109.6099815356934499, -0.2999999999999999334 ) ) ;
#1011 = EDGE_CURVE ( 'NONE', #735, #1113, #1642, .T. ) ;
#1012 = LINE ( 'NONE', #3579, #413 ) ;
#1013 = CARTESIAN_POINT ( 'NONE',  ( 48.40154527623622016, -11.20000000000009344, 5.599999999999999645 ) ) ;
#1014 = VECTOR ( 'NONE', #3633, 1000.000000000000000 ) ;
#1015 = ORIENTED_EDGE ( 'NONE', *, *, #152, .T. ) ;
#1016 = EDGE_CURVE ( 'NONE', #3309, #2934, #1315, .T. ) ;
#1017 = CIRCLE ( 'NONE', #1431, 5.400000000000016342 ) ;
#1018 = DIRECTION ( 'NONE',  ( -1.000000000000000000, 0.000000000000000000, 0.000000000000000000 ) ) ;
#1019 = VERTEX_POINT ( 'NONE', #1953 ) ;
#1020 = ORIENTED_EDGE ( 'NONE', *, *, #873, .F. ) ;
#1021 = ADVANCED_FACE ( 'NONE', ( #2252 ), #2201, .T. ) ;
#1022 = VECTOR ( 'NONE', #1177, 1000.000000000000000 ) ;
#1023 = DIRECTION ( 'NONE',  ( 1.000000000000000000, 0.000000000000000000, 0.000000000000000000 ) ) ;
#1024 = EDGE_LOOP ( 'NONE', ( #493, #619, #3622, #771 ) ) ;
#1025 = LINE ( 'NONE', #2994, #2404 ) ;
#1026 = VECTOR ( 'NONE', #1588, 1000.000000000000000 ) ;
#1027 = PLANE ( 'NONE',  #1388 ) ;
#1028 = APPROVAL_DATE_TIME ( #1592, #2266 ) ;
#1029 = AXIS2_PLACEMENT_3D ( 'NONE', #1813, #1284, #2954 ) ;
#1030 = ORIENTED_EDGE ( 'NONE', *, *, #1646, .F. ) ;
#1031 = DIRECTION ( 'NONE',  ( 1.000000000000000000, 0.000000000000000000, 0.000000000000000000 ) ) ;
#1032 = AXIS2_PLACEMENT_3D ( 'NONE', #3120, #1628, #2226 ) ;
#1033 = CARTESIAN_POINT ( 'NONE',  ( 0.000000000000000000, 0.000000000000000000, 10.75000000000000000 ) ) ;
#1034 = DIRECTION ( 'NONE',  ( 0.7070874383579364153, 0.7071261234860521938, -0.000000000000000000 ) ) ;
#1035 = LINE ( 'NONE', #1597, #789 ) ;
#1036 = VECTOR ( 'NONE', #848, 1000.000000000000000 ) ;
#1037 = ORIENTED_EDGE ( 'NONE', *, *, #103, .F. ) ;
#1038 = VECTOR ( 'NONE', #3129, 1000.000000000000000 ) ;
#1039 = CARTESIAN_POINT ( 'NONE',  ( 412.6927152147791844, -4.000000000000000000, 5.599999999999999645 ) ) ;
#1040 = AXIS2_PLACEMENT_3D ( 'NONE', #252, #834, #3430 ) ;
#1041 = ORIENTED_EDGE ( 'NONE', *, *, #2254, .T. ) ;
#1042 = ORIENTED_EDGE ( 'NONE', *, *, #3690, .T. ) ;
#1043 = APPROVAL_PERSON_ORGANIZATION ( #2757, #3598, #1256 ) ;
#1044 = LINE ( 'NONE', #2504, #430 ) ;
#1045 = DIRECTION ( 'NONE',  ( 1.000000000000000000, 0.000000000000000000, 0.000000000000000000 ) ) ;
#1046 = ORIENTED_EDGE ( 'NONE', *, *, #2078, .F. ) ;
#1047 = EDGE_CURVE ( 'NONE', #1226, #2101, #2184, .T. ) ;
#1048 = ADVANCED_FACE ( 'NONE', ( #3079 ), #3640, .F. ) ;
#1049 = CARTESIAN_POINT ( 'NONE',  ( 10.68042987029309820, -127.8049907678467321, 12.24999999999999822 ) ) ;
#1050 = ORIENTED_EDGE ( 'NONE', *, *, #2071, .F. ) ;
#1051 = CARTESIAN_POINT ( 'NONE',  ( 405.2447747648839140, -118.2293669483496217, 0.000000000000000000 ) ) ;
#1052 = CARTESIAN_POINT ( 'NONE',  ( 418.8927152147792299, 2.200000000000000178, 10.75000000000000000 ) ) ;
#1053 = FACE_OUTER_BOUND ( 'NONE', #3072, .T. ) ;
#1054 = DIRECTION ( 'NONE',  ( -0.000000000000000000, -0.000000000000000000, -1.000000000000000000 ) ) ;
#1055 = ORIENTED_EDGE ( 'NONE', *, *, #2537, .F. ) ;
#1056 = CARTESIAN_POINT ( 'NONE',  ( -6.587454723763779718, -18.45980132780353955, 1.199999999999968425 ) ) ;
#1057 = VERTEX_POINT ( 'NONE', #1073 ) ;
#1058 = EDGE_LOOP ( 'NONE', ( #3214, #922, #739, #242 ) ) ;
#1059 = DIRECTION ( 'NONE',  ( 0.000000000000000000, 0.000000000000000000, 1.000000000000000000 ) ) ;
#1060 = CARTESIAN_POINT ( 'NONE',  ( 232.5722410603347043, -127.8049907678467321, 62.15991928837468095 ) ) ;
#1061 = EDGE_LOOP ( 'NONE', ( #2242, #2274, #1649, #160 ) ) ;
#1062 = CARTESIAN_POINT ( 'NONE',  ( 10.20009800898741759, -126.8099815356934243, 5.599999999999999645 ) ) ;
#1063 = ORIENTED_EDGE ( 'NONE', *, *, #2695, .T. ) ;
#1064 = ADVANCED_FACE ( 'NONE', ( #3361 ), #751, .F. ) ;
#1065 = PLANE ( 'NONE',  #1032 ) ;
#1066 = DIRECTION ( 'NONE',  ( 1.000000000000000000, -2.168404344971040817E-15, 0.000000000000000000 ) ) ;
#1067 = CARTESIAN_POINT ( 'NONE',  ( 132.6322410603347350, -127.8049907678467321, 12.24999999999999822 ) ) ;
#1068 = CARTESIAN_POINT ( 'NONE',  ( 418.8927152147792299, 2.200000000000000178, 10.75000000000000000 ) ) ;
#1069 = DIRECTION ( 'NONE',  ( -0.000000000000000000, -1.000000000000000000, -0.000000000000000000 ) ) ;
#1070 = EDGE_CURVE ( 'NONE', #449, #692, #3094, .T. ) ;
#1071 = ORIENTED_EDGE ( 'NONE', *, *, #2265, .F. ) ;
#1072 = AXIS2_PLACEMENT_3D ( 'NONE', #3337, #1524, #2673 ) ;
#1073 = CARTESIAN_POINT ( 'NONE',  ( 9.040344901021665436, -129.6099815356934357, 12.24999999999999822 ) ) ;
#1074 = ORIENTED_EDGE ( 'NONE', *, *, #3564, .T. ) ;
#1075 = AXIS2_PLACEMENT_3D ( 'NONE', #3684, #1663, #1116 ) ;
#1076 = DIRECTION ( 'NONE',  ( 0.000000000000000000, 0.000000000000000000, 1.000000000000000000 ) ) ;
#1077 = VECTOR ( 'NONE', #793, 1000.000000000000000 ) ;
#1078 = EDGE_LOOP ( 'NONE', ( #378, #673, #3701, #829 ) ) ;
#1079 = CARTESIAN_POINT ( 'NONE',  ( 232.5722410603346475, -126.8099815356934243, 10.75000000000000000 ) ) ;
#1080 = ORIENTED_EDGE ( 'NONE', *, *, #443, .T. ) ;
#1081 = AXIS2_PLACEMENT_3D ( 'NONE', #2052, #1234, #2313 ) ;
#1082 = LINE ( 'NONE', #508, #7 ) ;
#1083 = EDGE_LOOP ( 'NONE', ( #2317, #2936, #963, #2922 ) ) ;
#1084 = CARTESIAN_POINT ( 'NONE',  ( 402.3366888931536778, -120.6099815356934357, 5.599999999999999645 ) ) ;
#1085 = AXIS2_PLACEMENT_3D ( 'NONE', #1107, #1418, #1980 ) ;
#1086 = VECTOR ( 'NONE', #3574, 1000.000000000000000 ) ;
#1087 = DIRECTION ( 'NONE',  ( -0.000000000000000000, -0.000000000000000000, -1.000000000000000000 ) ) ;
#1088 = DIRECTION ( 'NONE',  ( -0.000000000000000000, -0.000000000000000000, 1.000000000000000000 ) ) ;
#1089 = DIRECTION ( 'NONE',  ( 0.000000000000000000, -0.000000000000000000, 1.000000000000000000 ) ) ;
#1090 = VERTEX_POINT ( 'NONE', #1937 ) ;
#1091 = AXIS2_PLACEMENT_3D ( 'NONE', #1846, #119, #3511 ) ;
#1092 = ADVANCED_FACE ( 'NONE', ( #2749 ), #1901, .F. ) ;
#1093 = AXIS2_PLACEMENT_3D ( 'NONE', #150, #3017, #2122 ) ;
#1094 = DIRECTION ( 'NONE',  ( 0.000000000000000000, 0.000000000000000000, -1.000000000000000000 ) ) ;
#1095 = ORIENTED_EDGE ( 'NONE', *, *, #2382, .T. ) ;
#1096 = AXIS2_PLACEMENT_3D ( 'NONE', #1244, #2020, #116 ) ;
#1097 = AXIS2_PLACEMENT_3D ( 'NONE', #479, #3302, #2982 ) ;
#1098 = DIRECTION ( 'NONE',  ( 0.7071703182436933632, 0.7070432384197683495, 0.000000000000000000 ) ) ;
#1099 = VERTEX_POINT ( 'NONE', #1056 ) ;
#1100 = CARTESIAN_POINT ( 'NONE',  ( 405.9692218419169194, -118.2293669483496359, 0.6698880421102272331 ) ) ;
#1101 = ORIENTED_EDGE ( 'NONE', *, *, #1347, .T. ) ;
#1102 = CC_DESIGN_APPROVAL ( #3598, ( #983 ) ) ;
#1103 = CARTESIAN_POINT ( 'NONE',  ( 232.5722410603346475, -126.8099815356934243, 10.75000000000000000 ) ) ;
#1104 = ORIENTED_EDGE ( 'NONE', *, *, #3029, .F. ) ;
#1105 = DIRECTION ( 'NONE',  ( -0.000000000000000000, -0.000000000000000000, -1.000000000000000000 ) ) ;
#1106 = LINE ( 'NONE', #2247, #3555 ) ;
#1107 = CARTESIAN_POINT ( 'NONE',  ( 6.659451242230931989, -127.2292181297286220, -450.7362439051084380 ) ) ;
#1108 = CARTESIAN_POINT ( 'NONE',  ( 406.8050947154879395, -125.4243761805029180, 12.24999999999999822 ) ) ;
#1109 = EDGE_LOOP ( 'NONE', ( #2632, #555, #1608, #1000 ) ) ;
#1110 = EDGE_CURVE ( 'NONE', #1835, #480, #500, .T. ) ;
#1111 = EDGE_CURVE ( 'NONE', #1816, #818, #2519, .T. ) ;
#1112 = CARTESIAN_POINT ( 'NONE',  ( 232.5722410603346475, -126.8099815356934243, 62.15991928837468095 ) ) ;
#1113 = VERTEX_POINT ( 'NONE', #3342 ) ;
#1114 = DIRECTION ( 'NONE',  ( 0.000000000000000000, 0.000000000000000000, 1.000000000000000000 ) ) ;
#1115 = ORIENTED_EDGE ( 'NONE', *, *, #3583, .T. ) ;
#1116 = DIRECTION ( 'NONE',  ( 0.000000000000000000, -0.000000000000000000, 1.000000000000000000 ) ) ;
#1117 = ORIENTED_EDGE ( 'NONE', *, *, #1230, .T. ) ;
#1118 = DIRECTION ( 'NONE',  ( 0.000000000000000000, 0.000000000000000000, 1.000000000000000000 ) ) ;
#1119 = ORIENTED_EDGE ( 'NONE', *, *, #2854, .F. ) ;
#1120 = CARTESIAN_POINT ( 'NONE',  ( 407.9427152147791276, -15.00000000000000178, -1.800000000000000044 ) ) ;
#1121 = CARTESIAN_POINT ( 'NONE',  ( -4.947369754492285665, -120.1146118877603612, 10.75000000000000000 ) ) ;
#1122 = CARTESIAN_POINT ( 'NONE',  ( 232.5726302455077246, 2.200000000000000178, 12.24999999999999645 ) ) ;
#1123 = DIRECTION ( 'NONE',  ( 0.7071261234860530820, -0.7070874383579356381, 0.000000000000000000 ) ) ;
#1124 = ORIENTED_EDGE ( 'NONE', *, *, #3583, .F. ) ;
#1125 = ADVANCED_FACE ( 'NONE', ( #820 ), #3480, .T. ) ;
#1126 = CARTESIAN_POINT ( 'NONE',  ( 41.04957056584643738, -4.500000000000046185, 0.000000000000000000 ) ) ;
#1127 = ORIENTED_EDGE ( 'NONE', *, *, #443, .F. ) ;
#1128 = EDGE_CURVE ( 'NONE', #2934, #1547, #514, .T. ) ;
#1129 = LINE ( 'NONE', #1210, #2525 ) ;
#1130 = ORIENTED_EDGE ( 'NONE', *, *, #145, .T. ) ;
#1131 = DIRECTION ( 'NONE',  ( -0.000000000000000000, -0.000000000000000000, -1.000000000000000000 ) ) ;
#1132 = CIRCLE ( 'NONE', #3229, 6.249999999999977796 ) ;
#1133 = VERTEX_POINT ( 'NONE', #2216 ) ;
#1134 = ADVANCED_FACE ( 'NONE', ( #785 ), #1673, .F. ) ;
#1135 = ADVANCED_FACE ( 'NONE', ( #1389 ), #1337, .T. ) ;
#1136 = DIRECTION ( 'NONE',  ( 1.000000000000000000, 0.000000000000000000, 0.000000000000000000 ) ) ;
#1137 = ORIENTED_EDGE ( 'NONE', *, *, #1784, .T. ) ;
#1138 = LINE ( 'NONE', #2512, #1672 ) ;
#1139 = CARTESIAN_POINT ( 'NONE',  ( 388.4451796847593528, -109.6099815356934499, -0.2999999999999999334 ) ) ;
#1140 = FACE_BOUND ( 'NONE', #2131, .T. ) ;
#1141 = CARTESIAN_POINT ( 'NONE',  ( 334.1477152147792253, -53.97200000000000841, 5.599999999999999645 ) ) ;
#1142 = AXIS2_PLACEMENT_3D ( 'NONE', #2000, #2868, #1181 ) ;
#1143 = ORIENTED_EDGE ( 'NONE', *, *, #737, .T. ) ;
#1144 = VECTOR ( 'NONE', #415, 1000.000000000000000 ) ;
#1145 = DIRECTION ( 'NONE',  ( -0.000000000000000000, -0.000000000000000000, -1.000000000000000000 ) ) ;
#1146 = CARTESIAN_POINT ( 'NONE',  ( 420.0526302455077143, 3.195009232153282142, 12.24999999999999822 ) ) ;
#1147 = ORIENTED_EDGE ( 'NONE', *, *, #1916, .F. ) ;
#1148 = AXIS2_PLACEMENT_3D ( 'NONE', #2725, #2387, #3540 ) ;
#1149 = VECTOR ( 'NONE', #2913, 1000.000000000000000 ) ;
#1150 = EDGE_CURVE ( 'NONE', #238, #1133, #3680, .T. ) ;
#1151 = LINE ( 'NONE', #1989, #3179 ) ;
#1152 = VECTOR ( 'NONE', #1827, 1000.000000000000000 ) ;
#1153 = VERTEX_POINT ( 'NONE', #1694 ) ;
#1154 = LINE ( 'NONE', #1754, #1675 ) ;
#1155 = EDGE_LOOP ( 'NONE', ( #611, #3283, #3506, #3512 ) ) ;
#1156 = VECTOR ( 'NONE', #3657, 1000.000000000000000 ) ;
#1157 = AXIS2_PLACEMENT_3D ( 'NONE', #1898, #978, #2964 ) ;
#1158 = DIRECTION ( 'NONE',  ( 1.000000000000000000, 0.000000000000000000, 0.000000000000000000 ) ) ;
#1159 = ADVANCED_FACE ( 'NONE', ( #533 ), #1407, .F. ) ;
#1160 = CARTESIAN_POINT ( 'NONE',  ( -6.587454723763779718, -121.9196026556070791, 12.24999999999999822 ) ) ;
#1161 = ORIENTED_EDGE ( 'NONE', *, *, #1915, .F. ) ;
#1162 = DIRECTION ( 'NONE',  ( -0.000000000000000000, -0.000000000000000000, -1.000000000000000000 ) ) ;
#1163 = ADVANCED_FACE ( 'NONE', ( #2288 ), #55, .T. ) ;
#1164 = CYLINDRICAL_SURFACE ( 'NONE', #3604, 2.000000000000001776 ) ;
#1165 = CARTESIAN_POINT ( 'NONE',  ( 407.2855290942945317, -124.4293669483496245, 10.75000000000000000 ) ) ;
#1166 = CARTESIAN_POINT ( 'NONE',  ( 5.968545276236236319, -115.9542181297286163, -0.1499999999999999667 ) ) ;
#1167 = VERTEX_POINT ( 'NONE', #896 ) ;
#1168 = CARTESIAN_POINT ( 'NONE',  ( -3.787454723763779452, 2.200000000000000178, 10.75000000000000000 ) ) ;
#1169 = CARTESIAN_POINT ( 'NONE',  ( 24.40154527623621306, -11.20000000000009344, 4.000000000000000000 ) ) ;
#1170 = CARTESIAN_POINT ( 'NONE',  ( -0.8874547237637790964, -98.45980132780354666, 3.199999999999969980 ) ) ;
#1171 = ORIENTED_EDGE ( 'NONE', *, *, #1230, .F. ) ;
#1172 = DIRECTION ( 'NONE',  ( 0.000000000000000000, 0.000000000000000000, -1.000000000000000000 ) ) ;
#1173 = EDGE_LOOP ( 'NONE', ( #2397, #2674, #3348, #1124 ) ) ;
#1174 = DIRECTION ( 'NONE',  ( -0.000000000000000000, -0.000000000000000000, -1.000000000000000000 ) ) ;
#1175 = VERTEX_POINT ( 'NONE', #290 ) ;
#1176 = CYLINDRICAL_SURFACE ( 'NONE', #1575, 2.000000000000001332 ) ;
#1177 = DIRECTION ( 'NONE',  ( -0.000000000000000000, -0.000000000000000000, -1.000000000000000000 ) ) ;
#1178 = VERTEX_POINT ( 'NONE', #1728 ) ;
#1179 = EDGE_CURVE ( 'NONE', #1538, #1753, #2308, .T. ) ;
#1180 = DIRECTION ( 'NONE',  ( 1.000000000000000000, -3.496985714454837195E-15, 0.000000000000000000 ) ) ;
#1181 = DIRECTION ( 'NONE',  ( -1.000000000000000000, 0.000000000000000000, 0.000000000000000000 ) ) ;
#1182 = ORIENTED_EDGE ( 'NONE', *, *, #2267, .F. ) ;
#1183 = PRODUCT_DEFINITION_SHAPE ( 'NONE', 'NONE',  #701 ) ;
#1184 = ADVANCED_FACE ( 'NONE', ( #858 ), #2350, .T. ) ;
#1185 = LINE ( 'NONE', #2871, #435 ) ;
#1186 = LINE ( 'NONE', #1481, #2116 ) ;
#1187 = DIRECTION ( 'NONE',  ( -0.000000000000000000, -0.000000000000000000, 1.000000000000000000 ) ) ;
#1188 = ORIENTED_EDGE ( 'NONE', *, *, #523, .T. ) ;
#1189 = FACE_OUTER_BOUND ( 'NONE', #1024, .T. ) ;
#1190 = ORIENTED_EDGE ( 'NONE', *, *, #743, .F. ) ;
#1191 = CARTESIAN_POINT ( 'NONE',  ( 334.1477152147792253, -53.97200000000000841, 5.599999999999999645 ) ) ;
#1192 = ORIENTED_EDGE ( 'NONE', *, *, #2021, .T. ) ;
#1193 = DIRECTION ( 'NONE',  ( -0.000000000000000000, -0.000000000000000000, -1.000000000000000000 ) ) ;
#1194 = CARTESIAN_POINT ( 'NONE',  ( -4.947369754492285665, -120.1146118877603612, 12.24999999999999822 ) ) ;
#1195 = ORIENTED_EDGE ( 'NONE', *, *, #3271, .T. ) ;
#1196 = DIRECTION ( 'NONE',  ( -0.000000000000000000, -0.000000000000000000, -1.000000000000000000 ) ) ;
#1197 = EDGE_CURVE ( 'NONE', #2419, #1729, #3694, .T. ) ;
#1198 = VECTOR ( 'NONE', #2454, 1000.000000000000000 ) ;
#1199 = CARTESIAN_POINT ( 'NONE',  ( 42.55778954228642874, 2.200000000000000622, 4.000000000000000000 ) ) ;
#1200 = CARTESIAN_POINT ( 'NONE',  ( 282.4726302455077303, 2.200000000000000178, 10.75000000000000000 ) ) ;
#1201 = AXIS2_PLACEMENT_3D ( 'NONE', #1191, #338, #321 ) ;
#1202 = ORIENTED_EDGE ( 'NONE', *, *, #487, .F. ) ;
#1203 = VECTOR ( 'NONE', #2320, 1000.000000000000000 ) ;
#1204 = CARTESIAN_POINT ( 'NONE',  ( 1.968545276236234765, -115.9542181297286163, -0.1499999999999999667 ) ) ;
#1205 = CARTESIAN_POINT ( 'NONE',  ( 420.0526302455077143, 3.195009232153282142, 12.24999999999999822 ) ) ;
#1206 = CARTESIAN_POINT ( 'NONE',  ( 7.697018354324194789, -124.8217424669712159, 12.24999999999999822 ) ) ;
#1207 = VERTEX_POINT ( 'NONE', #2873 ) ;
#1208 = EDGE_CURVE ( 'NONE', #396, #2502, #3449, .T. ) ;
#1209 = VECTOR ( 'NONE', #221, 1000.000000000000000 ) ;
#1210 = CARTESIAN_POINT ( 'NONE',  ( 6.659451242230931989, -127.2292181297286220, -450.7362439051084380 ) ) ;
#1211 = ORIENTED_EDGE ( 'NONE', *, *, #1615, .T. ) ;
#1212 = CARTESIAN_POINT ( 'NONE',  ( -3.787454723763779452, 2.200000000000000178, 10.75000000000000000 ) ) ;
#1213 = VERTEX_POINT ( 'NONE', #1126 ) ;
#1214 = VECTOR ( 'NONE', #3188, 1000.000000000000000 ) ;
#1215 = DIRECTION ( 'NONE',  ( 0.000000000000000000, 0.000000000000000000, -1.000000000000000000 ) ) ;
#1216 = VECTOR ( 'NONE', #48, 1000.000000000000000 ) ;
#1217 = DIRECTION ( 'NONE',  ( 1.000000000000000000, 0.000000000000000000, 0.000000000000000000 ) ) ;
#1218 = ORIENTED_EDGE ( 'NONE', *, *, #949, .T. ) ;
#1219 = VECTOR ( 'NONE', #1550, 1000.000000000000000 ) ;
#1220 = DIRECTION ( 'NONE',  ( 0.7071703182437242274, 0.7070432384197375963, 0.000000000000000000 ) ) ;
#1221 = CARTESIAN_POINT ( 'NONE',  ( 0.000000000000000000, 0.000000000000000000, 10.75000000000000000 ) ) ;
#1222 = AXIS2_PLACEMENT_3D ( 'NONE', #2783, #2158, #2181 ) ;
#1223 = CIRCLE ( 'NONE', #2121, 2.000000000000001776 ) ;
#1224 = ORIENTED_EDGE ( 'NONE', *, *, #30, .F. ) ;
#1225 = FACE_OUTER_BOUND ( 'NONE', #3450, .T. ) ;
#1226 = VERTEX_POINT ( 'NONE', #1422 ) ;
#1227 = FACE_OUTER_BOUND ( 'NONE', #470, .T. ) ;
#1228 = CARTESIAN_POINT ( 'NONE',  ( 336.1477152147792253, -53.97200000000000841, -0.1499999999999999667 ) ) ;
#1229 = VERTEX_POINT ( 'NONE', #20 ) ;
#1230 = EDGE_CURVE ( 'NONE', #735, #1959, #3423, .T. ) ;
#1231 = EDGE_CURVE ( 'NONE', #1538, #1954, #2022, .T. ) ;
#1232 = FACE_OUTER_BOUND ( 'NONE', #1508, .T. ) ;
#1233 = ORIENTED_EDGE ( 'NONE', *, *, #2558, .F. ) ;
#1234 = DIRECTION ( 'NONE',  ( 0.000000000000000000, 0.000000000000000000, 1.000000000000000000 ) ) ;
#1235 = ORIENTED_EDGE ( 'NONE', *, *, #2254, .F. ) ;
#1236 = CARTESIAN_POINT ( 'NONE',  ( 420.0526302455077143, -120.1147949636142584, 12.24999999999999822 ) ) ;
#1237 = FACE_OUTER_BOUND ( 'NONE', #412, .T. ) ;
#1238 = ORIENTED_EDGE ( 'NONE', *, *, #526, .F. ) ;
#1239 = PLANE ( 'NONE',  #2153 ) ;
#1240 = CARTESIAN_POINT ( 'NONE',  ( 404.9044866291829408, -126.8099815356934243, 5.599999999999999645 ) ) ;
#1241 = DIRECTION ( 'NONE',  ( -0.000000000000000000, -0.000000000000000000, 1.000000000000000000 ) ) ;
#1242 = DIRECTION ( 'NONE',  ( 0.000000000000000000, 0.000000000000000000, 1.000000000000000000 ) ) ;
#1243 = EDGE_LOOP ( 'NONE', ( #2817, #2045, #1853, #3436 ) ) ;
#1244 = CARTESIAN_POINT ( 'NONE',  ( 2.412545276236220726, -4.000000000000000000, 5.599999999999999645 ) ) ;
#1245 = CARTESIAN_POINT ( 'NONE',  ( -0.2399816456752842941, -124.8217424669712159, 12.24999999999999822 ) ) ;
#1246 = ORIENTED_EDGE ( 'NONE', *, *, #2493, .T. ) ;
#1247 = FACE_OUTER_BOUND ( 'NONE', #3496, .T. ) ;
#1248 = ORIENTED_EDGE ( 'NONE', *, *, #942, .T. ) ;
#1249 = CARTESIAN_POINT ( 'NONE',  ( 332.1477152147792253, -53.97200000000000841, -0.1499999999999999667 ) ) ;
#1250 = ORIENTED_EDGE ( 'NONE', *, *, #1795, .T. ) ;
#1251 = LINE ( 'NONE', #2721, #3717 ) ;
#1252 = ORIENTED_EDGE ( 'NONE', *, *, #1645, .T. ) ;
#1253 = ADVANCED_FACE ( 'NONE', ( #587 ), #837, .F. ) ;
#1254 = EDGE_CURVE ( 'NONE', #1560, #2880, #317, .T. ) ;
#1255 = DIRECTION ( 'NONE',  ( -0.000000000000000000, -1.000000000000000000, -0.000000000000000000 ) ) ;
#1256 = APPROVAL_ROLE ( '' ) ;
#1257 = VERTEX_POINT ( 'NONE', #1482 ) ;
#1258 = DIRECTION ( 'NONE',  ( 0.000000000000000000, 0.000000000000000000, 1.000000000000000000 ) ) ;
#1259 = ORIENTED_EDGE ( 'NONE', *, *, #2716, .T. ) ;
#1260 = CARTESIAN_POINT ( 'NONE',  ( -0.1177956498029014282, -124.4292181297286106, 10.75000000000000000 ) ) ;
#1261 = LINE ( 'NONE', #2758, #3528 ) ;
#1262 = PLANE ( 'NONE',  #1629 ) ;
#1263 = EDGE_LOOP ( 'NONE', ( #1712, #2487, #3414, #2433 ) ) ;
#1264 = CARTESIAN_POINT ( 'NONE',  ( 182.5326302455077041, 2.200000000000000178, 62.15991928837468095 ) ) ;
#1265 = ORIENTED_EDGE ( 'NONE', *, *, #3358, .F. ) ;
#1266 = VECTOR ( 'NONE', #2472, 999.9999999999998863 ) ;
#1267 = DIRECTION ( 'NONE',  ( -0.000000000000000000, 0.000000000000000000, -1.000000000000000000 ) ) ;
#1268 = ORIENTED_EDGE ( 'NONE', *, *, #2273, .T. ) ;
#1269 = AXIS2_PLACEMENT_3D ( 'NONE', #2599, #592, #1172 ) ;
#1270 = AXIS2_PLACEMENT_3D ( 'NONE', #910, #602, #639 ) ;
#1271 = ADVANCED_FACE ( 'NONE', ( #256 ), #1985, .T. ) ;
#1272 = AXIS2_PLACEMENT_3D ( 'NONE', #1711, #1464, #3133 ) ;
#1273 = CARTESIAN_POINT ( 'NONE',  ( 27.09154527623621078, -69.05098153569343822, 0.000000000000000000 ) ) ;
#1274 = ADVANCED_FACE ( 'NONE', ( #3714 ), #554, .F. ) ;
#1275 = COORDINATED_UNIVERSAL_TIME_OFFSET ( 1, 0, .AHEAD. ) ;
#1276 = VECTOR ( 'NONE', #875, 1000.000000000000000 ) ;
#1277 = ORIENTED_EDGE ( 'NONE', *, *, #1970, .T. ) ;
#1278 = EDGE_CURVE ( 'NONE', #383, #2343, #1770, .T. ) ;
#1279 = CARTESIAN_POINT ( 'NONE',  ( 33.49154527623622357, -69.05098153569343822, 0.000000000000000000 ) ) ;
#1280 = VECTOR ( 'NONE', #1671, 1000.000000000000000 ) ;
#1281 = AXIS2_PLACEMENT_3D ( 'NONE', #2892, #1768, #3505 ) ;
#1282 = DIRECTION ( 'NONE',  ( 1.000000000000000000, 0.000000000000000000, 0.000000000000000000 ) ) ;
#1283 = PLANE ( 'NONE',  #3256 ) ;
#1284 = DIRECTION ( 'NONE',  ( -0.7070432384197375963, 0.7071703182437242274, 0.000000000000000000 ) ) ;
#1285 = ORIENTED_EDGE ( 'NONE', *, *, #1128, .T. ) ;
#1286 = CARTESIAN_POINT ( 'NONE',  ( 2.412545276236220726, -110.7832545831543456, 0.9999999999999931166 ) ) ;
#1287 = ORIENTED_EDGE ( 'NONE', *, *, #799, .F. ) ;
#1288 = CARTESIAN_POINT ( 'NONE',  ( 182.5326302455077041, 3.195009232153282142, 10.75000000000000000 ) ) ;
#1289 = CARTESIAN_POINT ( 'NONE',  ( 232.5726302455077246, 2.200000000000000178, 10.75000000000000000 ) ) ;
#1290 = VERTEX_POINT ( 'NONE', #334 ) ;
#1291 = EDGE_CURVE ( 'NONE', #2930, #1729, #2629, .T. ) ;
#1292 = DIRECTION ( 'NONE',  ( 0.000000000000000000, 0.000000000000000000, -1.000000000000000000 ) ) ;
#1293 = PERSON_AND_ORGANIZATION ( #784, #1938 ) ;
#1294 = ADVANCED_FACE ( 'NONE', ( #627 ), #2691, .T. ) ;
#1295 = DIRECTION ( 'NONE',  ( 0.000000000000000000, -0.000000000000000000, -1.000000000000000000 ) ) ;
#1296 = CARTESIAN_POINT ( 'NONE',  ( 35.49154527623623068, -69.05098153569343822, -0.1499999999999999667 ) ) ;
#1297 = DIRECTION ( 'NONE',  ( -1.000000000000000000, -0.000000000000000000, -0.000000000000000000 ) ) ;
#1298 = DIRECTION ( 'NONE',  ( -0.7071703182436934743, -0.7070432384197682385, 0.000000000000000000 ) ) ;
#1299 = EDGE_LOOP ( 'NONE', ( #2849, #1020, #1888, #744 ) ) ;
#1300 = CARTESIAN_POINT ( 'NONE',  ( 412.6927152147791844, -110.6904388316765733, 5.599999999999999645 ) ) ;
#1301 = EDGE_LOOP ( 'NONE', ( #765, #89 ) ) ;
#1302 = DIRECTION ( 'NONE',  ( 1.000000000000000000, 6.083699565048922206E-17, 0.000000000000000000 ) ) ;
#1303 = ORIENTED_EDGE ( 'NONE', *, *, #2988, .T. ) ;
#1304 = DIRECTION ( 'NONE',  ( -1.000000000000000000, 0.000000000000000000, 0.000000000000000000 ) ) ;
#1305 = CALENDAR_DATE ( 2025, 8, 11 ) ;
#1306 = ADVANCED_FACE ( 'NONE', ( #2066 ), #1789, .T. ) ;
#1307 = FACE_OUTER_BOUND ( 'NONE', #2999, .T. ) ;
#1308 = CARTESIAN_POINT ( 'NONE',  ( 31.49154527623622357, -69.05098153569343822, 5.599999999999999645 ) ) ;
#1309 = LINE ( 'NONE', #1581, #1987 ) ;
#1310 = CIRCLE ( 'NONE', #466, 5.400000000000002132 ) ;
#1311 = VERTEX_POINT ( 'NONE', #352 ) ;
#1312 = AXIS2_PLACEMENT_3D ( 'NONE', #3219, #3501, #1515 ) ;
#1313 = EDGE_CURVE ( 'NONE', #802, #3685, #1609, .T. ) ;
#1314 = EDGE_CURVE ( 'NONE', #1468, #2914, #3508, .T. ) ;
#1315 = LINE ( 'NONE', #3396, #1209 ) ;
#1316 = VERTEX_POINT ( 'NONE', #2779 ) ;
#1317 = VECTOR ( 'NONE', #632, 1000.000000000000000 ) ;
#1318 = ORIENTED_EDGE ( 'NONE', *, *, #2352, .F. ) ;
#1319 = CARTESIAN_POINT ( 'NONE',  ( 3.968545276236235875, -115.9542181297286163, -0.1499999999999999667 ) ) ;
#1320 = CARTESIAN_POINT ( 'NONE',  ( 402.3366888931536778, -120.6099815356934357, 5.599999999999999645 ) ) ;
#1321 = ORIENTED_EDGE ( 'NONE', *, *, #537, .T. ) ;
#1322 = CARTESIAN_POINT ( 'NONE',  ( 7.697018354324194789, -124.8217424669712159, 10.75000000000000000 ) ) ;
#1323 = EDGE_CURVE ( 'NONE', #1967, #501, #956, .T. ) ;
#1324 = VECTOR ( 'NONE', #3682, 1000.000000000000000 ) ;
#1325 = CARTESIAN_POINT ( 'NONE',  ( 20.40945124223093288, -109.6099815356934499, -1.800000000000000044 ) ) ;
#1326 = APPROVAL_DATE_TIME ( #3577, #3598 ) ;
#1327 = LINE ( 'NONE', #97, #3291 ) ;
#1328 = VECTOR ( 'NONE', #2848, 1000.000000000000000 ) ;
#1329 = VECTOR ( 'NONE', #3384, 1000.000000000000000 ) ;
#1330 = CARTESIAN_POINT ( 'NONE',  ( 420.0526302455077143, 3.195009232153282142, 12.24999999999999822 ) ) ;
#1331 = EDGE_CURVE ( 'NONE', #2689, #3644, #282, .T. ) ;
#1332 = FACE_OUTER_BOUND ( 'NONE', #901, .T. ) ;
#1333 = DIRECTION ( 'NONE',  ( -0.000000000000000000, -0.000000000000000000, -1.000000000000000000 ) ) ;
#1334 = CIRCLE ( 'NONE', #3012, 2.000000000000001776 ) ;
#1335 = ORIENTED_EDGE ( 'NONE', *, *, #2267, .T. ) ;
#1336 = CONICAL_SURFACE ( 'NONE', #979, 5.400000000000016342, 0.7853981633974340681 ) ;
#1337 = PLANE ( 'NONE',  #1632 ) ;
#1338 = ORIENTED_EDGE ( 'NONE', *, *, #1955, .F. ) ;
#1339 = EDGE_LOOP ( 'NONE', ( #2486, #1990, #2202, #436, #2606, #1483 ) ) ;
#1340 = EDGE_CURVE ( 'NONE', #1767, #480, #3227, .T. ) ;
#1341 = CARTESIAN_POINT ( 'NONE',  ( 416.3821796847597057, -127.2293669483496359, -1.800000000000023803 ) ) ;
#1342 = LINE ( 'NONE', #2189, #1685 ) ;
#1343 = ORIENTED_EDGE ( 'NONE', *, *, #373, .T. ) ;
#1344 = DIRECTION ( 'NONE',  ( 1.000000000000000000, 0.000000000000000000, 0.000000000000000000 ) ) ;
#1345 = VERTEX_POINT ( 'NONE', #1810 ) ;
#1346 = EDGE_CURVE ( 'NONE', #238, #1175, #405, .T. ) ;
#1347 = EDGE_CURVE ( 'NONE', #2611, #1468, #884, .T. ) ;
#1348 = DIRECTION ( 'NONE',  ( 0.000000000000000000, 1.000000000000000000, 0.000000000000000000 ) ) ;
#1349 = LINE ( 'NONE', #2495, #1014 ) ;
#1350 = CARTESIAN_POINT ( 'NONE',  ( 12.76812274805451608, -120.6099815356934357, 0.000000000000000000 ) ) ;
#1351 = DIRECTION ( 'NONE',  ( 0.000000000000000000, 0.000000000000000000, 1.000000000000000000 ) ) ;
#1352 = DIRECTION ( 'NONE',  ( 0.7071703182436933632, 0.7070432384197683495, 0.000000000000000000 ) ) ;
#1353 = ORIENTED_EDGE ( 'NONE', *, *, #1757, .T. ) ;
#1354 = DIRECTION ( 'NONE',  ( -1.000000000000000000, -0.000000000000000000, -0.000000000000000000 ) ) ;
#1355 = ORIENTED_EDGE ( 'NONE', *, *, #2445, .T. ) ;
#1356 = DIRECTION ( 'NONE',  ( 0.000000000000000000, 0.000000000000000000, 1.000000000000000000 ) ) ;
#1357 = LINE ( 'NONE', #3084, #3362 ) ;
#1358 = VERTEX_POINT ( 'NONE', #1051 ) ;
#1359 = ORIENTED_EDGE ( 'NONE', *, *, #2995, .F. ) ;
#1360 = DIRECTION ( 'NONE',  ( -1.000000000000000000, 0.000000000000000000, 0.000000000000000000 ) ) ;
#1361 = EDGE_CURVE ( 'NONE', #1798, #517, #1261, .T. ) ;
#1362 = ORIENTED_EDGE ( 'NONE', *, *, #2098, .F. ) ;
#1363 = FACE_OUTER_BOUND ( 'NONE', #2965, .T. ) ;
#1364 = EDGE_CURVE ( 'NONE', #353, #3468, #1327, .T. ) ;
#1365 = LINE ( 'NONE', #1121, #734 ) ;
#1366 = CARTESIAN_POINT ( 'NONE',  ( -0.8874547237637790964, -18.45980132780353955, 3.199999999999969980 ) ) ;
#1367 = CARTESIAN_POINT ( 'NONE',  ( 394.6951796847592959, -109.6099815356934499, -1.800000000000000044 ) ) ;
#1368 = ORIENTED_EDGE ( 'NONE', *, *, #2875, .T. ) ;
#1369 = VECTOR ( 'NONE', #3089, 1000.000000000000000 ) ;
#1370 = CARTESIAN_POINT ( 'NONE',  ( -1.277548757768496301, -127.2292181297286220, -450.7362439051084380 ) ) ;
#1371 = EDGE_LOOP ( 'NONE', ( #1695, #2449, #38, #2870 ) ) ;
#1372 = CONICAL_SURFACE ( 'NONE', #1312, 6.400000000000008349, 0.7853981633974557175 ) ;
#1373 = LINE ( 'NONE', #491, #62 ) ;
#1374 = AXIS2_PLACEMENT_3D ( 'NONE', #2082, #624, #3224 ) ;
#1375 = ORIENTED_EDGE ( 'NONE', *, *, #2427, .F. ) ;
#1376 = CARTESIAN_POINT ( 'NONE',  ( 406.3358739997660791, -118.2293669483496217, 0.9999999999999376055 ) ) ;
#1377 = ORIENTED_EDGE ( 'NONE', *, *, #2077, .F. ) ;
#1378 = FACE_OUTER_BOUND ( 'NONE', #1155, .T. ) ;
#1379 = DIRECTION ( 'NONE',  ( -1.000000000000000000, 0.000000000000000000, 0.000000000000000000 ) ) ;
#1380 = VECTOR ( 'NONE', #3217, 1000.000000000000000 ) ;
#1381 = ADVANCED_FACE ( 'NONE', ( #672 ), #1829, .T. ) ;
#1382 = DIRECTION ( 'NONE',  ( -0.7071703182436933632, -0.7070432384197683495, 0.000000000000000000 ) ) ;
#1383 = PLANE ( 'NONE',  #2641 ) ;
#1384 = DIRECTION ( 'NONE',  ( -1.000000000000000000, 0.000000000000000000, 0.000000000000000000 ) ) ;
#1385 = VECTOR ( 'NONE', #2060, 1000.000000000000000 ) ;
#1386 = ORIENTED_EDGE ( 'NONE', *, *, #1409, .F. ) ;
#1387 = VECTOR ( 'NONE', #140, 1000.000000000000000 ) ;
#1388 = AXIS2_PLACEMENT_3D ( 'NONE', #3297, #2405, #1007 ) ;
#1389 = FACE_OUTER_BOUND ( 'NONE', #1943, .T. ) ;
#1390 = ORIENTED_EDGE ( 'NONE', *, *, #3021, .T. ) ;
#1391 = CIRCLE ( 'NONE', #3312, 6.249999999999977796 ) ;
#1392 = VECTOR ( 'NONE', #2483, 1000.000000000000000 ) ;
#1393 = VECTOR ( 'NONE', #167, 1000.000000000000000 ) ;
#1394 = DIRECTION ( 'NONE',  ( -0.000000000000000000, 0.000000000000000000, -1.000000000000000000 ) ) ;
#1395 = VERTEX_POINT ( 'NONE', #2458 ) ;
#1396 = ORIENTED_EDGE ( 'NONE', *, *, #1466, .T. ) ;
#1397 = CC_DESIGN_APPROVAL ( #2266, ( #795 ) ) ;
#1398 = LINE ( 'NONE', #214, #67 ) ;
#1399 = ORIENTED_EDGE ( 'NONE', *, *, #689, .T. ) ;
#1400 = CARTESIAN_POINT ( 'NONE',  ( 407.2855290942945317, -124.4293669483496245, 10.75000000000000000 ) ) ;
#1401 = LINE ( 'NONE', #854, #292 ) ;
#1402 = LINE ( 'NONE', #1108, #1280 ) ;
#1403 = EDGE_CURVE ( 'NONE', #2294, #2309, #3595, .T. ) ;
#1404 = ORIENTED_EDGE ( 'NONE', *, *, #2680, .T. ) ;
#1405 = EDGE_CURVE ( 'NONE', #2412, #1924, #2989, .T. ) ;
#1406 = EDGE_CURVE ( 'NONE', #1753, #2351, #1349, .T. ) ;
#1407 = PLANE ( 'NONE',  #9 ) ;
#1408 = EDGE_LOOP ( 'NONE', ( #1080, #3262, #2987, #1529 ) ) ;
#1409 = EDGE_CURVE ( 'NONE', #1945, #559, #1668, .T. ) ;
#1410 = CARTESIAN_POINT ( 'NONE',  ( 132.6326302455076416, 3.195009232153282142, 10.75000000000000000 ) ) ;
#1411 = ORIENTED_EDGE ( 'NONE', *, *, #3244, .T. ) ;
#1412 = CYLINDRICAL_SURFACE ( 'NONE', #1556, 5.400000000000002132 ) ;
#1413 = EDGE_LOOP ( 'NONE', ( #2069, #2331, #34, #394 ) ) ;
#1414 = LINE ( 'NONE', #44, #2114 ) ;
#1415 = VERTEX_POINT ( 'NONE', #3073 ) ;
#1416 = CARTESIAN_POINT ( 'NONE',  ( 10.68042987029309820, -127.8049907678467321, 12.24999999999999822 ) ) ;
#1417 = DIRECTION ( 'NONE',  ( -0.000000000000000000, -0.000000000000000000, -1.000000000000000000 ) ) ;
#1418 = DIRECTION ( 'NONE',  ( 0.7070874383580125766, 0.7071261234859760325, 0.000000000000000000 ) ) ;
#1419 = CARTESIAN_POINT ( 'NONE',  ( 13.41254527623619808, -15.00000000000000178, -0.2999999999999999334 ) ) ;
#1420 = ORIENTED_EDGE ( 'NONE', *, *, #2793, .T. ) ;
#1421 = FACE_OUTER_BOUND ( 'NONE', #1371, .T. ) ;
#1422 = CARTESIAN_POINT ( 'NONE',  ( -4.947369754492285665, 3.195009232153282142, 10.75000000000000000 ) ) ;
#1423 = ORIENTED_EDGE ( 'NONE', *, *, #1150, .F. ) ;
#1424 = EDGE_CURVE ( 'NONE', #1316, #3641, #2565, .T. ) ;
#1425 = EDGE_CURVE ( 'NONE', #3028, #2750, #1977, .T. ) ;
#1426 = LINE ( 'NONE', #573, #2041 ) ;
#1427 = ORIENTED_EDGE ( 'NONE', *, *, #110, .F. ) ;
#1428 = DIRECTION ( 'NONE',  ( 0.000000000000000000, -1.000000000000000000, 0.000000000000000000 ) ) ;
#1429 = VECTOR ( 'NONE', #90, 999.9999999999998863 ) ;
#1430 = ORIENTED_EDGE ( 'NONE', *, *, #1726, .F. ) ;
#1431 = AXIS2_PLACEMENT_3D ( 'NONE', #1944, #3645, #2806 ) ;
#1432 = FACE_OUTER_BOUND ( 'NONE', #1299, .T. ) ;
#1433 = PLANE ( 'NONE',  #3175 ) ;
#1434 = ORIENTED_EDGE ( 'NONE', *, *, #3352, .F. ) ;
#1435 = DIRECTION ( 'NONE',  ( 0.000000000000000000, 0.000000000000000000, -1.000000000000000000 ) ) ;
#1436 = VECTOR ( 'NONE', #297, 1000.000000000000114 ) ;
#1437 = CARTESIAN_POINT ( 'NONE',  ( 33.65154527623621306, 4.999999999999999112, 3.000000000000000444 ) ) ;
#1438 = DIRECTION ( 'NONE',  ( 1.000000000000000000, -0.000000000000000000, 0.000000000000000000 ) ) ;
#1439 = DIRECTION ( 'NONE',  ( -1.000000000000000000, 0.000000000000000000, 0.000000000000000000 ) ) ;
#1440 = ORIENTED_EDGE ( 'NONE', *, *, #1346, .F. ) ;
#1441 = VECTOR ( 'NONE', #355, 1000.000000000000000 ) ;
#1442 = PLANE ( 'NONE',  #3296 ) ;
#1443 = DIRECTION ( 'NONE',  ( -1.000000000000000000, -0.000000000000000000, -0.000000000000000000 ) ) ;
#1444 = AXIS2_PLACEMENT_3D ( 'NONE', #3255, #2087, #3026 ) ;
#1445 = ORIENTED_EDGE ( 'NONE', *, *, #110, .T. ) ;
#1446 = CIRCLE ( 'NONE', #3549, 6.250000000000000000 ) ;
#1447 = LINE ( 'NONE', #1467, #3063 ) ;
#1448 = AXIS2_PLACEMENT_3D ( 'NONE', #2681, #2719, #3573 ) ;
#1449 = ORIENTED_EDGE ( 'NONE', *, *, #133, .F. ) ;
#1450 = LINE ( 'NONE', #24, #3652 ) ;
#1451 = EDGE_CURVE ( 'NONE', #1175, #238, #1310, .T. ) ;
#1452 = VERTEX_POINT ( 'NONE', #3124 ) ;
#1453 = AXIS2_PLACEMENT_3D ( 'NONE', #2980, #3282, #700 ) ;
#1454 = CARTESIAN_POINT ( 'NONE',  ( 412.6927152147791844, -110.3446998808054644, 0.6677750808880479338 ) ) ;
#1455 = DIRECTION ( 'NONE',  ( 0.000000000000000000, 1.000000000000000000, 0.000000000000000000 ) ) ;
#1456 = ORIENTED_EDGE ( 'NONE', *, *, #737, .F. ) ;
#1457 = DIRECTION ( 'NONE',  ( -1.000000000000000000, 0.000000000000000000, 0.000000000000000000 ) ) ;
#1458 = FACE_BOUND ( 'NONE', #2378, .T. ) ;
#1459 = LINE ( 'NONE', #2608, #1022 ) ;
#1460 = DIRECTION ( 'NONE',  ( -0.7071067811865674457, 0.000000000000000000, -0.7071067811865275887 ) ) ;
#1461 = ORIENTED_EDGE ( 'NONE', *, *, #2876, .F. ) ;
#1462 = FACE_BOUND ( 'NONE', #1173, .T. ) ;
#1463 = CARTESIAN_POINT ( 'NONE',  ( -3.787454723763787445, -120.7597598137749770, 5.599999999999999645 ) ) ;
#1464 = DIRECTION ( 'NONE',  ( 0.000000000000000000, 1.000000000000000000, 0.000000000000000000 ) ) ;
#1465 = EDGE_LOOP ( 'NONE', ( #50, #1771, #877, #1555 ) ) ;
#1466 = EDGE_CURVE ( 'NONE', #2086, #1226, #2866, .T. ) ;
#1467 = CARTESIAN_POINT ( 'NONE',  ( 33.65154527623621306, -4.500000000000046185, -0.5499999999999983791 ) ) ;
#1468 = VERTEX_POINT ( 'NONE', #1684 ) ;
#1469 = LINE ( 'NONE', #2332, #3170 ) ;
#1470 = ORIENTED_EDGE ( 'NONE', *, *, #1664, .T. ) ;
#1471 = CARTESIAN_POINT ( 'NONE',  ( 39.15154527623626279, 4.999999999999999112, -0.5500000000000072609 ) ) ;
#1472 = FACE_OUTER_BOUND ( 'NONE', #59, .T. ) ;
#1473 = ORIENTED_EDGE ( 'NONE', *, *, #3220, .T. ) ;
#1474 = CARTESIAN_POINT ( 'NONE',  ( 382.1951796847593528, -109.6099815356934499, -1.800000000000000044 ) ) ;
#1475 = EDGE_CURVE ( 'NONE', #3641, #1311, #797, .T. ) ;
#1476 = DIRECTION ( 'NONE',  ( -0.000000000000000000, -0.000000000000000000, 1.000000000000000000 ) ) ;
#1477 = EDGE_CURVE ( 'NONE', #2714, #2584, #3704, .T. ) ;
#1478 = CARTESIAN_POINT ( 'NONE',  ( 3.968545276236235875, -115.9542181297286163, 5.599999999999999645 ) ) ;
#1479 = ORIENTED_EDGE ( 'NONE', *, *, #620, .T. ) ;
#1480 = CARTESIAN_POINT ( 'NONE',  ( 334.1477152147792253, -53.97200000000000841, 1.000000000000049516 ) ) ;
#1481 = CARTESIAN_POINT ( 'NONE',  ( 48.40154527623622016, -11.20000000000009344, 4.000000000000000000 ) ) ;
#1482 = CARTESIAN_POINT ( 'NONE',  ( 404.7177313582652687, -118.2293669483496217, 0.000000000000000000 ) ) ;
#1483 = ORIENTED_EDGE ( 'NONE', *, *, #2748, .F. ) ;
#1484 = LINE ( 'NONE', #2631, #3118 ) ;
#1485 = ORIENTED_EDGE ( 'NONE', *, *, #3582, .F. ) ;
#1486 = LINE ( 'NONE', #3495, #2334 ) ;
#1487 = VERTEX_POINT ( 'NONE', #1947 ) ;
#1488 = CARTESIAN_POINT ( 'NONE',  ( 412.6927152147791844, -110.0001987927242055, 0.3342605842740654087 ) ) ;
#1489 = LINE ( 'NONE', #325, #2885 ) ;
#1490 = VERTEX_POINT ( 'NONE', #3425 ) ;
#1491 = CARTESIAN_POINT ( 'NONE',  ( 7.819204350196697462, -124.4292181297286106, 10.75000000000000000 ) ) ;
#1492 = LINE ( 'NONE', #329, #2046 ) ;
#1493 = APPLICATION_PROTOCOL_DEFINITION ( 'international standard', 'config_control_design', 1994, #3110 ) ;
#1494 = VECTOR ( 'NONE', #1520, 999.9999999999998863 ) ;
#1495 = VERTEX_POINT ( 'NONE', #547 ) ;
#1496 = EDGE_CURVE ( 'NONE', #2258, #1787, #814, .T. ) ;
#1497 = ADVANCED_FACE ( 'NONE', ( #2796 ), #264, .T. ) ;
#1498 = CARTESIAN_POINT ( 'NONE',  ( 9.950549539023091583, -118.2292181297286078, 0.000000000000000000 ) ) ;
#1499 = CARTESIAN_POINT ( 'NONE',  ( 39.15154527623622016, 2.200000000000010836, 6.550000000000000711 ) ) ;
#1500 = LINE ( 'NONE', #1541, #1276 ) ;
#1501 = CARTESIAN_POINT ( 'NONE',  ( 7.819204350196697462, -124.4292181297286106, 5.599999999999999645 ) ) ;
#1502 = VERTEX_POINT ( 'NONE', #1120 ) ;
#1503 = VECTOR ( 'NONE', #1797, 1000.000000000000000 ) ;
#1504 = ADVANCED_FACE ( 'NONE', ( #1363 ), #509, .F. ) ;
#1505 = CYLINDRICAL_SURFACE ( 'NONE', #237, 5.400000000000000355 ) ;
#1506 = ORIENTED_EDGE ( 'NONE', *, *, #872, .F. ) ;
#1507 = DIRECTION ( 'NONE',  ( -1.000000000000000000, 0.000000000000000000, 0.000000000000000000 ) ) ;
#1508 = EDGE_LOOP ( 'NONE', ( #826, #3585, #3123, #1657 ) ) ;
#1509 = VECTOR ( 'NONE', #283, 999.9999999999998863 ) ;
#1510 = VECTOR ( 'NONE', #3167, 1000.000000000000000 ) ;
#1511 = DIRECTION ( 'NONE',  ( 0.000000000000000000, 0.000000000000000000, -1.000000000000000000 ) ) ;
#1512 = VECTOR ( 'NONE', #270, 1000.000000000000000 ) ;
#1513 = LINE ( 'NONE', #2384, #1812 ) ;
#1514 = ORIENTED_EDGE ( 'NONE', *, *, #32, .F. ) ;
#1515 = DIRECTION ( 'NONE',  ( -1.000000000000000000, 0.000000000000000000, 0.000000000000000000 ) ) ;
#1516 = AXIS2_PLACEMENT_3D ( 'NONE', #3207, #609, #2392 ) ;
#1517 = DIRECTION ( 'NONE',  ( 0.000000000000000000, 1.000000000000000000, 0.000000000000000000 ) ) ;
#1518 = DIRECTION ( 'NONE',  ( 0.000000000000000000, 0.000000000000000000, -1.000000000000000000 ) ) ;
#1519 = ORIENTED_EDGE ( 'NONE', *, *, #133, .T. ) ;
#1520 = DIRECTION ( 'NONE',  ( 0.7071703182436954727, 0.7070432384197663511, 0.000000000000000000 ) ) ;
#1521 = EDGE_CURVE ( 'NONE', #2026, #939, #1138, .T. ) ;
#1522 = VERTEX_POINT ( 'NONE', #776 ) ;
#1523 = CARTESIAN_POINT ( 'NONE',  ( 26.65945124223093288, -109.6099815356934499, -0.2999999999999999334 ) ) ;
#1524 = DIRECTION ( 'NONE',  ( 0.000000000000000000, 0.000000000000000000, 1.000000000000000000 ) ) ;
#1525 = EDGE_LOOP ( 'NONE', ( #813, #2124, #1683, #2979, #968 ) ) ;
#1526 = ADVANCED_FACE ( 'NONE', ( #850 ), #2229, .F. ) ;
#1527 = EDGE_CURVE ( 'NONE', #465, #226, #563, .T. ) ;
#1528 = FACE_OUTER_BOUND ( 'NONE', #3117, .T. ) ;
#1529 = ORIENTED_EDGE ( 'NONE', *, *, #212, .T. ) ;
#1530 = CARTESIAN_POINT ( 'NONE',  ( 2.412545276236220726, -110.4364222350454128, 0.6678782539177633426 ) ) ;
#1531 = ORIENTED_EDGE ( 'NONE', *, *, #2995, .T. ) ;
#1532 = DIRECTION ( 'NONE',  ( 0.000000000000000000, 1.000000000000000000, 0.000000000000000000 ) ) ;
#1533 = CARTESIAN_POINT ( 'NONE',  ( 48.40154527623622016, -4.000000000000000000, 5.599999999999999645 ) ) ;
#1534 = ORIENTED_EDGE ( 'NONE', *, *, #1666, .F. ) ;
#1535 = DIRECTION ( 'NONE',  ( 0.000000000000000000, 0.000000000000000000, -1.000000000000000000 ) ) ;
#1536 = DIRECTION ( 'NONE',  ( -1.000000000000000000, 0.000000000000000000, 0.000000000000000000 ) ) ;
#1537 = PERSON_AND_ORGANIZATION_ROLE ( 'creator' ) ;
#1538 = VERTEX_POINT ( 'NONE', #247 ) ;
#1539 = CARTESIAN_POINT ( 'NONE',  ( 421.6927152147791844, 4.999999999999999112, -1.800000000000023803 ) ) ;
#1540 = ORIENTED_EDGE ( 'NONE', *, *, #1952, .F. ) ;
#1541 = CARTESIAN_POINT ( 'NONE',  ( 10.68042987029309820, -127.8049907678467321, 10.75000000000000000 ) ) ;
#1542 = DIRECTION ( 'NONE',  ( 0.7071703182437242274, 0.7070432384197375963, 0.000000000000000000 ) ) ;
#1543 = ORIENTED_EDGE ( 'NONE', *, *, #454, .T. ) ;
#1544 = CARTESIAN_POINT ( 'NONE',  ( 415.9927152147791958, -18.45989286573050236, 3.199999999999995293 ) ) ;
#1545 = ORIENTED_EDGE ( 'NONE', *, *, #2812, .T. ) ;
#1546 = CARTESIAN_POINT ( 'NONE',  ( 132.6326302455076984, 2.200000000000000178, 10.75000000000000000 ) ) ;
#1547 = VERTEX_POINT ( 'NONE', #3688 ) ;
#1548 = EDGE_CURVE ( 'NONE', #2938, #524, #2755, .T. ) ;
#1549 = EDGE_CURVE ( 'NONE', #1502, #517, #1132, .T. ) ;
#1550 = DIRECTION ( 'NONE',  ( 1.000000000000000000, 0.000000000000000000, 0.000000000000000000 ) ) ;
#1551 = PLANE ( 'NONE',  #2109 ) ;
#1552 = ORIENTED_EDGE ( 'NONE', *, *, #2834, .T. ) ;
#1553 = DIRECTION ( 'NONE',  ( 1.000000000000000000, 0.000000000000000000, 0.000000000000000000 ) ) ;
#1554 = FACE_OUTER_BOUND ( 'NONE', #1841, .T. ) ;
#1555 = ORIENTED_EDGE ( 'NONE', *, *, #872, .T. ) ;
#1556 = AXIS2_PLACEMENT_3D ( 'NONE', #3700, #1131, #3418 ) ;
#1557 = CARTESIAN_POINT ( 'NONE',  ( 232.5722410603346475, -126.8099815356934243, 62.15991928837468095 ) ) ;
#1558 = ORIENTED_EDGE ( 'NONE', *, *, #847, .T. ) ;
#1559 = LINE ( 'NONE', #186, #489 ) ;
#1560 = VERTEX_POINT ( 'NONE', #525 ) ;
#1561 = VECTOR ( 'NONE', #276, 1000.000000000000000 ) ;
#1562 = LINE ( 'NONE', #2110, #720 ) ;
#1563 = VECTOR ( 'NONE', #1596, 1000.000000000000000 ) ;
#1564 = ORIENTED_EDGE ( 'NONE', *, *, #690, .F. ) ;
#1565 = PLANE ( 'NONE',  #958 ) ;
#1566 = ORIENTED_EDGE ( 'NONE', *, *, #82, .T. ) ;
#1567 = CIRCLE ( 'NONE', #3662, 2.000000000000000888 ) ;
#1568 = EDGE_CURVE ( 'NONE', #3201, #1779, #1799, .T. ) ;
#1569 = FACE_OUTER_BOUND ( 'NONE', #2687, .T. ) ;
#1570 = EDGE_LOOP ( 'NONE', ( #1137, #1250, #2108, #2171 ) ) ;
#1571 = CARTESIAN_POINT ( 'NONE',  ( 10.68042987029309820, -127.8049907678467321, 12.24999999999999822 ) ) ;
#1572 = VECTOR ( 'NONE', #3649, 1000.000000000000000 ) ;
#1573 = FACE_BOUND ( 'NONE', #1717, .T. ) ;
#1574 = CALENDAR_DATE ( 2025, 8, 11 ) ;
#1575 = AXIS2_PLACEMENT_3D ( 'NONE', #146, #3557, #3260 ) ;
#1576 = ORIENTED_EDGE ( 'NONE', *, *, #1425, .T. ) ;
#1577 = FACE_OUTER_BOUND ( 'NONE', #3042, .T. ) ;
#1578 = VECTOR ( 'NONE', #1460, 1000.000000000000114 ) ;
#1579 = AXIS2_PLACEMENT_3D ( 'NONE', #496, #3392, #2814 ) ;
#1580 = ORIENTED_EDGE ( 'NONE', *, *, #1313, .T. ) ;
#1581 = CARTESIAN_POINT ( 'NONE',  ( 407.2855290942945317, -124.4293669483496245, 5.599999999999999645 ) ) ;
#1582 = CARTESIAN_POINT ( 'NONE',  ( 402.3366888931536778, -120.6099815356934357, 5.599999999999999645 ) ) ;
#1583 = EDGE_LOOP ( 'NONE', ( #571, #1041 ) ) ;
#1584 = DIRECTION ( 'NONE',  ( 1.000000000000000000, 0.000000000000000000, -0.000000000000000000 ) ) ;
#1585 = ORIENTED_EDGE ( 'NONE', *, *, #3147, .F. ) ;
#1586 = EDGE_CURVE ( 'NONE', #2228, #1715, #2093, .T. ) ;
#1587 = LINE ( 'NONE', #3588, #2050 ) ;
#1588 = DIRECTION ( 'NONE',  ( -1.000000000000000000, 0.000000000000000000, -1.577021341797096081E-16 ) ) ;
#1589 = ORIENTED_EDGE ( 'NONE', *, *, #1231, .F. ) ;
#1590 = LINE ( 'NONE', #991, #122 ) ;
#1591 = CARTESIAN_POINT ( 'NONE',  ( 415.9927152147791958, -18.45989286573050236, 5.199999999999996625 ) ) ;
#1592 = DATE_AND_TIME ( #2727, #3019 ) ;
#1593 = EDGE_CURVE ( 'NONE', #3650, #1213, #580, .T. ) ;
#1594 = ADVANCED_FACE ( 'NONE', ( #307 ), #1239, .T. ) ;
#1595 = LINE ( 'NONE', #3546, #2237 ) ;
#1596 = DIRECTION ( 'NONE',  ( 1.000000000000000000, -0.000000000000000000, -0.000000000000000000 ) ) ;
#1597 = CARTESIAN_POINT ( 'NONE',  ( 405.7977152147791458, -115.8793669483496274, 5.599999999999999645 ) ) ;
#1598 = ORIENTED_EDGE ( 'NONE', *, *, #2209, .F. ) ;
#1599 = DIRECTION ( 'NONE',  ( 0.000000000000000000, -1.000000000000000000, 0.000000000000000000 ) ) ;
#1600 = VERTEX_POINT ( 'NONE', #29 ) ;
#1601 = ORIENTED_EDGE ( 'NONE', *, *, #2765, .F. ) ;
#1602 = DIRECTION ( 'NONE',  ( 0.7071703182436933632, 0.7070432384197683495, 0.000000000000000000 ) ) ;
#1603 = CARTESIAN_POINT ( 'NONE',  ( -4.947369754492285665, 3.195009232153282142, 12.24999999999999822 ) ) ;
#1604 = VERTEX_POINT ( 'NONE', #3178 ) ;
#1605 = DIRECTION ( 'NONE',  ( -0.000000000000000000, -0.000000000000000000, 1.000000000000000000 ) ) ;
#1606 = PRODUCT_RELATED_PRODUCT_CATEGORY ( 'detail', '', ( #39 ) ) ;
#1607 = DIRECTION ( 'NONE',  ( -1.000000000000000000, 0.000000000000000000, 0.000000000000000000 ) ) ;
#1608 = ORIENTED_EDGE ( 'NONE', *, *, #83, .T. ) ;
#1609 = LINE ( 'NONE', #1501, #1750 ) ;
#1610 = DIRECTION ( 'NONE',  ( 0.7071703182437242274, 0.7070432384197375963, 0.000000000000000000 ) ) ;
#1611 = DIRECTION ( 'NONE',  ( 0.000000000000000000, 1.000000000000000000, 0.000000000000000000 ) ) ;
#1612 = LINE ( 'NONE', #749, #1392 ) ;
#1613 = EDGE_CURVE ( 'NONE', #1057, #3618, #659, .T. ) ;
#1614 = AXIS2_PLACEMENT_3D ( 'NONE', #936, #2085, #1031 ) ;
#1615 = EDGE_CURVE ( 'NONE', #1604, #2549, #1780, .T. ) ;
#1616 = VECTOR ( 'NONE', #1162, 1000.000000000000000 ) ;
#1617 = DIRECTION ( 'NONE',  ( -1.000000000000000000, -0.000000000000000000, -0.000000000000000000 ) ) ;
#1618 = ADVANCED_FACE ( 'NONE', ( #2366 ), #3458, .T. ) ;
#1619 = ORIENTED_EDGE ( 'NONE', *, *, #2640, .F. ) ;
#1620 = VECTOR ( 'NONE', #3570, 1000.000000000000000 ) ;
#1621 = ORIENTED_EDGE ( 'NONE', *, *, #299, .F. ) ;
#1622 = AXIS2_PLACEMENT_3D ( 'NONE', #780, #1912, #445 ) ;
#1623 = DIRECTION ( 'NONE',  ( -0.7070432384197683495, 0.7071703182436933632, 0.000000000000000000 ) ) ;
#1624 = CARTESIAN_POINT ( 'NONE',  ( 10.68042987029309820, -127.8049907678467321, 10.75000000000000000 ) ) ;
#1625 = ORIENTED_EDGE ( 'NONE', *, *, #2902, .T. ) ;
#1626 = CARTESIAN_POINT ( 'NONE',  ( -0.1177956498029014282, -124.4292181297286106, 5.599999999999999645 ) ) ;
#1627 = AXIS2_PLACEMENT_3D ( 'NONE', #2316, #360, #341 ) ;
#1628 = DIRECTION ( 'NONE',  ( 0.000000000000000000, 0.000000000000000000, -1.000000000000000000 ) ) ;
#1629 = AXIS2_PLACEMENT_3D ( 'NONE', #1582, #2734, #1298 ) ;
#1630 = DIRECTION ( 'NONE',  ( 1.000000000000000000, 0.000000000000000000, 0.000000000000000000 ) ) ;
#1631 = AXIS2_PLACEMENT_3D ( 'NONE', #796, #1360, #3371 ) ;
#1632 = AXIS2_PLACEMENT_3D ( 'NONE', #2785, #236, #205 ) ;
#1633 = LINE ( 'NONE', #3676, #2898 ) ;
#1634 = CARTESIAN_POINT ( 'NONE',  ( -4.947369754492285665, -120.1146118877603612, 12.24999999999999822 ) ) ;
#1635 = CARTESIAN_POINT ( 'NONE',  ( -0.2399816456752842941, -124.8217424669712159, 10.75000000000000000 ) ) ;
#1636 = CIRCLE ( 'NONE', #486, 2.000000000000001332 ) ;
#1637 = ORIENTED_EDGE ( 'NONE', *, *, #1845, .F. ) ;
#1638 = AXIS2_PLACEMENT_3D ( 'NONE', #1221, #948, #2305 ) ;
#1639 = AXIS2_PLACEMENT_3D ( 'NONE', #369, #668, #1242 ) ;
#1640 = ADVANCED_FACE ( 'NONE', ( #11 ), #1372, .T. ) ;
#1641 = B_SPLINE_CURVE_WITH_KNOTS ( 'NONE', 3,
 ( #1376, #1100, #3388, #1973 ),
 .UNSPECIFIED., .F., .F.,
 ( 4, 4 ),
 ( 0.000000000000000000, 0.001480032952457579001 ),
 .UNSPECIFIED. ) ;
#1642 = LINE ( 'NONE', #2801, #2827 ) ;
#1643 = AXIS2_PLACEMENT_3D ( 'NONE', #2321, #1783, #2909 ) ;
#1644 = VERTEX_POINT ( 'NONE', #886 ) ;
#1645 = EDGE_CURVE ( 'NONE', #3395, #2395, #2033, .T. ) ;
#1646 = EDGE_CURVE ( 'NONE', #2928, #3062, #2386, .T. ) ;
#1647 = FACE_OUTER_BOUND ( 'NONE', #21, .T. ) ;
#1648 = FACE_OUTER_BOUND ( 'NONE', #686, .T. ) ;
#1649 = ORIENTED_EDGE ( 'NONE', *, *, #2096, .T. ) ;
#1650 = CARTESIAN_POINT ( 'NONE',  ( 418.8927152147792299, 2.200000000000000178, 10.75000000000000000 ) ) ;
#1651 = ORIENTED_EDGE ( 'NONE', *, *, #1406, .F. ) ;
#1652 = CARTESIAN_POINT ( 'NONE',  ( 404.9044866291829976, -126.8099815356933675, 5.599999999999999645 ) ) ;
#1653 = DIRECTION ( 'NONE',  ( 0.000000000000000000, 0.000000000000000000, 1.000000000000000000 ) ) ;
#1654 = DIRECTION ( 'NONE',  ( -1.000000000000000000, 0.000000000000000000, 0.000000000000000000 ) ) ;
#1655 = FACE_OUTER_BOUND ( 'NONE', #1748, .T. ) ;
#1656 = DIRECTION ( 'NONE',  ( 0.000000000000000000, 0.000000000000000000, 1.000000000000000000 ) ) ;
#1657 = ORIENTED_EDGE ( 'NONE', *, *, #2876, .T. ) ;
#1658 = DIRECTION ( 'NONE',  ( 0.000000000000000000, -0.000000000000000000, -1.000000000000000000 ) ) ;
#1659 = EDGE_LOOP ( 'NONE', ( #2314, #1837 ) ) ;
#1660 = CARTESIAN_POINT ( 'NONE',  ( 404.4240522503762918, -127.8049907678467321, 12.24999999999999822 ) ) ;
#1661 = CARTESIAN_POINT ( 'NONE',  ( 33.65154527623621306, 19.46271067262288312, 3.000000000000000444 ) ) ;
#1662 = ORIENTED_EDGE ( 'NONE', *, *, #3285, .T. ) ;
#1663 = DIRECTION ( 'NONE',  ( 0.000000000000000000, 1.000000000000000000, 0.000000000000000000 ) ) ;
#1664 = EDGE_CURVE ( 'NONE', #2490, #802, #2338, .T. ) ;
#1665 = ORIENTED_EDGE ( 'NONE', *, *, #1916, .T. ) ;
#1666 = EDGE_CURVE ( 'NONE', #3457, #3248, #286, .T. ) ;
#1667 = DIRECTION ( 'NONE',  ( 1.000000000000000000, 0.000000000000000000, 0.000000000000000000 ) ) ;
#1668 = LINE ( 'NONE', #1416, #175 ) ;
#1669 = CARTESIAN_POINT ( 'NONE',  ( 401.6927152147791844, -15.00000000000000178, -0.2999999999999999334 ) ) ;
#1670 = CARTESIAN_POINT ( 'NONE',  ( 407.9427152147791276, -15.00000000000000178, -0.2999999999999999334 ) ) ;
#1671 = DIRECTION ( 'NONE',  ( 1.000000000000000000, -3.496985714454837195E-15, 0.000000000000000000 ) ) ;
#1672 = VECTOR ( 'NONE', #2279, 1000.000000000000000 ) ;
#1673 = PLANE ( 'NONE',  #971 ) ;
#1674 = VERTEX_POINT ( 'NONE', #1474 ) ;
#1675 = VECTOR ( 'NONE', #3437, 1000.000000000000000 ) ;
#1676 = DIRECTION ( 'NONE',  ( -0.000000000000000000, -1.000000000000000000, -0.000000000000000000 ) ) ;
#1677 = AXIS2_PLACEMENT_3D ( 'NONE', #2593, #608, #2627 ) ;
#1678 = VERTEX_POINT ( 'NONE', #2623 ) ;
#1679 = ORIENTED_EDGE ( 'NONE', *, *, #851, .F. ) ;
#1680 = EDGE_CURVE ( 'NONE', #658, #144, #945, .T. ) ;
#1681 = EDGE_CURVE ( 'NONE', #2974, #2217, #3237, .T. ) ;
#1682 = CARTESIAN_POINT ( 'NONE',  ( 9.040344901021665436, -129.6099815356934357, -450.7362439051084380 ) ) ;
#1683 = ORIENTED_EDGE ( 'NONE', *, *, #104, .T. ) ;
#1684 = CARTESIAN_POINT ( 'NONE',  ( 336.1477152147792253, -53.97200000000000841, -0.1499999999999999667 ) ) ;
#1685 = VECTOR ( 'NONE', #3665, 1000.000000000000000 ) ;
#1686 = AXIS2_PLACEMENT_3D ( 'NONE', #2356, #3435, #3211 ) ;
#1687 = CARTESIAN_POINT ( 'NONE',  ( 411.1977152147791799, -115.8793669483496274, 5.599999999999999645 ) ) ;
#1688 = EDGE_CURVE ( 'NONE', #2343, #2955, #384, .T. ) ;
#1689 = DIRECTION ( 'NONE',  ( 1.774149009521733430E-16, 0.000000000000000000, -1.000000000000000000 ) ) ;
#1690 = DIRECTION ( 'NONE',  ( -0.000000000000000000, -0.000000000000000000, -1.000000000000000000 ) ) ;
#1691 = CONICAL_SURFACE ( 'NONE', #1270, 5.400000000000016342, 0.7853981633974764787 ) ;
#1692 = VECTOR ( 'NONE', #2485, 1000.000000000000000 ) ;
#1693 = VECTOR ( 'NONE', #2607, 1000.000000000000000 ) ;
#1694 = CARTESIAN_POINT ( 'NONE',  ( 332.1477152147792253, -53.97200000000000841, 5.599999999999999645 ) ) ;
#1695 = ORIENTED_EDGE ( 'NONE', *, *, #2988, .F. ) ;
#1696 = CIRCLE ( 'NONE', #1758, 5.400000000000016342 ) ;
#1697 = CIRCLE ( 'NONE', #1579, 5.400000000000000355 ) ;
#1698 = CARTESIAN_POINT ( 'NONE',  ( 26.65945124223093288, -109.6099815356934499, -0.2999999999999999334 ) ) ;
#1699 = ORIENTED_EDGE ( 'NONE', *, *, #549, .F. ) ;
#1700 = CARTESIAN_POINT ( 'NONE',  ( 6.659451242230932877, -127.2292181297286220, -1.800000000000023803 ) ) ;
#1701 = ORIENTED_EDGE ( 'NONE', *, *, #171, .F. ) ;
#1702 = EDGE_CURVE ( 'NONE', #3594, #206, #521, .T. ) ;
#1703 = CARTESIAN_POINT ( 'NONE',  ( 9.040344901021665436, -129.6099815356934357, -1.800000000000023803 ) ) ;
#1704 = ORIENTED_EDGE ( 'NONE', *, *, #1993, .F. ) ;
#1705 = CARTESIAN_POINT ( 'NONE',  ( 415.2225290942949414, -124.4293669483496245, 10.75000000000000000 ) ) ;
#1706 = DIRECTION ( 'NONE',  ( -1.000000000000000000, 0.000000000000000000, 0.000000000000000000 ) ) ;
#1707 = CARTESIAN_POINT ( 'NONE',  ( 33.65154527623621306, 19.46271067262288312, -0.5499999999999983791 ) ) ;
#1708 = DIRECTION ( 'NONE',  ( 0.000000000000000000, 0.000000000000000000, 1.000000000000000000 ) ) ;
#1709 = EDGE_CURVE ( 'NONE', #1954, #3100, #2119, .T. ) ;
#1710 = EDGE_CURVE ( 'NONE', #1452, #2981, #1025, .T. ) ;
#1711 = CARTESIAN_POINT ( 'NONE',  ( 10.20009800898741759, -126.8099815356934243, 10.75000000000000000 ) ) ;
#1712 = ORIENTED_EDGE ( 'NONE', *, *, #2323, .F. ) ;
#1713 = ADVANCED_FACE ( 'NONE', ( #127 ), #1838, .F. ) ;
#1714 = DIRECTION ( 'NONE',  ( 0.000000000000000000, 0.000000000000000000, 1.000000000000000000 ) ) ;
#1715 = VERTEX_POINT ( 'NONE', #417 ) ;
#1716 = DIRECTION ( 'NONE',  ( -1.000000000000000000, 0.000000000000000000, 0.000000000000000000 ) ) ;
#1717 = EDGE_LOOP ( 'NONE', ( #3547, #1359 ) ) ;
#1718 = DIRECTION ( 'NONE',  ( 0.000000000000000000, 0.000000000000000000, -1.000000000000000000 ) ) ;
#1719 = DIRECTION ( 'NONE',  ( -0.000000000000000000, -0.000000000000000000, 1.000000000000000000 ) ) ;
#1720 = ORIENTED_EDGE ( 'NONE', *, *, #1361, .F. ) ;
#1721 = DIRECTION ( 'NONE',  ( 1.000000000000000000, 0.000000000000000000, 0.000000000000000000 ) ) ;
#1722 = LINE ( 'NONE', #868, #1749 ) ;
#1723 = FACE_OUTER_BOUND ( 'NONE', #1790, .T. ) ;
#1724 = CARTESIAN_POINT ( 'NONE',  ( 401.6927152147791844, -15.00000000000000178, -0.2999999999999999334 ) ) ;
#1725 = VERTEX_POINT ( 'NONE', #471 ) ;
#1726 = EDGE_CURVE ( 'NONE', #3381, #775, #1590, .T. ) ;
#1727 = DIRECTION ( 'NONE',  ( -0.000000000000000000, -0.000000000000000000, -1.000000000000000000 ) ) ;
#1728 = CARTESIAN_POINT ( 'NONE',  ( 282.4726302455077303, 3.195009232153282142, 10.75000000000000000 ) ) ;
#1729 = VERTEX_POINT ( 'NONE', #3333 ) ;
#1730 = EDGE_CURVE ( 'NONE', #3644, #2689, #2703, .T. ) ;
#1731 = CARTESIAN_POINT ( 'NONE',  ( 7.819204350196701014, -124.4292181297286248, 5.599999999999999645 ) ) ;
#1732 = ORIENTED_EDGE ( 'NONE', *, *, #3679, .F. ) ;
#1733 = DIRECTION ( 'NONE',  ( 1.000000000000000000, 0.000000000000000000, 0.000000000000000000 ) ) ;
#1734 = VECTOR ( 'NONE', #2811, 1000.000000000000000 ) ;
#1735 = ORIENTED_EDGE ( 'NONE', *, *, #2579, .F. ) ;
#1736 = VECTOR ( 'NONE', #109, 1000.000000000000000 ) ;
#1737 = DIRECTION ( 'NONE',  ( 0.000000000000000000, -0.000000000000000000, -1.000000000000000000 ) ) ;
#1738 = CARTESIAN_POINT ( 'NONE',  ( 232.5726302455077246, 2.200000000000000178, 10.75000000000000000 ) ) ;
#1739 = ORIENTED_EDGE ( 'NONE', *, *, #2664, .T. ) ;
#1740 = DIRECTION ( 'NONE',  ( 1.000000000000000000, 0.000000000000000000, 0.000000000000000000 ) ) ;
#1741 = LINE ( 'NONE', #603, #3058 ) ;
#1742 = LINE ( 'NONE', #911, #1822 ) ;
#1743 = VECTOR ( 'NONE', #635, 1000.000000000000000 ) ;
#1744 = VECTOR ( 'NONE', #754, 1000.000000000000000 ) ;
#1745 = CARTESIAN_POINT ( 'NONE',  ( -6.587454723763779718, 4.999999999999999112, -450.7362439051084380 ) ) ;
#1746 = CARTESIAN_POINT ( 'NONE',  ( 413.1977152147791799, -115.8793669483496274, -0.1499999999999999667 ) ) ;
#1747 = CARTESIAN_POINT ( 'NONE',  ( 334.1477152147792253, -53.97200000000000841, -0.1499999999999999667 ) ) ;
#1748 = EDGE_LOOP ( 'NONE', ( #1923, #993, #1277, #1974 ) ) ;
#1749 = VECTOR ( 'NONE', #1476, 1000.000000000000000 ) ;
#1750 = VECTOR ( 'NONE', #78, 999.9999999999998863 ) ;
#1751 = CYLINDRICAL_SURFACE ( 'NONE', #134, 5.400000000000016342 ) ;
#1752 = CIRCLE ( 'NONE', #2720, 3.549999999999998934 ) ;
#1753 = VERTEX_POINT ( 'NONE', #1571 ) ;
#1754 = CARTESIAN_POINT ( 'NONE',  ( 421.6927152147791844, 4.999999999999999112, 12.24999999999999822 ) ) ;
#1755 = VERTEX_POINT ( 'NONE', #740 ) ;
#1756 = EDGE_CURVE ( 'NONE', #2351, #2309, #1006, .T. ) ;
#1757 = EDGE_CURVE ( 'NONE', #100, #1522, #2191, .T. ) ;
#1758 = AXIS2_PLACEMENT_3D ( 'NONE', #1141, #2553, #1930 ) ;
#1759 = AXIS2_PLACEMENT_3D ( 'NONE', #1139, #2231, #1654 ) ;
#1760 = DIRECTION ( 'NONE',  ( 0.000000000000000000, 0.000000000000000000, -1.000000000000000000 ) ) ;
#1761 = LINE ( 'NONE', #618, #3000 ) ;
#1762 = EDGE_LOOP ( 'NONE', ( #296, #1679, #3530, #3625 ) ) ;
#1763 = DIRECTION ( 'NONE',  ( 1.000000000000000000, 0.000000000000000000, 0.000000000000000000 ) ) ;
#1764 = LINE ( 'NONE', #31, #3666 ) ;
#1765 = CARTESIAN_POINT ( 'NONE',  ( 339.5477152147792026, -53.97200000000000841, 5.599999999999999645 ) ) ;
#1766 = FACE_OUTER_BOUND ( 'NONE', #2299, .T. ) ;
#1767 = VERTEX_POINT ( 'NONE', #3629 ) ;
#1768 = DIRECTION ( 'NONE',  ( -1.000000000000000000, 0.000000000000000000, 0.000000000000000000 ) ) ;
#1769 = FACE_OUTER_BOUND ( 'NONE', #2658, .T. ) ;
#1770 = LINE ( 'NONE', #272, #1149 ) ;
#1771 = ORIENTED_EDGE ( 'NONE', *, *, #782, .F. ) ;
#1772 = DIRECTION ( 'NONE',  ( 0.000000000000000000, 0.000000000000000000, -1.000000000000000000 ) ) ;
#1773 = EDGE_LOOP ( 'NONE', ( #2094, #613 ) ) ;
#1774 = CARTESIAN_POINT ( 'NONE',  ( -4.947369754492285665, 3.195009232153282142, 12.24999999999999822 ) ) ;
#1775 = ORIENTED_EDGE ( 'NONE', *, *, #2197, .T. ) ;
#1776 = CARTESIAN_POINT ( 'NONE',  ( 388.4451796847593528, -109.6099815356934499, -1.800000000000000044 ) ) ;
#1777 = EDGE_CURVE ( 'NONE', #3685, #2795, #3347, .T. ) ;
#1778 = DIRECTION ( 'NONE',  ( 0.000000000000000000, -1.000000000000000000, 0.000000000000000000 ) ) ;
#1779 = VERTEX_POINT ( 'NONE', #1626 ) ;
#1780 = LINE ( 'NONE', #362, #1858 ) ;
#1781 = ADVANCED_FACE ( 'NONE', ( #225 ), #3401, .T. ) ;
#1782 = FACE_BOUND ( 'NONE', #1659, .T. ) ;
#1783 = DIRECTION ( 'NONE',  ( 0.000000000000000000, 0.000000000000000000, 1.000000000000000000 ) ) ;
#1784 = EDGE_CURVE ( 'NONE', #2903, #2438, #2791, .T. ) ;
#1785 = ORIENTED_EDGE ( 'NONE', *, *, #1757, .F. ) ;
#1786 = DIRECTION ( 'NONE',  ( -1.000000000000000000, 0.000000000000000000, 0.000000000000000000 ) ) ;
#1787 = VERTEX_POINT ( 'NONE', #210 ) ;
#1788 = LINE ( 'NONE', #626, #1152 ) ;
#1789 = PLANE ( 'NONE',  #3068 ) ;
#1790 = EDGE_LOOP ( 'NONE', ( #768, #2391, #3556, #2576 ) ) ;
#1791 = DIRECTION ( 'NONE',  ( -1.000000000000000000, 0.000000000000000000, 0.000000000000000000 ) ) ;
#1792 = ORIENTED_EDGE ( 'NONE', *, *, #227, .T. ) ;
#1793 = CARTESIAN_POINT ( 'NONE',  ( -0.8874547237637790964, -98.45980132780354666, 5.199999999999970868 ) ) ;
#1794 = EDGE_LOOP ( 'NONE', ( #3057, #1957, #257, #3454 ) ) ;
#1795 = EDGE_CURVE ( 'NONE', #2438, #515, #2561, .T. ) ;
#1796 = DIRECTION ( 'NONE',  ( -0.000000000000000000, -0.000000000000000000, -1.000000000000000000 ) ) ;
#1797 = DIRECTION ( 'NONE',  ( -0.000000000000000000, -0.000000000000000000, 1.000000000000000000 ) ) ;
#1798 = VERTEX_POINT ( 'NONE', #3098 ) ;
#1799 = LINE ( 'NONE', #2076, #1429 ) ;
#1800 = EDGE_CURVE ( 'NONE', #2008, #3494, #1017, .T. ) ;
#1801 = VECTOR ( 'NONE', #2059, 1000.000000000000000 ) ;
#1802 = DIRECTION ( 'NONE',  ( -0.000000000000000000, -0.000000000000000000, 1.000000000000000000 ) ) ;
#1803 = EDGE_LOOP ( 'NONE', ( #273, #113 ) ) ;
#1804 = EDGE_CURVE ( 'NONE', #2735, #1019, #2223, .T. ) ;
#1805 = ADVANCED_FACE ( 'NONE', ( #506 ), #260, .T. ) ;
#1806 = EDGE_CURVE ( 'NONE', #775, #1358, #1641, .T. ) ;
#1807 = CARTESIAN_POINT ( 'NONE',  ( 9.591284533400109780, -118.2292181297286078, 0.3358007492354353474 ) ) ;
#1808 = ORIENTED_EDGE ( 'NONE', *, *, #1496, .T. ) ;
#1809 = LINE ( 'NONE', #1205, #1881 ) ;
#1810 = CARTESIAN_POINT ( 'NONE',  ( 409.1977152147791799, -115.8793669483496274, -0.1499999999999999667 ) ) ;
#1811 = ORIENTED_EDGE ( 'NONE', *, *, #2468, .T. ) ;
#1812 = VECTOR ( 'NONE', #2336, 1000.000000000000000 ) ;
#1813 = CARTESIAN_POINT ( 'NONE',  ( 416.3821796847597057, -127.2293669483496359, -450.7362439051084380 ) ) ;
#1814 = VERTEX_POINT ( 'NONE', #810 ) ;
#1815 = CARTESIAN_POINT ( 'NONE',  ( 339.5477152147792026, -53.97200000000000841, 1.000000000000049516 ) ) ;
#1816 = VERTEX_POINT ( 'NONE', #2825 ) ;
#1817 = AXIS2_PLACEMENT_3D ( 'NONE', #473, #3390, #1667 ) ;
#1818 = AXIS2_PLACEMENT_3D ( 'NONE', #857, #1727, #2872 ) ;
#1819 = CYLINDRICAL_SURFACE ( 'NONE', #2767, 6.250000000000000000 ) ;
#1820 = VERTEX_POINT ( 'NONE', #1700 ) ;
#1821 = CARTESIAN_POINT ( 'NONE',  ( 10.68042987029309820, -127.8049907678467321, 12.24999999999999822 ) ) ;
#1822 = VECTOR ( 'NONE', #3182, 1000.000000000000000 ) ;
#1823 = FACE_OUTER_BOUND ( 'NONE', #2977, .T. ) ;
#1824 = ORIENTED_EDGE ( 'NONE', *, *, #2793, .F. ) ;
#1825 = CARTESIAN_POINT ( 'NONE',  ( 406.0641372196477619, -129.6099815356934357, -1.800000000000023803 ) ) ;
#1826 = ORIENTED_EDGE ( 'NONE', *, *, #375, .F. ) ;
#1827 = DIRECTION ( 'NONE',  ( 0.7071703182437251156, 0.7070432384197367082, 0.000000000000000000 ) ) ;
#1828 = ADVANCED_FACE ( 'NONE', ( #2846 ), #1412, .T. ) ;
#1829 = PLANE ( 'NONE',  #3463 ) ;
#1830 = ORIENTED_EDGE ( 'NONE', *, *, #1047, .T. ) ;
#1831 = ADVANCED_FACE ( 'NONE', ( #844 ), #1991, .F. ) ;
#1832 = PLANE ( 'NONE',  #1029 ) ;
#1833 = ORIENTED_EDGE ( 'NONE', *, *, #1806, .T. ) ;
#1834 = CYLINDRICAL_SURFACE ( 'NONE', #2029, 2.000000000000001776 ) ;
#1835 = VERTEX_POINT ( 'NONE', #2618 ) ;
#1836 = LINE ( 'NONE', #3589, #1144 ) ;
#1837 = ORIENTED_EDGE ( 'NONE', *, *, #1331, .T. ) ;
#1838 = CYLINDRICAL_SURFACE ( 'NONE', #178, 2.000000000000000888 ) ;
#1839 = LINE ( 'NONE', #1591, #2531 ) ;
#1840 = SHAPE_DEFINITION_REPRESENTATION ( #1183, #3033 ) ;
#1841 = EDGE_LOOP ( 'NONE', ( #358, #2328 ) ) ;
#1842 = PLANE ( 'NONE',  #1453 ) ;
#1843 = ORIENTED_EDGE ( 'NONE', *, *, #2215, .F. ) ;
#1844 = DIRECTION ( 'NONE',  ( 0.000000000000000000, -0.000000000000000000, -1.000000000000000000 ) ) ;
#1845 = EDGE_CURVE ( 'NONE', #43, #3328, #3294, .T. ) ;
#1846 = CARTESIAN_POINT ( 'NONE',  ( 39.15154527623621306, -4.000000000000000000, 3.000000000000000444 ) ) ;
#1847 = ORIENTED_EDGE ( 'NONE', *, *, #1893, .F. ) ;
#1848 = DIRECTION ( 'NONE',  ( -0.000000000000000000, -1.000000000000000000, -0.000000000000000000 ) ) ;
#1849 = ORIENTED_EDGE ( 'NONE', *, *, #1955, .T. ) ;
#1850 = FACE_OUTER_BOUND ( 'NONE', #2957, .T. ) ;
#1851 = EDGE_CURVE ( 'NONE', #1787, #2028, #1154, .T. ) ;
#1852 = CARTESIAN_POINT ( 'NONE',  ( 182.5326302455077041, 2.200000000000000178, 12.24999999999999645 ) ) ;
#1853 = ORIENTED_EDGE ( 'NONE', *, *, #397, .T. ) ;
#1854 = CARTESIAN_POINT ( 'NONE',  ( 411.1977152147791799, -115.8793669483496274, 5.599999999999999645 ) ) ;
#1855 = APPROVAL_ROLE ( '' ) ;
#1856 = B_SPLINE_CURVE_WITH_KNOTS ( 'NONE', 3,
 ( #1498, #1807, #3163, #288 ),
 .UNSPECIFIED., .F., .F.,
 ( 4, 4 ),
 ( 0.000000000000000000, 0.001475262694141534804 ),
 .UNSPECIFIED. ) ;
#1857 = ORIENTED_EDGE ( 'NONE', *, *, #397, .F. ) ;
#1858 = VECTOR ( 'NONE', #1457, 1000.000000000000000 ) ;
#1859 = FACE_BOUND ( 'NONE', #2296, .T. ) ;
#1860 = DIRECTION ( 'NONE',  ( -1.000000000000000000, 0.000000000000000000, 0.000000000000000000 ) ) ;
#1861 = DIRECTION ( 'NONE',  ( 0.000000000000000000, 0.000000000000000000, -1.000000000000000000 ) ) ;
#1862 = AXIS2_PLACEMENT_3D ( 'NONE', #3447, #3464, #874 ) ;
#1863 = VECTOR ( 'NONE', #3620, 1000.000000000000000 ) ;
#1864 = DIRECTION ( 'NONE',  ( -0.000000000000000000, -0.000000000000000000, -1.000000000000000000 ) ) ;
#1865 = CIRCLE ( 'NONE', #1627, 2.000000000000001776 ) ;
#1866 = ORIENTED_EDGE ( 'NONE', *, *, #3270, .T. ) ;
#1867 = CARTESIAN_POINT ( 'NONE',  ( 232.5726302455077246, 2.200000000000000178, 12.24999999999999645 ) ) ;
#1868 = ORIENTED_EDGE ( 'NONE', *, *, #271, .T. ) ;
#1869 = AXIS2_PLACEMENT_3D ( 'NONE', #2146, #704, #99 ) ;
#1870 = CARTESIAN_POINT ( 'NONE',  ( 5.968545276236236319, -115.9542181297286163, 5.599999999999999645 ) ) ;
#1871 = CARTESIAN_POINT ( 'NONE',  ( -3.787454723763779452, -120.7597598137749770, 10.75000000000000000 ) ) ;
#1872 = VECTOR ( 'NONE', #585, 1000.000000000000000 ) ;
#1873 = VERTEX_POINT ( 'NONE', #3 ) ;
#1874 = DIRECTION ( 'NONE',  ( -0.000000000000000000, -0.000000000000000000, -1.000000000000000000 ) ) ;
#1875 = EDGE_CURVE ( 'NONE', #2790, #2241, #2295, .T. ) ;
#1876 = VECTOR ( 'NONE', #3148, 1000.000000000000000 ) ;
#1877 = EDGE_CURVE ( 'NONE', #2086, #353, #880, .T. ) ;
#1878 = VECTOR ( 'NONE', #2477, 1000.000000000000000 ) ;
#1879 = LINE ( 'NONE', #2097, #3010 ) ;
#1880 = CALENDAR_DATE ( 2025, 8, 11 ) ;
#1881 = VECTOR ( 'NONE', #2894, 1000.000000000000000 ) ;
#1882 = DIRECTION ( 'NONE',  ( 1.000000000000000000, 0.000000000000000000, 0.000000000000000000 ) ) ;
#1883 = CONICAL_SURFACE ( 'NONE', #1516, 5.400000000000002132, 0.7853981633974479459 ) ;
#1884 = VECTOR ( 'NONE', #747, 1000.000000000000000 ) ;
#1885 = DIRECTION ( 'NONE',  ( 0.000000000000000000, 0.000000000000000000, 1.000000000000000000 ) ) ;
#1886 = DIRECTION ( 'NONE',  ( -1.000000000000000000, 0.000000000000000000, 0.000000000000000000 ) ) ;
#1887 = CARTESIAN_POINT ( 'NONE',  ( -3.787454723763779452, 2.200000000000000178, 10.75000000000000000 ) ) ;
#1888 = ORIENTED_EDGE ( 'NONE', *, *, #3675, .T. ) ;
#1889 = ORIENTED_EDGE ( 'NONE', *, *, #3492, .T. ) ;
#1890 = DIRECTION ( 'NONE',  ( 1.000000000000000000, 0.000000000000000000, -0.000000000000000000 ) ) ;
#1891 = CYLINDRICAL_SURFACE ( 'NONE', #235, 2.000000000000001332 ) ;
#1892 = VERTEX_POINT ( 'NONE', #2601 ) ;
#1893 = EDGE_CURVE ( 'NONE', #2502, #25, #2218, .T. ) ;
#1894 = PLANE ( 'NONE',  #970 ) ;
#1895 = ADVANCED_FACE ( 'NONE', ( #3152 ), #3172, .F. ) ;
#1896 = DIRECTION ( 'NONE',  ( 0.000000000000000000, 0.000000000000000000, 1.000000000000000000 ) ) ;
#1897 = EDGE_CURVE ( 'NONE', #234, #2490, #2918, .T. ) ;
#1898 = CARTESIAN_POINT ( 'NONE',  ( 334.1477152147792253, -53.97200000000000841, 5.599999999999999645 ) ) ;
#1899 = DIRECTION ( 'NONE',  ( -1.000000000000000000, 0.000000000000000000, 0.000000000000000000 ) ) ;
#1900 = DIRECTION ( 'NONE',  ( -1.000000000000000000, 0.000000000000000000, 0.000000000000000000 ) ) ;
#1901 = CYLINDRICAL_SURFACE ( 'NONE', #3122, 2.000000000000001332 ) ;
#1902 = ORIENTED_EDGE ( 'NONE', *, *, #3290, .F. ) ;
#1903 = ORIENTED_EDGE ( 'NONE', *, *, #549, .T. ) ;
#1904 = DIRECTION ( 'NONE',  ( -0.7071261234860521938, 0.7070874383579364153, 0.000000000000000000 ) ) ;
#1905 = LINE ( 'NONE', #223, #1324 ) ;
#1906 = ORIENTED_EDGE ( 'NONE', *, *, #3061, .F. ) ;
#1907 = DIRECTION ( 'NONE',  ( 0.000000000000000000, 0.000000000000000000, -1.000000000000000000 ) ) ;
#1908 = LINE ( 'NONE', #2259, #1328 ) ;
#1909 = DIRECTION ( 'NONE',  ( 0.000000000000000000, 0.000000000000000000, 1.000000000000000000 ) ) ;
#1910 = EDGE_CURVE ( 'NONE', #2914, #1153, #2818, .T. ) ;
#1911 = DIRECTION ( 'NONE',  ( 1.000000000000000000, 0.000000000000000000, 0.000000000000000000 ) ) ;
#1912 = DIRECTION ( 'NONE',  ( -0.000000000000000000, -0.000000000000000000, 1.000000000000000000 ) ) ;
#1913 = FACE_OUTER_BOUND ( 'NONE', #2129, .T. ) ;
#1914 = EDGE_LOOP ( 'NONE', ( #1637, #87 ) ) ;
#1915 = EDGE_CURVE ( 'NONE', #1229, #1057, #2879, .T. ) ;
#1916 = EDGE_CURVE ( 'NONE', #2502, #1725, #1486, .T. ) ;
#1917 = VECTOR ( 'NONE', #3086, 1000.000000000000000 ) ;
#1918 = CARTESIAN_POINT ( 'NONE',  ( 420.0526302455077143, -120.1147949636142584, 10.75000000000000000 ) ) ;
#1919 = ORIENTED_EDGE ( 'NONE', *, *, #3246, .T. ) ;
#1920 = AXIS2_PLACEMENT_3D ( 'NONE', #816, #3429, #2016 ) ;
#1921 = CARTESIAN_POINT ( 'NONE',  ( -1.277548757768496301, -127.2292181297286220, 12.24999999999999822 ) ) ;
#1922 = CARTESIAN_POINT ( 'NONE',  ( 3.968545276236235875, -115.9542181297286163, -0.1499999999999999667 ) ) ;
#1923 = ORIENTED_EDGE ( 'NONE', *, *, #3271, .F. ) ;
#1924 = VERTEX_POINT ( 'NONE', #3453 ) ;
#1925 = DIRECTION ( 'NONE',  ( 0.7071703182436933632, 0.7070432384197683495, 0.000000000000000000 ) ) ;
#1926 = VECTOR ( 'NONE', #1864, 1000.000000000000000 ) ;
#1927 = CARTESIAN_POINT ( 'NONE',  ( 0.000000000000000000, 0.000000000000000000, 10.75000000000000000 ) ) ;
#1928 = CARTESIAN_POINT ( 'NONE',  ( 401.6927152147791844, -15.00000000000000178, -0.2999999999999999334 ) ) ;
#1929 = CARTESIAN_POINT ( 'NONE',  ( 404.4240522503762918, -127.8049907678467321, 10.75000000000000000 ) ) ;
#1930 = DIRECTION ( 'NONE',  ( 1.000000000000000000, 0.000000000000000000, 0.000000000000000000 ) ) ;
#1931 = AXIS2_PLACEMENT_3D ( 'NONE', #2788, #3030, #2287 ) ;
#1932 = ORIENTED_EDGE ( 'NONE', *, *, #1047, .F. ) ;
#1933 = CIRCLE ( 'NONE', #311, 6.250000000000000000 ) ;
#1934 = VECTOR ( 'NONE', #3105, 1000.000000000000000 ) ;
#1935 = EDGE_CURVE ( 'NONE', #1967, #1452, #1450, .T. ) ;
#1936 = ADVANCED_FACE ( 'NONE', ( #2633 ), #60, .T. ) ;
#1937 = CARTESIAN_POINT ( 'NONE',  ( 394.6951796847592959, -109.6099815356934499, -0.2999999999999999334 ) ) ;
#1938 = ORGANIZATION ( 'NEURČEN', 'NEURČEN', '' ) ;
#1939 = ORIENTED_EDGE ( 'NONE', *, *, #461, .F. ) ;
#1940 = EDGE_CURVE ( 'NONE', #524, #449, #1469, .T. ) ;
#1941 = PLANE ( 'NONE',  #601 ) ;
#1942 = CARTESIAN_POINT ( 'NONE',  ( 2.412545276236220726, -4.000000000000000000, 5.599999999999999645 ) ) ;
#1943 = EDGE_LOOP ( 'NONE', ( #2360, #3273, #1919, #246 ) ) ;
#1944 = CARTESIAN_POINT ( 'NONE',  ( 411.1977152147791799, -115.8793669483496274, 5.599999999999999645 ) ) ;
#1945 = VERTEX_POINT ( 'NONE', #2359 ) ;
#1946 = DIRECTION ( 'NONE',  ( 0.000000000000000000, -0.000000000000000000, 1.000000000000000000 ) ) ;
#1947 = CARTESIAN_POINT ( 'NONE',  ( 30.24530101018599382, -3.999999999999993339, 4.000000000000000000 ) ) ;
#1948 = CARTESIAN_POINT ( 'NONE',  ( 421.6927152147791844, -121.9197857314610047, -1.800000000000023803 ) ) ;
#1949 = LINE ( 'NONE', #3076, #1863 ) ;
#1950 = CARTESIAN_POINT ( 'NONE',  ( 408.4451796847593528, -127.2293669483496359, -450.7362439051084380 ) ) ;
#1951 = ORIENTED_EDGE ( 'NONE', *, *, #926, .T. ) ;
#1952 = EDGE_CURVE ( 'NONE', #939, #1892, #3473, .T. ) ;
#1953 = CARTESIAN_POINT ( 'NONE',  ( 232.5722410603346475, -127.8049907678467321, 10.75000000000000000 ) ) ;
#1954 = VERTEX_POINT ( 'NONE', #2070 ) ;
#1955 = EDGE_CURVE ( 'NONE', #158, #658, #3213, .T. ) ;
#1956 = LINE ( 'NONE', #1060, #591 ) ;
#1957 = ORIENTED_EDGE ( 'NONE', *, *, #3358, .T. ) ;
#1958 = DIRECTION ( 'NONE',  ( 0.000000000000000000, -0.000000000000000000, -1.000000000000000000 ) ) ;
#1959 = VERTEX_POINT ( 'NONE', #1793 ) ;
#1960 = EDGE_CURVE ( 'NONE', #1755, #1099, #3658, .T. ) ;
#1961 = PLANE ( 'NONE',  #3066 ) ;
#1962 = ORIENTED_EDGE ( 'NONE', *, *, #152, .F. ) ;
#1963 = DIRECTION ( 'NONE',  ( 0.000000000000000000, 0.000000000000000000, -1.000000000000000000 ) ) ;
#1964 = CARTESIAN_POINT ( 'NONE',  ( 415.9927152147791958, -18.45989286573050236, 1.199999999999993960 ) ) ;
#1965 = PLANE ( 'NONE',  #475 ) ;
#1966 = CARTESIAN_POINT ( 'NONE',  ( 418.8927152147792299, 2.200000000000000178, 10.75000000000000000 ) ) ;
#1967 = VERTEX_POINT ( 'NONE', #940 ) ;
#1968 = DIRECTION ( 'NONE',  ( -1.000000000000000000, 0.000000000000000000, 0.000000000000000000 ) ) ;
#1969 = ORIENTED_EDGE ( 'NONE', *, *, #32, .T. ) ;
#1970 = EDGE_CURVE ( 'NONE', #1644, #1755, #2379, .T. ) ;
#1971 = DIRECTION ( 'NONE',  ( 0.000000000000000000, -0.000000000000000000, -1.000000000000000000 ) ) ;
#1972 = ORIENTED_EDGE ( 'NONE', *, *, #3173, .F. ) ;
#1973 = CARTESIAN_POINT ( 'NONE',  ( 405.2447747648839140, -118.2293669483496217, 0.000000000000000000 ) ) ;
#1974 = ORIENTED_EDGE ( 'NONE', *, *, #1960, .T. ) ;
#1975 = DIRECTION ( 'NONE',  ( 0.000000000000000000, 0.000000000000000000, -1.000000000000000000 ) ) ;
#1976 = ORIENTED_EDGE ( 'NONE', *, *, #418, .T. ) ;
#1977 = LINE ( 'NONE', #2550, #3706 ) ;
#1978 = EDGE_CURVE ( 'NONE', #1257, #1358, #2986, .T. ) ;
#1979 = AXIS2_PLACEMENT_3D ( 'NONE', #377, #2432, #2676 ) ;
#1980 = DIRECTION ( 'NONE',  ( -0.7071261234859760325, 0.7070874383580125766, 0.000000000000000000 ) ) ;
#1981 = CARTESIAN_POINT ( 'NONE',  ( 415.9927152147791958, -98.45989286573049526, 1.199999999999983968 ) ) ;
#1982 = VECTOR ( 'NONE', #3180, 1000.000000000000000 ) ;
#1983 = ORIENTED_EDGE ( 'NONE', *, *, #1548, .T. ) ;
#1984 = CIRCLE ( 'NONE', #3125, 6.250000000000001776 ) ;
#1985 = PLANE ( 'NONE',  #1272 ) ;
#1986 = ORIENTED_EDGE ( 'NONE', *, *, #1451, .T. ) ;
#1987 = VECTOR ( 'NONE', #3600, 1000.000000000000000 ) ;
#1988 = VECTOR ( 'NONE', #2156, 1000.000000000000000 ) ;
#1989 = CARTESIAN_POINT ( 'NONE',  ( -0.8874547237637790964, -98.45980132780354666, 5.199999999999970868 ) ) ;
#1990 = ORIENTED_EDGE ( 'NONE', *, *, #3127, .F. ) ;
#1991 = PLANE ( 'NONE',  #228 ) ;
#1992 = ORIENTED_EDGE ( 'NONE', *, *, #2573, .F. ) ;
#1993 = EDGE_CURVE ( 'NONE', #599, #2026, #3531, .T. ) ;
#1994 = CARTESIAN_POINT ( 'NONE',  ( 412.6927152147791844, -110.6904388316765733, 0.9999999999999376055 ) ) ;
#1995 = LINE ( 'NONE', #2864, #128 ) ;
#1996 = ORIENTED_EDGE ( 'NONE', *, *, #2291, .F. ) ;
#1997 = DIRECTION ( 'NONE',  ( 1.000000000000000000, -0.000000000000000000, -0.000000000000000000 ) ) ;
#1998 = ADVANCED_FACE ( 'NONE', ( #3232 ), #1834, .F. ) ;
#1999 = DIRECTION ( 'NONE',  ( 0.000000000000000000, -1.000000000000000000, 0.000000000000000000 ) ) ;
#2000 = CARTESIAN_POINT ( 'NONE',  ( 26.65945124223093288, -109.6099815356934499, -0.2999999999999999334 ) ) ;
#2001 = CARTESIAN_POINT ( 'NONE',  ( 405.7977152147791458, -115.8793669483496274, 5.599999999999999645 ) ) ;
#2002 = EDGE_LOOP ( 'NONE', ( #1739, #990 ) ) ;
#2003 = EDGE_CURVE ( 'NONE', #1490, #1678, #2112, .T. ) ;
#2004 = FACE_BOUND ( 'NONE', #1914, .T. ) ;
#2005 = DIRECTION ( 'NONE',  ( -0.7071261234859778089, 0.7070874383580106892, 0.000000000000000000 ) ) ;
#2006 = ORIENTED_EDGE ( 'NONE', *, *, #1128, .F. ) ;
#2007 = DIRECTION ( 'NONE',  ( 1.000000000000000000, 0.000000000000000000, 0.000000000000000000 ) ) ;
#2008 = VERTEX_POINT ( 'NONE', #1300 ) ;
#2009 = CARTESIAN_POINT ( 'NONE',  ( 9.040344901021665436, -129.6099815356934357, -1.800000000000023803 ) ) ;
#2010 = ORIENTED_EDGE ( 'NONE', *, *, #2096, .F. ) ;
#2011 = CARTESIAN_POINT ( 'NONE',  ( 2.412545276236220726, -109.7462503463070504, 0.000000000000000000 ) ) ;
#2012 = DIRECTION ( 'NONE',  ( 1.000000000000000000, 0.000000000000000000, 0.000000000000000000 ) ) ;
#2013 = EDGE_LOOP ( 'NONE', ( #3236, #1117 ) ) ;
#2014 = DIRECTION ( 'NONE',  ( 1.000000000000000000, 0.000000000000000000, 0.000000000000000000 ) ) ;
#2015 = CARTESIAN_POINT ( 'NONE',  ( 33.65154527623621306, 4.999999999999999112, -0.5499999999999983791 ) ) ;
#2016 = DIRECTION ( 'NONE',  ( 0.000000000000000000, 0.000000000000000000, 1.000000000000000000 ) ) ;
#2017 = DIRECTION ( 'NONE',  ( -1.000000000000000000, 0.000000000000000000, 0.000000000000000000 ) ) ;
#2018 = ORIENTED_EDGE ( 'NONE', *, *, #2726, .F. ) ;
#2019 = FACE_BOUND ( 'NONE', #3168, .T. ) ;
#2020 = DIRECTION ( 'NONE',  ( 0.000000000000000000, -1.000000000000000000, 0.000000000000000000 ) ) ;
#2021 = EDGE_CURVE ( 'NONE', #3266, #1814, #652, .T. ) ;
#2022 = LINE ( 'NONE', #3413, #1510 ) ;
#2023 = EDGE_LOOP ( 'NONE', ( #3085, #3032, #3419, #126 ) ) ;
#2024 = EDGE_CURVE ( 'NONE', #1345, #2890, #395, .T. ) ;
#2025 = FACE_OUTER_BOUND ( 'NONE', #1243, .T. ) ;
#2026 = VERTEX_POINT ( 'NONE', #1546 ) ;
#2027 = DIRECTION ( 'NONE',  ( 0.000000000000000000, 0.000000000000000000, -1.000000000000000000 ) ) ;
#2028 = VERTEX_POINT ( 'NONE', #2694 ) ;
#2029 = AXIS2_PLACEMENT_3D ( 'NONE', #2973, #3258, #159 ) ;
#2030 = CARTESIAN_POINT ( 'NONE',  ( 13.41254527623619808, -15.00000000000000178, -0.2999999999999999334 ) ) ;
#2031 = CARTESIAN_POINT ( 'NONE',  ( 132.6326302455076984, 2.199999999999997069, 62.15991928837468095 ) ) ;
#2032 = ORIENTED_EDGE ( 'NONE', *, *, #1613, .T. ) ;
#2033 = LINE ( 'NONE', #600, #3108 ) ;
#2034 = VECTOR ( 'NONE', #1351, 1000.000000000000000 ) ;
#2035 = CARTESIAN_POINT ( 'NONE',  ( 232.5722410603346475, -126.8099815356934243, 12.24999999999999645 ) ) ;
#2036 = CARTESIAN_POINT ( 'NONE',  ( -0.1177956498029014282, -124.4292181297286106, 10.75000000000000000 ) ) ;
#2037 = CARTESIAN_POINT ( 'NONE',  ( 415.2225290942949414, -124.4293669483496245, 10.75000000000000000 ) ) ;
#2038 = AXIS2_PLACEMENT_3D ( 'NONE', #2373, #3002, #2708 ) ;
#2039 = CC_DESIGN_PERSON_AND_ORGANIZATION_ASSIGNMENT ( #2742, #2478, ( #39 ) ) ;
#2040 = ORIENTED_EDGE ( 'NONE', *, *, #2509, .T. ) ;
#2041 = VECTOR ( 'NONE', #3150, 1000.000000000000000 ) ;
#2042 = FACE_OUTER_BOUND ( 'NONE', #576, .T. ) ;
#2043 = FACE_OUTER_BOUND ( 'NONE', #866, .T. ) ;
#2044 = DIRECTION ( 'NONE',  ( -0.000000000000000000, 1.000000000000000000, 0.000000000000000000 ) ) ;
#2045 = ORIENTED_EDGE ( 'NONE', *, *, #2139, .T. ) ;
#2046 = VECTOR ( 'NONE', #2340, 1000.000000000000000 ) ;
#2047 = ADVANCED_FACE ( 'NONE', ( #121 ), #1565, .F. ) ;
#2048 = EDGE_CURVE ( 'NONE', #3093, #2955, #736, .T. ) ;
#2049 = CARTESIAN_POINT ( 'NONE',  ( 411.1977152147791799, -115.8793669483496274, 0.9999999999999376055 ) ) ;
#2050 = VECTOR ( 'NONE', #2451, 1000.000000000000000 ) ;
#2051 = ORIENTED_EDGE ( 'NONE', *, *, #2854, .T. ) ;
#2052 = CARTESIAN_POINT ( 'NONE',  ( 33.49154527623622357, -69.05098153569343822, -0.1499999999999999667 ) ) ;
#2053 = ORIENTED_EDGE ( 'NONE', *, *, #2048, .T. ) ;
#2054 = AXIS2_PLACEMENT_3D ( 'NONE', #870, #3241, #664 ) ;
#2055 = VECTOR ( 'NONE', #779, 1000.000000000000000 ) ;
#2056 = DIRECTION ( 'NONE',  ( -1.000000000000000000, 0.000000000000000000, 0.000000000000000000 ) ) ;
#2057 = DIRECTION ( 'NONE',  ( 1.000000000000000000, 0.000000000000000000, 0.000000000000000000 ) ) ;
#2058 = VERTEX_POINT ( 'NONE', #3288 ) ;
#2059 = DIRECTION ( 'NONE',  ( 0.000000000000000000, 1.000000000000000000, 0.000000000000000000 ) ) ;
#2060 = DIRECTION ( 'NONE',  ( 0.000000000000000000, 1.000000000000000000, 0.000000000000000000 ) ) ;
#2061 = VERTEX_POINT ( 'NONE', #101 ) ;
#2062 = EDGE_CURVE ( 'NONE', #2611, #1153, #3554, .T. ) ;
#2063 = DIRECTION ( 'NONE',  ( 1.000000000000000000, 0.000000000000000000, -0.000000000000000000 ) ) ;
#2064 = ORIENTED_EDGE ( 'NONE', *, *, #2139, .F. ) ;
#2065 = DIRECTION ( 'NONE',  ( -1.000000000000000000, 0.000000000000000000, 0.000000000000000000 ) ) ;
#2066 = FACE_OUTER_BOUND ( 'NONE', #1525, .T. ) ;
#2067 = ORIENTED_EDGE ( 'NONE', *, *, #1960, .F. ) ;
#2068 = DIRECTION ( 'NONE',  ( -1.000000000000000000, 0.000000000000000000, 0.000000000000000000 ) ) ;
#2069 = ORIENTED_EDGE ( 'NONE', *, *, #742, .F. ) ;
#2070 = CARTESIAN_POINT ( 'NONE',  ( 7.697018354324194789, -124.8217424669712159, 10.75000000000000000 ) ) ;
#2071 = EDGE_CURVE ( 'NONE', #3668, #191, #986, .T. ) ;
#2072 = ORIENTED_EDGE ( 'NONE', *, *, #690, .T. ) ;
#2073 = CARTESIAN_POINT ( 'NONE',  ( 336.1477152147792253, -53.97200000000000841, 5.599999999999999645 ) ) ;
#2074 = CARTESIAN_POINT ( 'NONE',  ( 2.412545276236220726, -4.000000000000000000, 5.599999999999999645 ) ) ;
#2075 = VERTEX_POINT ( 'NONE', #3008 ) ;
#2076 = CARTESIAN_POINT ( 'NONE',  ( -3.787454723763779452, -120.7597598137749770, 5.599999999999999645 ) ) ;
#2077 = EDGE_CURVE ( 'NONE', #2693, #2322, #706, .T. ) ;
#2078 = EDGE_CURVE ( 'NONE', #335, #2689, #2736, .T. ) ;
#2079 = LINE ( 'NONE', #1240, #1509 ) ;
#2080 = CARTESIAN_POINT ( 'NONE',  ( 413.1977152147791799, -115.8793669483496274, -0.1499999999999999667 ) ) ;
#2081 = VERTEX_POINT ( 'NONE', #1204 ) ;
#2082 = CARTESIAN_POINT ( 'NONE',  ( 33.65154527623621306, -4.000000000000000000, 3.000000000000000444 ) ) ;
#2083 = EDGE_LOOP ( 'NONE', ( #3402, #2768, #3601, #2807 ) ) ;
#2084 = CARTESIAN_POINT ( 'NONE',  ( 382.1951796847593528, -109.6099815356934499, -0.2999999999999999334 ) ) ;
#2085 = DIRECTION ( 'NONE',  ( 0.000000000000000000, -0.000000000000000000, -1.000000000000000000 ) ) ;
#2086 = VERTEX_POINT ( 'NONE', #2612 ) ;
#2087 = DIRECTION ( 'NONE',  ( 0.000000000000000000, 0.000000000000000000, 1.000000000000000000 ) ) ;
#2088 = ORIENTED_EDGE ( 'NONE', *, *, #1179, .F. ) ;
#2089 = CARTESIAN_POINT ( 'NONE',  ( -0.1177956498029014282, -124.4292181297286106, 10.75000000000000000 ) ) ;
#2090 = ORIENTED_EDGE ( 'NONE', *, *, #1197, .F. ) ;
#2091 = LINE ( 'NONE', #695, #3070 ) ;
#2092 = LINE ( 'NONE', #1852, #3242 ) ;
#2093 = CIRCLE ( 'NONE', #578, 2.000000000000001332 ) ;
#2094 = ORIENTED_EDGE ( 'NONE', *, *, #782, .T. ) ;
#2095 = CARTESIAN_POINT ( 'NONE',  ( 404.4240522503762918, -127.8049907678467321, 12.24999999999999822 ) ) ;
#2096 = EDGE_CURVE ( 'NONE', #3607, #1674, #354, .T. ) ;
#2097 = CARTESIAN_POINT ( 'NONE',  ( 182.5322410603347123, -126.8099815356934243, 62.15991928837468095 ) ) ;
#2098 = EDGE_CURVE ( 'NONE', #2395, #1316, #916, .T. ) ;
#2099 = FACE_OUTER_BOUND ( 'NONE', #2083, .T. ) ;
#2100 = AXIS2_PLACEMENT_3D ( 'NONE', #2861, #2577, #575 ) ;
#2101 = VERTEX_POINT ( 'NONE', #3247 ) ;
#2102 = AXIS2_PLACEMENT_3D ( 'NONE', #3038, #1885, #2815 ) ;
#2103 = EDGE_CURVE ( 'NONE', #1487, #1415, #2996, .T. ) ;
#2104 = DIRECTION ( 'NONE',  ( 0.000000000000000000, 0.000000000000000000, -1.000000000000000000 ) ) ;
#2105 = VERTEX_POINT ( 'NONE', #18 ) ;
#2106 = DIRECTION ( 'NONE',  ( 0.000000000000000000, -0.000000000000000000, 1.000000000000000000 ) ) ;
#2107 = DIRECTION ( 'NONE',  ( 0.7071261234860521938, -0.7070874383579364153, 0.000000000000000000 ) ) ;
#2108 = ORIENTED_EDGE ( 'NONE', *, *, #827, .T. ) ;
#2109 = AXIS2_PLACEMENT_3D ( 'NONE', #3558, #2437, #2150 ) ;
#2110 = CARTESIAN_POINT ( 'NONE',  ( 33.65154527623621306, 19.46271067262288312, 6.549999999999999822 ) ) ;
#2111 = ORIENTED_EDGE ( 'NONE', *, *, #3520, .F. ) ;
#2112 = LINE ( 'NONE', #2678, #2762 ) ;
#2113 = ORIENTED_EDGE ( 'NONE', *, *, #2493, .F. ) ;
#2114 = VECTOR ( 'NONE', #617, 1000.000000000000000 ) ;
#2115 = CARTESIAN_POINT ( 'NONE',  ( -3.787454723763779452, -120.7597598137749770, 10.75000000000000000 ) ) ;
#2116 = VECTOR ( 'NONE', #3465, 1000.000000000000000 ) ;
#2117 = DIRECTION ( 'NONE',  ( -0.000000000000000000, -1.000000000000000000, -0.000000000000000000 ) ) ;
#2118 = VERTEX_POINT ( 'NONE', #2345 ) ;
#2119 = LINE ( 'NONE', #1322, #955 ) ;
#2120 = VECTOR ( 'NONE', #764, 1000.000000000000000 ) ;
#2121 = AXIS2_PLACEMENT_3D ( 'NONE', #135, #1258, #3323 ) ;
#2122 = DIRECTION ( 'NONE',  ( 1.000000000000000000, 0.000000000000000000, 0.000000000000000000 ) ) ;
#2123 = PERSON_AND_ORGANIZATION ( #784, #1938 ) ;
#2124 = ORIENTED_EDGE ( 'NONE', *, *, #2165, .T. ) ;
#2125 = ADVANCED_FACE ( 'NONE', ( #2911 ), #1442, .T. ) ;
#2126 = DIRECTION ( 'NONE',  ( 0.000000000000000000, -0.000000000000000000, -1.000000000000000000 ) ) ;
#2127 = ORIENTED_EDGE ( 'NONE', *, *, #1915, .T. ) ;
#2128 = FACE_BOUND ( 'NONE', #950, .T. ) ;
#2129 = EDGE_LOOP ( 'NONE', ( #903, #356, #835, #1889, #1390, #2127, #2032, #2591, #1558, #174 ) ) ;
#2130 = CARTESIAN_POINT ( 'NONE',  ( 388.4451796847593528, -109.6099815356934499, -0.2999999999999999334 ) ) ;
#2131 = EDGE_LOOP ( 'NONE', ( #1992, #3228 ) ) ;
#2132 = CARTESIAN_POINT ( 'NONE',  ( 404.7177313582652687, -118.2293669483496217, 0.000000000000000000 ) ) ;
#2133 = ORIENTED_EDGE ( 'NONE', *, *, #1800, .T. ) ;
#2134 = DIRECTION ( 'NONE',  ( 0.000000000000000000, 0.000000000000000000, 1.000000000000000000 ) ) ;
#2135 = ORIENTED_EDGE ( 'NONE', *, *, #2650, .T. ) ;
#2136 = CARTESIAN_POINT ( 'NONE',  ( 415.9927152147791958, -98.45989286573049526, 3.199999999999985523 ) ) ;
#2137 = LINE ( 'NONE', #3320, #3366 ) ;
#2138 = DATE_AND_TIME ( #1880, #2182 ) ;
#2139 = EDGE_CURVE ( 'NONE', #2322, #3715, #53, .T. ) ;
#2140 = ORIENTED_EDGE ( 'NONE', *, *, #82, .F. ) ;
#2141 = DIRECTION ( 'NONE',  ( -1.000000000000000000, 0.000000000000000000, 0.000000000000000000 ) ) ;
#2142 = ORIENTED_EDGE ( 'NONE', *, *, #2858, .F. ) ;
#2143 = CARTESIAN_POINT ( 'NONE',  ( 415.9927152147791958, -98.45989286573049526, 3.199999999999985523 ) ) ;
#2144 = ADVANCED_FACE ( 'NONE', ( #2306 ), #643, .T. ) ;
#2145 = ADVANCED_FACE ( 'NONE', ( #2042 ), #707, .T. ) ;
#2146 = CARTESIAN_POINT ( 'NONE',  ( 411.1977152147791799, -115.8793669483496274, -0.1499999999999999667 ) ) ;
#2147 = ORIENTED_EDGE ( 'NONE', *, *, #3376, .T. ) ;
#2148 = DIRECTION ( 'NONE',  ( 1.000000000000000000, 0.000000000000000000, 0.000000000000000000 ) ) ;
#2149 = ORIENTED_EDGE ( 'NONE', *, *, #572, .F. ) ;
#2150 = DIRECTION ( 'NONE',  ( -1.000000000000000000, 3.496985714454837195E-15, 0.000000000000000000 ) ) ;
#2151 = ORIENTED_EDGE ( 'NONE', *, *, #3539, .F. ) ;
#2152 = CARTESIAN_POINT ( 'NONE',  ( 418.8927152147792299, 2.200000000000000178, 10.75000000000000000 ) ) ;
#2153 = AXIS2_PLACEMENT_3D ( 'NONE', #1491, #3442, #343 ) ;
#2154 = CARTESIAN_POINT ( 'NONE',  ( 26.65945124223093288, -109.6099815356934499, -0.2999999999999999334 ) ) ;
#2155 = APPROVAL_STATUS ( 'not_yet_approved' ) ;
#2156 = DIRECTION ( 'NONE',  ( -0.000000000000000000, -0.000000000000000000, -1.000000000000000000 ) ) ;
#2157 = PLANE ( 'NONE',  #960 ) ;
#2158 = DIRECTION ( 'NONE',  ( -0.000000000000000000, -0.000000000000000000, -1.000000000000000000 ) ) ;
#2159 = ORIENTED_EDGE ( 'NONE', *, *, #2701, .F. ) ;
#2160 = AXIS2_PLACEMENT_3D ( 'NONE', #284, #1438, #2852 ) ;
#2161 = DIRECTION ( 'NONE',  ( -1.000000000000000000, 0.000000000000000000, 0.000000000000000000 ) ) ;
#2162 = VECTOR ( 'NONE', #3386, 1000.000000000000000 ) ;
#2163 = EDGE_LOOP ( 'NONE', ( #1479, #3569, #2190, #306, #3009, #1238, #1540, #3112, #1704, #1976, #1830, #520, #1130, #173 ) ) ;
#2164 = ORIENTED_EDGE ( 'NONE', *, *, #615, .T. ) ;
#2165 = EDGE_CURVE ( 'NONE', #2105, #1167, #1856, .T. ) ;
#2166 = ADVANCED_FACE ( 'NONE', ( #94, #2019, #893 ), #3185, .F. ) ;
#2167 = AXIS2_PLACEMENT_3D ( 'NONE', #1544, #2692, #3529 ) ;
#2168 = CARTESIAN_POINT ( 'NONE',  ( 182.5322410603347123, -126.8099815356934243, 12.24999999999999645 ) ) ;
#2169 = PLANE ( 'NONE',  #3542 ) ;
#2170 = AXIS2_PLACEMENT_3D ( 'NONE', #2154, #400, #1607 ) ;
#2171 = ORIENTED_EDGE ( 'NONE', *, *, #439, .F. ) ;
#2172 = AXIS2_PLACEMENT_3D ( 'NONE', #2596, #3488, #2005 ) ;
#2173 = CIRCLE ( 'NONE', #665, 5.400000000000000355 ) ;
#2174 = CARTESIAN_POINT ( 'NONE',  ( 232.5726302455077246, 2.200000000000000178, 12.24999999999999645 ) ) ;
#2175 = COORDINATED_UNIVERSAL_TIME_OFFSET ( 1, 0, .AHEAD. ) ;
#2176 = DIRECTION ( 'NONE',  ( -0.000000000000000000, -0.000000000000000000, 1.000000000000000000 ) ) ;
#2177 = VECTOR ( 'NONE', #1602, 1000.000000000000114 ) ;
#2178 = DIRECTION ( 'NONE',  ( -0.000000000000000000, -0.000000000000000000, -1.000000000000000000 ) ) ;
#2179 = CIRCLE ( 'NONE', #1759, 6.249999999999977796 ) ;
#2180 = PLANE ( 'NONE',  #2581 ) ;
#2181 = DIRECTION ( 'NONE',  ( -1.000000000000000000, 0.000000000000000000, 0.000000000000000000 ) ) ;
#2182 = LOCAL_TIME ( 19, 24, 34.00000000000000000, #2457 ) ;
#2183 = EDGE_CURVE ( 'NONE', #1892, #3201, #2948, .T. ) ;
#2184 = LINE ( 'NONE', #2238, #2645 ) ;
#2185 = ORIENTED_EDGE ( 'NONE', *, *, #1278, .F. ) ;
#2186 = EDGE_LOOP ( 'NONE', ( #755, #1015, #3681, #1720 ) ) ;
#2187 = PLANE ( 'NONE',  #1931 ) ;
#2188 = ADVANCED_FACE ( 'NONE', ( #1225 ), #2372, .F. ) ;
#2189 = CARTESIAN_POINT ( 'NONE',  ( 12.76812274805451608, -120.6099815356934357, 5.599999999999999645 ) ) ;
#2190 = ORIENTED_EDGE ( 'NONE', *, *, #3244, .F. ) ;
#2191 = LINE ( 'NONE', #2152, #2270 ) ;
#2192 = CARTESIAN_POINT ( 'NONE',  ( 10.20009800898741759, -126.8099815356934243, 10.75000000000000000 ) ) ;
#2193 = ADVANCED_FACE ( 'NONE', ( #933 ), #315, .T. ) ;
#2194 = APPROVAL_STATUS ( 'not_yet_approved' ) ;
#2195 = ADVANCED_FACE ( 'NONE', ( #1462, #2670 ), #2390, .F. ) ;
#2196 = CARTESIAN_POINT ( 'NONE',  ( 2.450229089263784577, -118.2292181297286078, 5.599999999999999645 ) ) ;
#2197 = EDGE_CURVE ( 'NONE', #2490, #2769, #1185, .T. ) ;
#2198 = PLANE ( 'NONE',  #1157 ) ;
#2199 = CARTESIAN_POINT ( 'NONE',  ( 19.66254527623619808, -15.00000000000000178, -1.800000000000000044 ) ) ;
#2200 = PLANE ( 'NONE',  #3016 ) ;
#2201 = PLANE ( 'NONE',  #534 ) ;
#2202 = ORIENTED_EDGE ( 'NONE', *, *, #2003, .F. ) ;
#2203 = PLANE ( 'NONE',  #192 ) ;
#2204 = DIRECTION ( 'NONE',  ( -0.000000000000000000, -0.000000000000000000, -1.000000000000000000 ) ) ;
#2205 = VERTEX_POINT ( 'NONE', #2759 ) ;
#2206 = ORIENTED_EDGE ( 'NONE', *, *, #2537, .T. ) ;
#2207 = DIRECTION ( 'NONE',  ( -1.000000000000000000, -0.000000000000000000, -0.000000000000000000 ) ) ;
#2208 = CARTESIAN_POINT ( 'NONE',  ( -4.947369754492285665, 3.195009232153282142, 12.24999999999999822 ) ) ;
#2209 = EDGE_CURVE ( 'NONE', #3209, #2061, #913, .T. ) ;
#2210 = EDGE_CURVE ( 'NONE', #2955, #2105, #3616, .T. ) ;
#2211 = DIRECTION ( 'NONE',  ( -0.000000000000000000, -0.000000000000000000, -1.000000000000000000 ) ) ;
#2212 = CYLINDRICAL_SURFACE ( 'NONE', #3238, 2.000000000000001332 ) ;
#2213 = DIRECTION ( 'NONE',  ( -1.000000000000000000, 0.000000000000000000, 0.000000000000000000 ) ) ;
#2214 = EDGE_LOOP ( 'NONE', ( #1440, #3343, #2830, #403 ) ) ;
#2215 = EDGE_CURVE ( 'NONE', #2549, #2735, #402, .T. ) ;
#2216 = CARTESIAN_POINT ( 'NONE',  ( 38.89154527623622926, -69.05098153569343822, 1.000000000000015543 ) ) ;
#2217 = VERTEX_POINT ( 'NONE', #1330 ) ;
#2218 = CIRCLE ( 'NONE', #527, 3.549999999999998934 ) ;
#2219 = VECTOR ( 'NONE', #88, 1000.000000000000000 ) ;
#2220 = DIRECTION ( 'NONE',  ( -0.000000000000000000, 1.000000000000000000, -0.000000000000000000 ) ) ;
#2221 = CARTESIAN_POINT ( 'NONE',  ( 10.38722908926378174, -118.2292181297286078, 5.599999999999999645 ) ) ;
#2222 = ORIENTED_EDGE ( 'NONE', *, *, #1680, .F. ) ;
#2223 = LINE ( 'NONE', #1079, #1917 ) ;
#2224 = ORIENTED_EDGE ( 'NONE', *, *, #483, .F. ) ;
#2225 = VECTOR ( 'NONE', #3627, 1000.000000000000114 ) ;
#2226 = DIRECTION ( 'NONE',  ( -1.000000000000000000, 0.000000000000000000, -0.000000000000000000 ) ) ;
#2227 = CIRCLE ( 'NONE', #2770, 2.000000000000001332 ) ;
#2228 = VERTEX_POINT ( 'NONE', #2731 ) ;
#2229 = CYLINDRICAL_SURFACE ( 'NONE', #3407, 2.000000000000001332 ) ;
#2230 = VECTOR ( 'NONE', #2425, 1000.000000000000000 ) ;
#2231 = DIRECTION ( 'NONE',  ( 0.000000000000000000, 0.000000000000000000, -1.000000000000000000 ) ) ;
#2232 = DIRECTION ( 'NONE',  ( 1.000000000000000000, 0.000000000000000000, 0.000000000000000000 ) ) ;
#2233 = CARTESIAN_POINT ( 'NONE',  ( 26.65945124223093288, -109.6099815356934499, -1.800000000000000044 ) ) ;
#2234 = AXIS2_PLACEMENT_3D ( 'NONE', #3448, #488, #207 ) ;
#2235 = ADVANCED_FACE ( 'NONE', ( #1577 ), #3338, .T. ) ;
#2236 = VECTOR ( 'NONE', #726, 1000.000000000000000 ) ;
#2237 = VECTOR ( 'NONE', #1610, 1000.000000000000000 ) ;
#2238 = CARTESIAN_POINT ( 'NONE',  ( -4.947369754492285665, 3.195009232153282142, 10.75000000000000000 ) ) ;
#2239 = VERTEX_POINT ( 'NONE', #458 ) ;
#2240 = PLANE ( 'NONE',  #131 ) ;
#2241 = VERTEX_POINT ( 'NONE', #1825 ) ;
#2242 = ORIENTED_EDGE ( 'NONE', *, *, #2382, .F. ) ;
#2243 = CARTESIAN_POINT ( 'NONE',  ( 2.412545276236220726, -4.000000000000000000, 0.000000000000000000 ) ) ;
#2244 = ORIENTED_EDGE ( 'NONE', *, *, #674, .T. ) ;
#2245 = CARTESIAN_POINT ( 'NONE',  ( 33.49154527623622357, -69.05098153569343822, 5.599999999999999645 ) ) ;
#2246 = MANIFOLD_SOLID_BREP ( 'Odebrat vysunut\X2\00ed\X0\m6', #58 ) ;
#2247 = CARTESIAN_POINT ( 'NONE',  ( 420.0526302455077143, 3.195009232153282142, 12.24999999999999822 ) ) ;
#2248 = EDGE_CURVE ( 'NONE', #2974, #2934, #994, .T. ) ;
#2249 = FACE_OUTER_BOUND ( 'NONE', #2696, .T. ) ;
#2250 = CARTESIAN_POINT ( 'NONE',  ( 24.40154527623621306, -11.20000000000009344, 5.599999999999999645 ) ) ;
#2251 = ORIENTED_EDGE ( 'NONE', *, *, #2833, .T. ) ;
#2252 = FACE_OUTER_BOUND ( 'NONE', #3693, .T. ) ;
#2253 = ORIENTED_EDGE ( 'NONE', *, *, #1254, .F. ) ;
#2254 = EDGE_CURVE ( 'NONE', #1345, #3289, #1223, .T. ) ;
#2255 = EDGE_CURVE ( 'NONE', #3468, #3357, #3022, .T. ) ;
#2256 = CARTESIAN_POINT ( 'NONE',  ( 132.6326302455076984, 3.195009232153308787, 62.15991928837468095 ) ) ;
#2257 = ORIENTED_EDGE ( 'NONE', *, *, #2292, .F. ) ;
#2258 = VERTEX_POINT ( 'NONE', #1539 ) ;
#2259 = CARTESIAN_POINT ( 'NONE',  ( 1.968545276236234765, -115.9542181297286163, -0.1499999999999999667 ) ) ;
#2260 = ORIENTED_EDGE ( 'NONE', *, *, #462, .F. ) ;
#2261 = CARTESIAN_POINT ( 'NONE',  ( 415.9927152147791958, -18.45989286573050236, 3.199999999999995293 ) ) ;
#2262 = LINE ( 'NONE', #832, #2055 ) ;
#2263 = PLANE ( 'NONE',  #531 ) ;
#2264 = LINE ( 'NONE', #2799, #3490 ) ;
#2265 = EDGE_CURVE ( 'NONE', #2693, #342, #2411, .T. ) ;
#2266 = APPROVAL ( #757, 'NEURČEN' ) ;
#2267 = EDGE_CURVE ( 'NONE', #2750, #3201, #444, .T. ) ;
#2268 = DIRECTION ( 'NONE',  ( 0.000000000000000000, 0.000000000000000000, 1.000000000000000000 ) ) ;
#2269 = ORIENTED_EDGE ( 'NONE', *, *, #2071, .T. ) ;
#2270 = VECTOR ( 'NONE', #2740, 1000.000000000000000 ) ;
#2271 = CARTESIAN_POINT ( 'NONE',  ( 406.3358739997660791, -118.2293669483496217, 0.9999999999999376055 ) ) ;
#2272 = EDGE_LOOP ( 'NONE', ( #1906, #2222, #2722, #464 ) ) ;
#2273 = EDGE_CURVE ( 'NONE', #1311, #1814, #1595, .T. ) ;
#2274 = ORIENTED_EDGE ( 'NONE', *, *, #313, .T. ) ;
#2275 = EDGE_CURVE ( 'NONE', #2890, #3424, #790, .T. ) ;
#2276 = AXIS2_PLACEMENT_3D ( 'NONE', #350, #76, #934 ) ;
#2277 = CYLINDRICAL_SURFACE ( 'NONE', #974, 2.000000000000001776 ) ;
#2278 = EDGE_LOOP ( 'NONE', ( #2968, #792, #318, #1399 ) ) ;
#2279 = DIRECTION ( 'NONE',  ( -1.000000000000000000, 0.000000000000000000, 0.000000000000000000 ) ) ;
#2280 = AXIS2_PLACEMENT_3D ( 'NONE', #8, #3516, #2298 ) ;
#2281 = DIRECTION ( 'NONE',  ( -1.000000000000000000, 0.000000000000000000, 0.000000000000000000 ) ) ;
#2282 = LINE ( 'NONE', #3708, #1203 ) ;
#2283 = CARTESIAN_POINT ( 'NONE',  ( 232.5726302455077246, 3.195009232153282142, 10.75000000000000000 ) ) ;
#2284 = AXIS2_PLACEMENT_3D ( 'NONE', #1437, #621, #2368 ) ;
#2285 = ORIENTED_EDGE ( 'NONE', *, *, #3383, .F. ) ;
#2286 = VECTOR ( 'NONE', #1542, 1000.000000000000000 ) ;
#2287 = DIRECTION ( 'NONE',  ( -0.7071703182437242274, -0.7070432384197375963, 0.000000000000000000 ) ) ;
#2288 = FACE_OUTER_BOUND ( 'NONE', #861, .T. ) ;
#2289 = ORIENTED_EDGE ( 'NONE', *, *, #2730, .F. ) ;
#2290 = AXIS2_PLACEMENT_3D ( 'NONE', #1478, #889, #2962 ) ;
#2291 = EDGE_CURVE ( 'NONE', #2584, #41, #3306, .T. ) ;
#2292 = EDGE_CURVE ( 'NONE', #342, #1452, #2442, .T. ) ;
#2293 = PLANE ( 'NONE',  #3304 ) ;
#2294 = VERTEX_POINT ( 'NONE', #2707 ) ;
#2295 = LINE ( 'NONE', #2009, #3166 ) ;
#2296 = EDGE_LOOP ( 'NONE', ( #2630, #2963 ) ) ;
#2297 = CARTESIAN_POINT ( 'NONE',  ( 406.0641372196477619, -129.6099815356934357, 12.24999999999999822 ) ) ;
#2298 = DIRECTION ( 'NONE',  ( 0.000000000000000000, -0.000000000000000000, -1.000000000000000000 ) ) ;
#2299 = EDGE_LOOP ( 'NONE', ( #2784, #409, #3043, #426 ) ) ;
#2300 = DIRECTION ( 'NONE',  ( 1.000000000000000000, 0.000000000000000000, 0.000000000000000000 ) ) ;
#2301 = ADVANCED_FACE ( 'NONE', ( #1859, #1307 ), #2198, .T. ) ;
#2302 = CARTESIAN_POINT ( 'NONE',  ( 415.9927152147791958, -98.45989286573049526, 5.199999999999986855 ) ) ;
#2303 = EDGE_CURVE ( 'NONE', #3314, #1090, #16, .T. ) ;
#2304 = DIRECTION ( 'NONE',  ( -0.000000000000000000, -0.000000000000000000, -1.000000000000000000 ) ) ;
#2305 = DIRECTION ( 'NONE',  ( 1.000000000000000000, 0.000000000000000000, -0.000000000000000000 ) ) ;
#2306 = FACE_OUTER_BOUND ( 'NONE', #3369, .T. ) ;
#2307 = DIRECTION ( 'NONE',  ( -0.000000000000000000, -1.000000000000000000, -0.000000000000000000 ) ) ;
#2308 = LINE ( 'NONE', #1206, #2652 ) ;
#2309 = VERTEX_POINT ( 'NONE', #387 ) ;
#2310 = ADVANCED_FACE ( 'NONE', ( #685 ), #1842, .F. ) ;
#2311 = LINE ( 'NONE', #3493, #1441 ) ;
#2312 = ORIENTED_EDGE ( 'NONE', *, *, #3690, .F. ) ;
#2313 = DIRECTION ( 'NONE',  ( 1.000000000000000000, 0.000000000000000000, -0.000000000000000000 ) ) ;
#2314 = ORIENTED_EDGE ( 'NONE', *, *, #1730, .T. ) ;
#2315 = DIRECTION ( 'NONE',  ( 0.000000000000000000, 0.000000000000000000, -1.000000000000000000 ) ) ;
#2316 = CARTESIAN_POINT ( 'NONE',  ( 334.1477152147792253, -53.97200000000000841, -0.1499999999999999667 ) ) ;
#2317 = ORIENTED_EDGE ( 'NONE', *, *, #1347, .F. ) ;
#2318 = DIRECTION ( 'NONE',  ( 0.000000000000000000, 1.000000000000000000, 0.000000000000000000 ) ) ;
#2319 = FACE_OUTER_BOUND ( 'NONE', #259, .T. ) ;
#2320 = DIRECTION ( 'NONE',  ( -0.000000000000000000, -1.000000000000000000, -0.000000000000000000 ) ) ;
#2321 = CARTESIAN_POINT ( 'NONE',  ( 0.000000000000000000, 0.000000000000000000, 0.000000000000000000 ) ) ;
#2322 = VERTEX_POINT ( 'NONE', #3001 ) ;
#2323 = EDGE_CURVE ( 'NONE', #2101, #3357, #1365, .T. ) ;
#2324 = EDGE_CURVE ( 'NONE', #2217, #1547, #1106, .T. ) ;
#2325 = DIRECTION ( 'NONE',  ( 0.7071261234859760325, -0.7070874383580125766, 0.000000000000000000 ) ) ;
#2326 = LINE ( 'NONE', #586, #3254 ) ;
#2327 = DIRECTION ( 'NONE',  ( -0.000000000000000000, -0.000000000000000000, -1.000000000000000000 ) ) ;
#2328 = ORIENTED_EDGE ( 'NONE', *, *, #3632, .T. ) ;
#2329 = EDGE_CURVE ( 'NONE', #429, #2118, #1697, .T. ) ;
#2330 = PLANE ( 'NONE',  #1686 ) ;
#2331 = ORIENTED_EDGE ( 'NONE', *, *, #2730, .T. ) ;
#2332 = CARTESIAN_POINT ( 'NONE',  ( 412.6927152147791844, -4.000000000000000000, 0.000000000000000000 ) ) ;
#2333 = ORIENTED_EDGE ( 'NONE', *, *, #807, .F. ) ;
#2334 = VECTOR ( 'NONE', #42, 1000.000000000000000 ) ;
#2335 = DIRECTION ( 'NONE',  ( -0.000000000000000000, -0.000000000000000000, 1.000000000000000000 ) ) ;
#2336 = DIRECTION ( 'NONE',  ( -0.000000000000000000, -1.000000000000000000, -0.000000000000000000 ) ) ;
#2337 = ORIENTED_EDGE ( 'NONE', *, *, #1877, .F. ) ;
#2338 = LINE ( 'NONE', #2923, #1616 ) ;
#2339 = VECTOR ( 'NONE', #529, 1000.000000000000000 ) ;
#2340 = DIRECTION ( 'NONE',  ( -0.000000000000000000, -0.000000000000000000, -1.000000000000000000 ) ) ;
#2341 = CIRCLE ( 'NONE', #294, 5.400000000000016342 ) ;
#2342 = ADVANCED_FACE ( 'NONE', ( #798 ), #3052, .F. ) ;
#2343 = VERTEX_POINT ( 'NONE', #3635 ) ;
#2344 = VECTOR ( 'NONE', #731, 1000.000000000000000 ) ;
#2345 = CARTESIAN_POINT ( 'NONE',  ( 2.412545276236220726, -110.7832545831543456, 5.599999999999999645 ) ) ;
#2346 = EDGE_CURVE ( 'NONE', #1924, #79, #1633, .T. ) ;
#2347 = CARTESIAN_POINT ( 'NONE',  ( 421.6927152147791844, -98.45989286573049526, 1.199999999999983968 ) ) ;
#2348 = CARTESIAN_POINT ( 'NONE',  ( 3.968545276236235875, -115.9542181297286163, 0.9999999999999931166 ) ) ;
#2349 = AXIS2_PLACEMENT_3D ( 'NONE', #35, #952, #2104 ) ;
#2350 = PLANE ( 'NONE',  #2172 ) ;
#2351 = VERTEX_POINT ( 'NONE', #1067 ) ;
#2352 = EDGE_CURVE ( 'NONE', #1715, #2061, #815, .T. ) ;
#2353 = VECTOR ( 'NONE', #245, 1000.000000000000000 ) ;
#2354 = EDGE_CURVE ( 'NONE', #3711, #226, #2781, .T. ) ;
#2355 = ADVANCED_FACE ( 'NONE', ( #2566 ), #528, .T. ) ;
#2356 = CARTESIAN_POINT ( 'NONE',  ( 232.5726302455077246, 2.200000000000000178, 62.15991928837468095 ) ) ;
#2357 = AXIS2_PLACEMENT_3D ( 'NONE', #1523, #2690, #2065 ) ;
#2358 = ORIENTED_EDGE ( 'NONE', *, *, #1664, .F. ) ;
#2359 = CARTESIAN_POINT ( 'NONE',  ( 182.5322410603347123, -127.8049907678467321, 12.24999999999999645 ) ) ;
#2360 = ORIENTED_EDGE ( 'NONE', *, *, #1016, .F. ) ;
#2361 = VECTOR ( 'NONE', #1384, 1000.000000000000000 ) ;
#2362 = AXIS2_PLACEMENT_3D ( 'NONE', #1279, #1295, #724 ) ;
#2363 = CARTESIAN_POINT ( 'NONE',  ( 132.6322410603347350, -126.8099815356934243, 62.15991928837468095 ) ) ;
#2364 = FACE_OUTER_BOUND ( 'NONE', #241, .T. ) ;
#2365 = EDGE_LOOP ( 'NONE', ( #3097, #897, #2857, #595 ) ) ;
#2366 = FACE_OUTER_BOUND ( 'NONE', #1058, .T. ) ;
#2367 = APPROVAL_PERSON_ORGANIZATION ( #442, #2503, #2441 ) ;
#2368 = DIRECTION ( 'NONE',  ( 0.000000000000000000, 0.000000000000000000, -1.000000000000000000 ) ) ;
#2369 =( LENGTH_UNIT ( ) NAMED_UNIT ( * ) SI_UNIT ( .MILLI., .METRE. ) );
#2370 = ORIENTED_EDGE ( 'NONE', *, *, #3653, .T. ) ;
#2371 = EDGE_CURVE ( 'NONE', #1945, #3563, #250, .T. ) ;
#2372 = PLANE ( 'NONE',  #1281 ) ;
#2373 = CARTESIAN_POINT ( 'NONE',  ( 411.1977152147791799, -115.8793669483496274, 0.9999999999999376055 ) ) ;
#2374 = CARTESIAN_POINT ( 'NONE',  ( 30.24530101018599382, 2.200000000000000622, 4.000000000000000000 ) ) ;
#2375 = CARTESIAN_POINT ( 'NONE',  ( 182.5326302455077041, 2.200000000000000178, 12.24999999999999645 ) ) ;
#2376 = ORIENTED_EDGE ( 'NONE', *, *, #2726, .T. ) ;
#2377 = CARTESIAN_POINT ( 'NONE',  ( 421.6927152147791844, -18.45989286573050236, 3.199999999999995293 ) ) ;
#2378 = EDGE_LOOP ( 'NONE', ( #3047, #1246 ) ) ;
#2379 = LINE ( 'NONE', #3513, #3055 ) ;
#2380 = ORIENTED_EDGE ( 'NONE', *, *, #3382, .T. ) ;
#2381 = ADVANCED_FACE ( 'NONE', ( #3408 ), #2835, .F. ) ;
#2382 = EDGE_CURVE ( 'NONE', #1090, #3314, #2179, .T. ) ;
#2383 = DIRECTION ( 'NONE',  ( 1.000000000000000000, 0.000000000000000000, 0.000000000000000000 ) ) ;
#2384 = CARTESIAN_POINT ( 'NONE',  ( 39.15154527623622016, 19.46271067262288312, -0.5499999999999983791 ) ) ;
#2385 = EDGE_LOOP ( 'NONE', ( #1826, #3478, #3295, #2435 ) ) ;
#2386 = LINE ( 'NONE', #3518, #646 ) ;
#2387 = DIRECTION ( 'NONE',  ( -0.000000000000000000, 0.000000000000000000, 1.000000000000000000 ) ) ;
#2388 = LINE ( 'NONE', #366, #1578 ) ;
#2389 = ORIENTED_EDGE ( 'NONE', *, *, #324, .T. ) ;
#2390 = PLANE ( 'NONE',  #2349 ) ;
#2391 = ORIENTED_EDGE ( 'NONE', *, *, #3426, .T. ) ;
#2392 = DIRECTION ( 'NONE',  ( -1.000000000000000000, 0.000000000000000000, 0.000000000000000000 ) ) ;
#2393 = ORIENTED_EDGE ( 'NONE', *, *, #2933, .T. ) ;
#2394 = PLANE ( 'NONE',  #2167 ) ;
#2395 = VERTEX_POINT ( 'NONE', #2851 ) ;
#2396 = DIRECTION ( 'NONE',  ( 0.000000000000000000, 0.000000000000000000, -1.000000000000000000 ) ) ;
#2397 = ORIENTED_EDGE ( 'NONE', *, *, #2743, .F. ) ;
#2398 = CC_DESIGN_PERSON_AND_ORGANIZATION_ASSIGNMENT ( #1293, #1009, ( #795 ) ) ;
#2399 = LINE ( 'NONE', #2168, #74 ) ;
#2400 = EDGE_CURVE ( 'NONE', #2217, #2474, #3354, .T. ) ;
#2401 = LINE ( 'NONE', #657, #716 ) ;
#2402 = VECTOR ( 'NONE', #281, 1000.000000000000000 ) ;
#2403 = ORIENTED_EDGE ( 'NONE', *, *, #3426, .F. ) ;
#2404 = VECTOR ( 'NONE', #3263, 1000.000000000000000 ) ;
#2405 = DIRECTION ( 'NONE',  ( 0.000000000000000000, 0.000000000000000000, -1.000000000000000000 ) ) ;
#2406 = PERSON_AND_ORGANIZATION ( #784, #1938 ) ;
#2407 = EDGE_CURVE ( 'NONE', #396, #3667, #2262, .T. ) ;
#2408 = ORIENTED_EDGE ( 'NONE', *, *, #418, .F. ) ;
#2409 = ADVANCED_FACE ( 'NONE', ( #3126 ), #3655, .F. ) ;
#2410 = VECTOR ( 'NONE', #3159, 1000.000000000000000 ) ;
#2411 = LINE ( 'NONE', #3597, #3191 ) ;
#2412 = VERTEX_POINT ( 'NONE', #550 ) ;
#2413 = CARTESIAN_POINT ( 'NONE',  ( 418.8927152147792299, -120.7598403671505451, 10.75000000000000000 ) ) ;
#2414 = EDGE_LOOP ( 'NONE', ( #678, #1119 ) ) ;
#2415 = CARTESIAN_POINT ( 'NONE',  ( 20.40945124223093288, -109.6099815356934499, -0.2999999999999999334 ) ) ;
#2416 = EDGE_CURVE ( 'NONE', #2660, #501, #265, .T. ) ;
#2417 = ORIENTED_EDGE ( 'NONE', *, *, #4, .T. ) ;
#2418 = DIRECTION ( 'NONE',  ( 0.000000000000000000, 0.000000000000000000, 1.000000000000000000 ) ) ;
#2419 = VERTEX_POINT ( 'NONE', #1948 ) ;
#2420 = CIRCLE ( 'NONE', #2284, 3.549999999999998934 ) ;
#2421 = CARTESIAN_POINT ( 'NONE',  ( 418.8927152147792299, 2.200000000000000178, 6.550000000000061107 ) ) ;
#2422 = ORIENTED_EDGE ( 'NONE', *, *, #171, .T. ) ;
#2423 = AXIS2_PLACEMENT_3D ( 'NONE', #2143, #3284, #2444 ) ;
#2424 = AXIS2_PLACEMENT_3D ( 'NONE', #477, #2532, #1382 ) ;
#2425 = DIRECTION ( 'NONE',  ( -0.000000000000000000, -0.000000000000000000, -1.000000000000000000 ) ) ;
#2426 = ORIENTED_EDGE ( 'NONE', *, *, #3545, .T. ) ;
#2427 = EDGE_CURVE ( 'NONE', #123, #3668, #3090, .T. ) ;
#2428 = EDGE_CURVE ( 'NONE', #1729, #1787, #510, .T. ) ;
#2429 = DIRECTION ( 'NONE',  ( 1.000000000000000000, 0.000000000000000000, -0.000000000000000000 ) ) ;
#2430 = CARTESIAN_POINT ( 'NONE',  ( 401.6927152147791844, -15.00000000000000178, -0.2999999999999999334 ) ) ;
#2431 = DIRECTION ( 'NONE',  ( -0.7071261234860530820, 0.7070874383579355271, 0.000000000000000000 ) ) ;
#2432 = DIRECTION ( 'NONE',  ( 0.000000000000000000, 0.000000000000000000, -1.000000000000000000 ) ) ;
#2433 = ORIENTED_EDGE ( 'NONE', *, *, #2255, .T. ) ;
#2434 = DIRECTION ( 'NONE',  ( -0.000000000000000000, -0.000000000000000000, 1.000000000000000000 ) ) ;
#2435 = ORIENTED_EDGE ( 'NONE', *, *, #3021, .F. ) ;
#2436 = CARTESIAN_POINT ( 'NONE',  ( 26.65945124223093288, -109.6099815356934499, -1.800000000000000044 ) ) ;
#2437 = DIRECTION ( 'NONE',  ( 3.496985714454837195E-15, 1.000000000000000000, -0.000000000000000000 ) ) ;
#2438 = VERTEX_POINT ( 'NONE', #2015 ) ;
#2439 = CARTESIAN_POINT ( 'NONE',  ( 334.1477152147792253, -53.97200000000000841, 0.000000000000000000 ) ) ;
#2440 = PLANE ( 'NONE',  #1148 ) ;
#2441 = APPROVAL_ROLE ( '' ) ;
#2442 = LINE ( 'NONE', #1052, #490 ) ;
#2443 = DIRECTION ( 'NONE',  ( 1.000000000000000000, 0.000000000000000000, 0.000000000000000000 ) ) ;
#2444 = DIRECTION ( 'NONE',  ( 0.000000000000000000, 0.000000000000000000, -1.000000000000000000 ) ) ;
#2445 = EDGE_CURVE ( 'NONE', #1002, #2351, #2867, .T. ) ;
#2446 = ORIENTED_EDGE ( 'NONE', *, *, #590, .F. ) ;
#2447 = CARTESIAN_POINT ( 'NONE',  ( 132.6322410603347350, -126.8099815356934243, 12.24999999999999645 ) ) ;
#2448 = ADVANCED_FACE ( 'NONE', ( #69, #1458, #1782 ), #3502, .T. ) ;
#2449 = ORIENTED_EDGE ( 'NONE', *, *, #2822, .F. ) ;
#2450 = ORIENTED_EDGE ( 'NONE', *, *, #1424, .F. ) ;
#2451 = DIRECTION ( 'NONE',  ( -0.000000000000000000, -0.000000000000000000, -1.000000000000000000 ) ) ;
#2452 = FACE_OUTER_BOUND ( 'NONE', #2993, .T. ) ;
#2453 = ORIENTED_EDGE ( 'NONE', *, *, #30, .T. ) ;
#2454 = DIRECTION ( 'NONE',  ( -0.000000000000000000, -0.000000000000000000, -1.000000000000000000 ) ) ;
#2455 = VECTOR ( 'NONE', #2967, 1000.000000000000000 ) ;
#2456 = CARTESIAN_POINT ( 'NONE',  ( 340.5477152147793163, -53.97200000000000841, 0.000000000000000000 ) ) ;
#2457 = COORDINATED_UNIVERSAL_TIME_OFFSET ( 1, 0, .AHEAD. ) ;
#2458 = CARTESIAN_POINT ( 'NONE',  ( 407.2855290942945317, -124.4293669483496245, 5.599999999999999645 ) ) ;
#2459 = DIRECTION ( 'NONE',  ( 0.000000000000000000, 0.000000000000000000, 1.000000000000000000 ) ) ;
#2460 = CYLINDRICAL_SURFACE ( 'NONE', #711, 2.000000000000001776 ) ;
#2461 = CARTESIAN_POINT ( 'NONE',  ( -1.277548757768496301, -127.2292181297286220, -1.800000000000023803 ) ) ;
#2462 = ADVANCED_FACE ( 'NONE', ( #2925 ), #2886, .T. ) ;
#2463 = EDGE_CURVE ( 'NONE', #1725, #1767, #13, .T. ) ;
#2464 = DIRECTION ( 'NONE',  ( 0.7071261234859760325, -0.7070874383580125766, 0.000000000000000000 ) ) ;
#2465 = VECTOR ( 'NONE', #791, 1000.000000000000000 ) ;
#2466 = ORIENTED_EDGE ( 'NONE', *, *, #1875, .F. ) ;
#2467 = EDGE_LOOP ( 'NONE', ( #2564, #1972, #3040, #492 ) ) ;
#2468 = EDGE_CURVE ( 'NONE', #2795, #1395, #2079, .T. ) ;
#2469 = VECTOR ( 'NONE', #860, 1000.000000000000000 ) ;
#2470 = EDGE_CURVE ( 'NONE', #3641, #3266, #1764, .T. ) ;
#2471 = FACE_OUTER_BOUND ( 'NONE', #2013, .T. ) ;
#2472 = DIRECTION ( 'NONE',  ( 0.7071261234860521938, -0.7070874383579364153, 0.000000000000000000 ) ) ;
#2473 = CIRCLE ( 'NONE', #840, 2.000000000000001332 ) ;
#2474 = VERTEX_POINT ( 'NONE', #3444 ) ;
#2475 = VECTOR ( 'NONE', #2327, 1000.000000000000000 ) ;
#2476 = AXIS2_PLACEMENT_3D ( 'NONE', #988, #3276, #2383 ) ;
#2477 = DIRECTION ( 'NONE',  ( 1.000000000000000000, 0.000000000000000000, 1.577021341797096081E-16 ) ) ;
#2478 = PERSON_AND_ORGANIZATION_ROLE ( 'design_owner' ) ;
#2479 = DIRECTION ( 'NONE',  ( -1.000000000000000000, 0.000000000000000000, -0.000000000000000000 ) ) ;
#2480 = CIRCLE ( 'NONE', #605, 6.250000000000001776 ) ;
#2481 = DIRECTION ( 'NONE',  ( -0.000000000000000000, -0.000000000000000000, -1.000000000000000000 ) ) ;
#2482 = DIRECTION ( 'NONE',  ( -0.000000000000000000, -0.000000000000000000, 1.000000000000000000 ) ) ;
#2483 = DIRECTION ( 'NONE',  ( 5.578958409373273725E-14, -1.000000000000000000, 0.000000000000000000 ) ) ;
#2484 = ORIENTED_EDGE ( 'NONE', *, *, #1935, .F. ) ;
#2485 = DIRECTION ( 'NONE',  ( -1.000000000000000000, -0.000000000000000000, -0.000000000000000000 ) ) ;
#2486 = ORIENTED_EDGE ( 'NONE', *, *, #2103, .F. ) ;
#2487 = ORIENTED_EDGE ( 'NONE', *, *, #3382, .F. ) ;
#2488 = CARTESIAN_POINT ( 'NONE',  ( 411.1977152147791799, -115.8793669483496274, 5.599999999999999645 ) ) ;
#2489 = LINE ( 'NONE', #3046, #2162 ) ;
#2490 = VERTEX_POINT ( 'NONE', #582 ) ;
#2491 = EDGE_CURVE ( 'NONE', #2438, #2805, #2420, .T. ) ;
#2492 = ORIENTED_EDGE ( 'NONE', *, *, #746, .F. ) ;
#2493 = EDGE_CURVE ( 'NONE', #41, #2584, #2832, .T. ) ;
#2494 = LINE ( 'NONE', #2243, #2353 ) ;
#2495 = CARTESIAN_POINT ( 'NONE',  ( 10.68042987029309820, -127.8049907678467321, 12.24999999999999822 ) ) ;
#2496 = EDGE_CURVE ( 'NONE', #3468, #1538, #3142, .T. ) ;
#2497 = CARTESIAN_POINT ( 'NONE',  ( 182.5322410603347123, -127.8049907678467321, 62.15991928837468095 ) ) ;
#2498 = CARTESIAN_POINT ( 'NONE',  ( -6.587454723763779718, 4.999999999999999112, -1.800000000000023803 ) ) ;
#2499 = CARTESIAN_POINT ( 'NONE',  ( -6.587454723763779718, -121.9196026556070791, 12.24999999999999822 ) ) ;
#2500 = ORIENTED_EDGE ( 'NONE', *, *, #2303, .T. ) ;
#2501 = DIRECTION ( 'NONE',  ( -0.000000000000000000, 1.000000000000000000, 0.000000000000000000 ) ) ;
#2502 = VERTEX_POINT ( 'NONE', #1199 ) ;
#2503 = APPROVAL ( #2155, 'NEURČEN' ) ;
#2504 = CARTESIAN_POINT ( 'NONE',  ( 182.5322410603347123, -126.8099815356934243, 10.75000000000000000 ) ) ;
#2505 = FACE_OUTER_BOUND ( 'NONE', #2959, .T. ) ;
#2506 = ORIENTED_EDGE ( 'NONE', *, *, #2273, .F. ) ;
#2507 = DIRECTION ( 'NONE',  ( -0.000000000000000000, -1.000000000000000000, -0.000000000000000000 ) ) ;
#2508 = ORIENTED_EDGE ( 'NONE', *, *, #1680, .T. ) ;
#2509 = EDGE_CURVE ( 'NONE', #2542, #3309, #564, .T. ) ;
#2510 = CARTESIAN_POINT ( 'NONE',  ( -0.1177956498029014282, -124.4292181297286106, 10.75000000000000000 ) ) ;
#2511 = ORIENTED_EDGE ( 'NONE', *, *, #1666, .T. ) ;
#2512 = CARTESIAN_POINT ( 'NONE',  ( 418.8927152147792299, 2.200000000000000178, 10.75000000000000000 ) ) ;
#2513 = DIRECTION ( 'NONE',  ( -0.000000000000000000, -0.000000000000000000, 1.000000000000000000 ) ) ;
#2514 = FACE_OUTER_BOUND ( 'NONE', #1109, .T. ) ;
#2515 = LINE ( 'NONE', #1950, #1156 ) ;
#2516 = ADVANCED_FACE ( 'NONE', ( #2319 ), #1691, .T. ) ;
#2517 = AXIS2_PLACEMENT_3D ( 'NONE', #2439, #3279, #164 ) ;
#2518 = VECTOR ( 'NONE', #1584, 1000.000000000000000 ) ;
#2519 = LINE ( 'NONE', #2766, #1329 ) ;
#2520 = ORIENTED_EDGE ( 'NONE', *, *, #462, .T. ) ;
#2521 = VECTOR ( 'NONE', #1455, 1000.000000000000000 ) ;
#2522 = CARTESIAN_POINT ( 'NONE',  ( 12.76812274805451608, -120.6099815356934357, 5.599999999999999645 ) ) ;
#2523 = ORIENTED_EDGE ( 'NONE', *, *, #654, .F. ) ;
#2524 = ORIENTED_EDGE ( 'NONE', *, *, #2491, .T. ) ;
#2525 = VECTOR ( 'NONE', #2559, 1000.000000000000000 ) ;
#2526 = LINE ( 'NONE', #2510, #3183 ) ;
#2527 = VECTOR ( 'NONE', #2211, 1000.000000000000000 ) ;
#2528 = CONICAL_SURFACE ( 'NONE', #661, 5.400000000000016342, 0.7853981633974340681 ) ;
#2529 = EDGE_LOOP ( 'NONE', ( #1202, #535, #3007, #699 ) ) ;
#2530 = CARTESIAN_POINT ( 'NONE',  ( 415.9927152147791958, -98.45989286573049526, 3.199999999999985523 ) ) ;
#2531 = VECTOR ( 'NONE', #2741, 1000.000000000000000 ) ;
#2532 = DIRECTION ( 'NONE',  ( -0.7070432384197683495, 0.7071703182436933632, 0.000000000000000000 ) ) ;
#2533 = CARTESIAN_POINT ( 'NONE',  ( -1.277548757768497190, -127.2292181297286220, -1.800000000000023803 ) ) ;
#2534 = LINE ( 'NONE', #1966, #2539 ) ;
#2535 = CIRCLE ( 'NONE', #2893, 6.249999999999977796 ) ;
#2536 = ORIENTED_EDGE ( 'NONE', *, *, #3533, .F. ) ;
#2537 = EDGE_CURVE ( 'NONE', #206, #3328, #91, .T. ) ;
#2538 = EDGE_CURVE ( 'NONE', #3668, #312, #1722, .T. ) ;
#2539 = VECTOR ( 'NONE', #3678, 1000.000000000000000 ) ;
#2540 = AXIS2_PLACEMENT_3D ( 'NONE', #1033, #2688, #2429 ) ;
#2541 = CARTESIAN_POINT ( 'NONE',  ( 33.49154527623622357, -69.05098153569343822, 1.000000000000015543 ) ) ;
#2542 = VERTEX_POINT ( 'NONE', #345 ) ;
#2543 = CARTESIAN_POINT ( 'NONE',  ( 20.40945124223093288, -109.6099815356934499, -0.2999999999999999334 ) ) ;
#2544 = ORIENTED_EDGE ( 'NONE', *, *, #3639, .F. ) ;
#2545 = CARTESIAN_POINT ( 'NONE',  ( 33.65154527623621306, 4.999999999999999112, -0.5499999999999983791 ) ) ;
#2546 = ORIENTED_EDGE ( 'NONE', *, *, #710, .F. ) ;
#2547 = DIRECTION ( 'NONE',  ( -0.000000000000000000, -0.000000000000000000, -1.000000000000000000 ) ) ;
#2548 = EDGE_CURVE ( 'NONE', #2560, #2542, #1492, .T. ) ;
#2549 = VERTEX_POINT ( 'NONE', #2035 ) ;
#2550 = CARTESIAN_POINT ( 'NONE',  ( 418.8927152147792299, 2.200000000000000178, 5.599999999999999645 ) ) ;
#2551 = DIRECTION ( 'NONE',  ( -1.000000000000000000, 0.000000000000000000, 0.000000000000000000 ) ) ;
#2552 = PLANE ( 'NONE',  #3298 ) ;
#2553 = DIRECTION ( 'NONE',  ( 0.000000000000000000, 0.000000000000000000, 1.000000000000000000 ) ) ;
#2554 = ADVANCED_FACE ( 'NONE', ( #3459 ), #1164, .F. ) ;
#2555 = ADVANCED_FACE ( 'NONE', ( #2625 ), #2944, .F. ) ;
#2556 = DIRECTION ( 'NONE',  ( 0.7071261234859778089, -0.7070874383580106892, 0.000000000000000000 ) ) ;
#2557 = ORIENTED_EDGE ( 'NONE', *, *, #3020, .F. ) ;
#2558 = EDGE_CURVE ( 'NONE', #2942, #3268, #2137, .T. ) ;
#2559 = DIRECTION ( 'NONE',  ( -0.000000000000000000, -0.000000000000000000, 1.000000000000000000 ) ) ;
#2560 = VERTEX_POINT ( 'NONE', #992 ) ;
#2561 = LINE ( 'NONE', #541, #3051 ) ;
#2562 = ORIENTED_EDGE ( 'NONE', *, *, #1070, .F. ) ;
#2563 = CARTESIAN_POINT ( 'NONE',  ( 404.9044866291829408, -126.8099815356934243, 10.75000000000000000 ) ) ;
#2564 = ORIENTED_EDGE ( 'NONE', *, *, #2003, .T. ) ;
#2565 = LINE ( 'NONE', #1400, #825 ) ;
#2566 = FACE_OUTER_BOUND ( 'NONE', #3615, .T. ) ;
#2567 = CARTESIAN_POINT ( 'NONE',  ( 19.66254527623619808, -15.00000000000000178, -0.2999999999999999334 ) ) ;
#2568 = LINE ( 'NONE', #2250, #548 ) ;
#2569 = ORIENTED_EDGE ( 'NONE', *, *, #2324, .F. ) ;
#2570 = FACE_BOUND ( 'NONE', #3647, .T. ) ;
#2571 = CARTESIAN_POINT ( 'NONE',  ( 421.6927152147791844, -121.9197857314609763, -450.7362439051084380 ) ) ;
#2572 = ORIENTED_EDGE ( 'NONE', *, *, #1451, .F. ) ;
#2573 = EDGE_CURVE ( 'NONE', #3424, #2890, #3310, .T. ) ;
#2574 = FACE_OUTER_BOUND ( 'NONE', #3243, .T. ) ;
#2575 = VECTOR ( 'NONE', #1848, 1000.000000000000000 ) ;
#2576 = ORIENTED_EDGE ( 'NONE', *, *, #3305, .F. ) ;
#2577 = DIRECTION ( 'NONE',  ( 1.000000000000000000, -0.000000000000000000, -0.000000000000000000 ) ) ;
#2578 = ORIENTED_EDGE ( 'NONE', *, *, #1804, .T. ) ;
#2579 = EDGE_CURVE ( 'NONE', #1600, #2205, #1879, .T. ) ;
#2580 = ADVANCED_FACE ( 'NONE', ( #2685 ), #3561, .F. ) ;
#2581 = AXIS2_PLACEMENT_3D ( 'NONE', #800, #2760, #185 ) ;
#2582 = CARTESIAN_POINT ( 'NONE',  ( 132.6326302455076984, 3.195009232153308787, 12.24999999999999645 ) ) ;
#2583 = CARTESIAN_POINT ( 'NONE',  ( 339.5477152147792026, -53.97200000000000841, 1.000000000000049516 ) ) ;
#2584 = VERTEX_POINT ( 'NONE', #1273 ) ;
#2585 = DIRECTION ( 'NONE',  ( 0.000000000000000000, -0.000000000000000000, -1.000000000000000000 ) ) ;
#2586 = VECTOR ( 'NONE', #468, 1000.000000000000000 ) ;
#2587 = DIRECTION ( 'NONE',  ( 0.000000000000000000, -0.000000000000000000, 1.000000000000000000 ) ) ;
#2588 = CARTESIAN_POINT ( 'NONE',  ( 418.8927152147792299, 2.200000000000000178, 5.599999999999999645 ) ) ;
#2589 = LINE ( 'NONE', #1166, #196 ) ;
#2590 = AXIS2_PLACEMENT_3D ( 'NONE', #3202, #852, #2642 ) ;
#2591 = ORIENTED_EDGE ( 'NONE', *, *, #2947, .T. ) ;
#2592 = AXIS2_PLACEMENT_3D ( 'NONE', #1370, #2501, #767 ) ;
#2593 = CARTESIAN_POINT ( 'NONE',  ( 388.4451796847593528, -109.6099815356934499, -1.800000000000000044 ) ) ;
#2594 = CIRCLE ( 'NONE', #2476, 2.000000000000000888 ) ;
#2595 = CARTESIAN_POINT ( 'NONE',  ( 421.6927152147791844, -121.9197857314609763, -450.7362439051084380 ) ) ;
#2596 = CARTESIAN_POINT ( 'NONE',  ( 7.697018354324194789, -124.8217424669712159, 12.24999999999999822 ) ) ;
#2597 = ORIENTED_EDGE ( 'NONE', *, *, #2675, .F. ) ;
#2598 = CIRCLE ( 'NONE', #732, 6.249999999999977796 ) ;
#2599 = CARTESIAN_POINT ( 'NONE',  ( 415.9927152147791958, -18.45989286573050236, 3.199999999999995293 ) ) ;
#2600 = ORIENTED_EDGE ( 'NONE', *, *, #2812, .F. ) ;
#2601 = CARTESIAN_POINT ( 'NONE',  ( -3.787454723763779452, -120.7597598137749770, 10.75000000000000000 ) ) ;
#2602 = EDGE_LOOP ( 'NONE', ( #681, #1665, #2896, #3438 ) ) ;
#2603 = FACE_OUTER_BOUND ( 'NONE', #291, .T. ) ;
#2604 = ADVANCED_FACE ( 'NONE', ( #1554 ), #1027, .T. ) ;
#2605 = LINE ( 'NONE', #64, #1380 ) ;
#2606 = ORIENTED_EDGE ( 'NONE', *, *, #1278, .T. ) ;
#2607 = DIRECTION ( 'NONE',  ( 1.000000000000000000, 0.000000000000000000, 0.000000000000000000 ) ) ;
#2608 = CARTESIAN_POINT ( 'NONE',  ( 232.5726302455077246, 3.195009232153330547, 62.15991928837468095 ) ) ;
#2609 =( NAMED_UNIT ( * ) SI_UNIT ( $, .STERADIAN. ) SOLID_ANGLE_UNIT ( ) );
#2610 = ADVANCED_FACE ( 'NONE', ( #3240 ), #1894, .F. ) ;
#2611 = VERTEX_POINT ( 'NONE', #3280 ) ;
#2612 = CARTESIAN_POINT ( 'NONE',  ( -4.947369754492285665, 3.195009232153282142, 12.24999999999999822 ) ) ;
#2613 = CARTESIAN_POINT ( 'NONE',  ( 132.6326302455076984, 2.199999999999997069, 12.24999999999999645 ) ) ;
#2614 = CARTESIAN_POINT ( 'NONE',  ( 38.89154527623622926, -69.05098153569343822, 5.599999999999999645 ) ) ;
#2615 = ORIENTED_EDGE ( 'NONE', *, *, #1702, .T. ) ;
#2616 = LINE ( 'NONE', #3698, #899 ) ;
#2617 = ORIENTED_EDGE ( 'NONE', *, *, #3239, .F. ) ;
#2618 = CARTESIAN_POINT ( 'NONE',  ( 412.6927152147791844, -4.000000000000000000, 5.599999999999999645 ) ) ;
#2619 = ORIENTED_EDGE ( 'NONE', *, *, #3632, .F. ) ;
#2620 = LINE ( 'NONE', #2563, #1036 ) ;
#2621 = DIRECTION ( 'NONE',  ( 0.000000000000000000, 0.000000000000000000, 1.000000000000000000 ) ) ;
#2622 = ORIENTED_EDGE ( 'NONE', *, *, #1011, .T. ) ;
#2623 = CARTESIAN_POINT ( 'NONE',  ( 24.40154527623621306, -4.000000000000000000, 4.000000000000000000 ) ) ;
#2624 = EDGE_CURVE ( 'NONE', #3346, #1213, #2649, .T. ) ;
#2625 = FACE_OUTER_BOUND ( 'NONE', #3543, .T. ) ;
#2626 = EDGE_LOOP ( 'NONE', ( #320, #2492, #1042, #3659 ) ) ;
#2627 = DIRECTION ( 'NONE',  ( -1.000000000000000000, 0.000000000000000000, 0.000000000000000000 ) ) ;
#2628 = CARTESIAN_POINT ( 'NONE',  ( 421.6927152147791844, -18.45989286573050236, 5.199999999999996625 ) ) ;
#2629 = LINE ( 'NONE', #647, #2286 ) ;
#2630 = ORIENTED_EDGE ( 'NONE', *, *, #1910, .F. ) ;
#2631 = CARTESIAN_POINT ( 'NONE',  ( 408.4451796847593528, -127.2293669483496359, 12.24999999999999822 ) ) ;
#2632 = ORIENTED_EDGE ( 'NONE', *, *, #2346, .F. ) ;
#2633 = FACE_OUTER_BOUND ( 'NONE', #98, .T. ) ;
#2634 = EDGE_LOOP ( 'NONE', ( #1235, #2952, #3137, #3149 ) ) ;
#2635 = VECTOR ( 'NONE', #349, 1000.000000000000000 ) ;
#2636 = CARTESIAN_POINT ( 'NONE',  ( 412.6927152147791844, -110.6904388316765733, 0.9999999999999376055 ) ) ;
#2637 = DIRECTION ( 'NONE',  ( 0.7071703182436933632, 0.7070432384197683495, 0.000000000000000000 ) ) ;
#2638 = ORIENTED_EDGE ( 'NONE', *, *, #2445, .F. ) ;
#2639 = DIRECTION ( 'NONE',  ( 0.000000000000000000, 0.000000000000000000, -1.000000000000000000 ) ) ;
#2640 = EDGE_CURVE ( 'NONE', #1547, #1178, #440, .T. ) ;
#2641 = AXIS2_PLACEMENT_3D ( 'NONE', #869, #888, #551 ) ;
#2642 = DIRECTION ( 'NONE',  ( 1.000000000000000000, 0.000000000000000000, 0.000000000000000000 ) ) ;
#2643 = VECTOR ( 'NONE', #2117, 1000.000000000000000 ) ;
#2644 = ORIENTED_EDGE ( 'NONE', *, *, #1331, .F. ) ;
#2645 = VECTOR ( 'NONE', #804, 1000.000000000000000 ) ;
#2646 = CARTESIAN_POINT ( 'NONE',  ( -3.787454723763779452, -120.7597598137749770, 10.75000000000000000 ) ) ;
#2647 = CYLINDRICAL_SURFACE ( 'NONE', #2276, 5.400000000000016342 ) ;
#2648 = DIRECTION ( 'NONE',  ( -0.000000000000000000, -0.000000000000000000, -1.000000000000000000 ) ) ;
#2649 = CIRCLE ( 'NONE', #138, 3.549999999999998934 ) ;
#2650 = EDGE_CURVE ( 'NONE', #1753, #3100, #2997, .T. ) ;
#2651 = CARTESIAN_POINT ( 'NONE',  ( 388.4451796847593528, -109.6099815356934499, -0.2999999999999999334 ) ) ;
#2652 = VECTOR ( 'NONE', #2556, 1000.000000000000114 ) ;
#2653 = ORIENTED_EDGE ( 'NONE', *, *, #419, .T. ) ;
#2654 = ADVANCED_FACE ( 'NONE', ( #663, #1573, #455, #165, #1823 ), #2440, .F. ) ;
#2655 = AXIS2_PLACEMENT_3D ( 'NONE', #2115, #679, #1904 ) ;
#2656 = LINE ( 'NONE', #2415, #1926 ) ;
#2657 = CIRCLE ( 'NONE', #2423, 2.000000000000001332 ) ;
#2658 = EDGE_LOOP ( 'NONE', ( #859, #1833, #786, #3194, #1566 ) ) ;
#2659 = DIRECTION ( 'NONE',  ( 0.000000000000000000, 0.000000000000000000, 1.000000000000000000 ) ) ;
#2660 = VERTEX_POINT ( 'NONE', #2961 ) ;
#2661 = VECTOR ( 'NONE', #1690, 1000.000000000000000 ) ;
#2662 = VECTOR ( 'NONE', #1706, 1000.000000000000000 ) ;
#2663 = DIRECTION ( 'NONE',  ( -1.000000000000000000, 0.000000000000000000, 0.000000000000000000 ) ) ;
#2664 = EDGE_CURVE ( 'NONE', #1644, #148, #3482, .T. ) ;
#2665 = CARTESIAN_POINT ( 'NONE',  ( 24.40154527623621306, 2.200000000000000178, 4.000000000000000000 ) ) ;
#2666 = ORIENTED_EDGE ( 'NONE', *, *, #1593, .T. ) ;
#2667 = CARTESIAN_POINT ( 'NONE',  ( -0.2399816456752842941, -124.8217424669712159, 12.24999999999999822 ) ) ;
#2668 = CARTESIAN_POINT ( 'NONE',  ( 48.40154527623622016, 2.200000000000000178, 5.599999999999999645 ) ) ;
#2669 = EDGE_CURVE ( 'NONE', #1153, #2914, #2718, .T. ) ;
#2670 = FACE_OUTER_BOUND ( 'NONE', #1794, .T. ) ;
#2671 = EDGE_LOOP ( 'NONE', ( #1434, #1824 ) ) ;
#2672 = FACE_OUTER_BOUND ( 'NONE', #1339, .T. ) ;
#2673 = DIRECTION ( 'NONE',  ( 1.000000000000000000, 0.000000000000000000, 0.000000000000000000 ) ) ;
#2674 = ORIENTED_EDGE ( 'NONE', *, *, #2491, .F. ) ;
#2675 = EDGE_CURVE ( 'NONE', #1113, #2058, #2473, .T. ) ;
#2676 = DIRECTION ( 'NONE',  ( -1.000000000000000000, 0.000000000000000000, -0.000000000000000000 ) ) ;
#2677 = EDGE_LOOP ( 'NONE', ( #3253, #871, #606, #1188 ) ) ;
#2678 = CARTESIAN_POINT ( 'NONE',  ( 24.40154527623621306, -4.000000000000000000, 5.599999999999999645 ) ) ;
#2679 = EDGE_LOOP ( 'NONE', ( #2638, #1552, #339, #2706 ) ) ;
#2680 = EDGE_CURVE ( 'NONE', #2228, #3209, #1839, .T. ) ;
#2681 = CARTESIAN_POINT ( 'NONE',  ( 10.38722908926378174, -118.2292181297286078, 5.599999999999999645 ) ) ;
#2682 = CARTESIAN_POINT ( 'NONE',  ( 182.5326302455077041, 3.195009232153282142, 12.24999999999999822 ) ) ;
#2683 = ORIENTED_EDGE ( 'NONE', *, *, #824, .F. ) ;
#2684 = DIRECTION ( 'NONE',  ( 0.7071261234859778089, -0.7070874383580106892, 0.000000000000000000 ) ) ;
#2685 = FACE_OUTER_BOUND ( 'NONE', #702, .T. ) ;
#2686 = APPLICATION_PROTOCOL_DEFINITION ( 'international standard', 'config_control_design', 1994, #3572 ) ;
#2687 = EDGE_LOOP ( 'NONE', ( #1932, #56, #513, #2380 ) ) ;
#2688 = DIRECTION ( 'NONE',  ( 0.000000000000000000, 0.000000000000000000, 1.000000000000000000 ) ) ;
#2689 = VERTEX_POINT ( 'NONE', #2456 ) ;
#2690 = DIRECTION ( 'NONE',  ( 0.000000000000000000, 0.000000000000000000, -1.000000000000000000 ) ) ;
#2691 = PLANE ( 'NONE',  #3252 ) ;
#2692 = DIRECTION ( 'NONE',  ( 1.000000000000000000, 0.000000000000000000, 0.000000000000000000 ) ) ;
#2693 = VERTEX_POINT ( 'NONE', #2174 ) ;
#2694 = CARTESIAN_POINT ( 'NONE',  ( -6.587454723763779718, 4.999999999999999112, 12.24999999999999822 ) ) ;
#2695 = EDGE_CURVE ( 'NONE', #1415, #3650, #3592, .T. ) ;
#2696 = EDGE_LOOP ( 'NONE', ( #2403, #3515, #644, #2133, #2847, #2140, #3575, #3699, #3405, #2224, #3140, #3385, #714, #2151, #1576, #1335, #567, #2453, #1580, #3397, #1811, #2147, #1268, #3683, #2717 ) ) ;
#2697 = VECTOR ( 'NONE', #3103, 1000.000000000000000 ) ;
#2698 = DIRECTION ( 'NONE',  ( 1.000000000000000000, 0.000000000000000000, -0.000000000000000000 ) ) ;
#2699 = VECTOR ( 'NONE', #745, 1000.000000000000000 ) ;
#2700 = ORIENTED_EDGE ( 'NONE', *, *, #454, .F. ) ;
#2701 = EDGE_CURVE ( 'NONE', #335, #818, #3421, .T. ) ;
#2702 = ADVANCED_FACE ( 'NONE', ( #774 ), #1961, .F. ) ;
#2703 = CIRCLE ( 'NONE', #2517, 6.400000000000128253 ) ;
#2704 = DIRECTION ( 'NONE',  ( 0.000000000000000000, -1.000000000000000000, 0.000000000000000000 ) ) ;
#2705 = CALENDAR_DATE ( 2025, 8, 11 ) ;
#2706 = ORIENTED_EDGE ( 'NONE', *, *, #1756, .F. ) ;
#2707 = CARTESIAN_POINT ( 'NONE',  ( 132.6322410603347350, -126.8099815356934243, 10.75000000000000000 ) ) ;
#2708 = DIRECTION ( 'NONE',  ( 1.000000000000000000, 0.000000000000000000, 0.000000000000000000 ) ) ;
#2709 = FACE_OUTER_BOUND ( 'NONE', #856, .T. ) ;
#2710 = ADVANCED_FACE ( 'NONE', ( #1378 ), #1065, .F. ) ;
#2711 = AXIS2_PLACEMENT_3D ( 'NONE', #3115, #2844, #1394 ) ;
#2712 = CIRCLE ( 'NONE', #1091, 3.549999999999998934 ) ;
#2713 = DIRECTION ( 'NONE',  ( -0.000000000000000000, -1.000000000000000000, -0.000000000000000000 ) ) ;
#2714 = VERTEX_POINT ( 'NONE', #3101 ) ;
#2715 = DIRECTION ( 'NONE',  ( -1.000000000000000000, 0.000000000000000000, 0.000000000000000000 ) ) ;
#2716 = EDGE_CURVE ( 'NONE', #2081, #253, #1908, .T. ) ;
#2717 = ORIENTED_EDGE ( 'NONE', *, *, #194, .T. ) ;
#2718 = CIRCLE ( 'NONE', #1093, 2.000000000000001776 ) ;
#2719 = DIRECTION ( 'NONE',  ( 0.7070874383580125766, 0.7071261234859760325, -0.000000000000000000 ) ) ;
#2720 = AXIS2_PLACEMENT_3D ( 'NONE', #2950, #351, #36 ) ;
#2721 = CARTESIAN_POINT ( 'NONE',  ( 2.450229089263784577, -118.2292181297286078, 0.000000000000000000 ) ) ;
#2722 = ORIENTED_EDGE ( 'NONE', *, *, #3443, .T. ) ;
#2723 = AXIS2_PLACEMENT_3D ( 'NONE', #1419, #3092, #512 ) ;
#2724 = ADVANCED_FACE ( 'NONE', ( #2778 ), #3404, .T. ) ;
#2725 = CARTESIAN_POINT ( 'NONE',  ( 0.000000000000000000, 0.000000000000000000, -1.800000000000000044 ) ) ;
#2726 = EDGE_CURVE ( 'NONE', #234, #1779, #2526, .T. ) ;
#2727 = CALENDAR_DATE ( 2025, 8, 11 ) ;
#2728 = LOCAL_TIME ( 19, 24, 34.00000000000000000, #2175 ) ;
#2729 = ORIENTED_EDGE ( 'NONE', *, *, #3697, .T. ) ;
#2730 = EDGE_CURVE ( 'NONE', #2241, #2928, #2828, .T. ) ;
#2731 = CARTESIAN_POINT ( 'NONE',  ( 415.9927152147791958, -18.45989286573050236, 5.199999999999996625 ) ) ;
#2732 = ORIENTED_EDGE ( 'NONE', *, *, #3564, .F. ) ;
#2733 = DIRECTION ( 'NONE',  ( 0.000000000000000000, -1.000000000000000000, 0.000000000000000000 ) ) ;
#2734 = DIRECTION ( 'NONE',  ( -0.7070432384197683495, 0.7071703182436935853, 0.000000000000000000 ) ) ;
#2735 = VERTEX_POINT ( 'NONE', #1103 ) ;
#2736 = LINE ( 'NONE', #1815, #890 ) ;
#2737 = VERTEX_POINT ( 'NONE', #1325 ) ;
#2738 = DIRECTION ( 'NONE',  ( -0.000000000000000000, -0.000000000000000000, -1.000000000000000000 ) ) ;
#2739 = ORIENTED_EDGE ( 'NONE', *, *, #1702, .F. ) ;
#2740 = DIRECTION ( 'NONE',  ( -0.000000000000000000, -0.000000000000000000, -1.000000000000000000 ) ) ;
#2741 = DIRECTION ( 'NONE',  ( 1.000000000000000000, -0.000000000000000000, -0.000000000000000000 ) ) ;
#2742 = PERSON_AND_ORGANIZATION ( #784, #1938 ) ;
#2743 = EDGE_CURVE ( 'NONE', #2805, #3303, #3049, .T. ) ;
#2744 = CARTESIAN_POINT ( 'NONE',  ( 411.1977152147791799, -115.8793669483496274, 5.599999999999999645 ) ) ;
#2745 = LINE ( 'NONE', #3599, #650 ) ;
#2746 = DIRECTION ( 'NONE',  ( 1.000000000000000000, 0.000000000000000000, 0.000000000000000000 ) ) ;
#2747 = ORIENTED_EDGE ( 'NONE', *, *, #2255, .F. ) ;
#2748 = EDGE_CURVE ( 'NONE', #1415, #2343, #2494, .T. ) ;
#2749 = FACE_OUTER_BOUND ( 'NONE', #750, .T. ) ;
#2750 = VERTEX_POINT ( 'NONE', #812 ) ;
#2751 = ORIENTED_EDGE ( 'NONE', *, *, #1323, .T. ) ;
#2752 = CARTESIAN_POINT ( 'NONE',  ( 10.68042987029309820, -127.8049907678467321, 10.75000000000000000 ) ) ;
#2753 = CARTESIAN_POINT ( 'NONE',  ( 334.1477152147792253, -53.97200000000000841, 1.000000000000049516 ) ) ;
#2754 = ORIENTED_EDGE ( 'NONE', *, *, #1935, .T. ) ;
#2755 = CIRCLE ( 'NONE', #3048, 6.399999999999906208 ) ;
#2756 = DIRECTION ( 'NONE',  ( 0.000000000000000000, 0.000000000000000000, 1.000000000000000000 ) ) ;
#2757 = PERSON_AND_ORGANIZATION ( #784, #1938 ) ;
#2758 = CARTESIAN_POINT ( 'NONE',  ( 395.4427152147791844, -15.00000000000000178, -0.2999999999999999334 ) ) ;
#2759 = CARTESIAN_POINT ( 'NONE',  ( 182.5322410603347123, -126.8099815356934243, 10.75000000000000000 ) ) ;
#2760 = DIRECTION ( 'NONE',  ( 1.000000000000000000, 0.000000000000000000, 0.000000000000000000 ) ) ;
#2761 = CARTESIAN_POINT ( 'NONE',  ( 421.6927152147791844, 4.999999999999999112, -1.800000000000023803 ) ) ;
#2762 = VECTOR ( 'NONE', #2396, 1000.000000000000000 ) ;
#2763 = VECTOR ( 'NONE', #1282, 1000.000000000000000 ) ;
#2764 = EDGE_CURVE ( 'NONE', #2790, #1057, #3071, .T. ) ;
#2765 = EDGE_CURVE ( 'NONE', #501, #2981, #1398, .T. ) ;
#2766 = CARTESIAN_POINT ( 'NONE',  ( 328.7477152147791912, -53.97200000000000841, 5.599999999999999645 ) ) ;
#2767 = AXIS2_PLACEMENT_3D ( 'NONE', #2991, #2738, #125 ) ;
#2768 = ORIENTED_EDGE ( 'NONE', *, *, #482, .F. ) ;
#2769 = VERTEX_POINT ( 'NONE', #2192 ) ;
#2770 = AXIS2_PLACEMENT_3D ( 'NONE', #630, #1791, #2935 ) ;
#2771 = DIRECTION ( 'NONE',  ( -0.7071703182436933632, -0.7070432384197683495, 0.000000000000000000 ) ) ;
#2772 = DIRECTION ( 'NONE',  ( 0.000000000000000000, 0.000000000000000000, -1.000000000000000000 ) ) ;
#2773 = CIRCLE ( 'NONE', #3250, 6.250000000000000000 ) ;
#2774 = ORIENTED_EDGE ( 'NONE', *, *, #1730, .F. ) ;
#2775 = CARTESIAN_POINT ( 'NONE',  ( 24.40154527623621306, -11.20000000000009344, 4.000000000000000000 ) ) ;
#2776 = AXIS2_PLACEMENT_3D ( 'NONE', #3467, #2856, #610 ) ;
#2777 = VECTOR ( 'NONE', #2940, 1000.000000000000000 ) ;
#2778 = FACE_OUTER_BOUND ( 'NONE', #448, .T. ) ;
#2779 = CARTESIAN_POINT ( 'NONE',  ( 407.2855290942945317, -124.4293669483496245, 10.75000000000000000 ) ) ;
#2780 = CIRCLE ( 'NONE', #3613, 2.000000000000001776 ) ;
#2781 = LINE ( 'NONE', #1350, #3375 ) ;
#2782 = PLANE ( 'NONE',  #2102 ) ;
#2783 = CARTESIAN_POINT ( 'NONE',  ( 388.4451796847593528, -109.6099815356934499, -0.2999999999999999334 ) ) ;
#2784 = ORIENTED_EDGE ( 'NONE', *, *, #2468, .F. ) ;
#2785 = CARTESIAN_POINT ( 'NONE',  ( 414.7420947154881787, -125.4243761805029465, 12.24999999999999822 ) ) ;
#2786 = EDGE_LOOP ( 'NONE', ( #616, #2358, #1775, #3189 ) ) ;
#2787 = ADVANCED_FACE ( 'NONE', ( #3686 ), #3631, .F. ) ;
#2788 = CARTESIAN_POINT ( 'NONE',  ( 415.2225290942949414, -124.4293669483496245, 10.75000000000000000 ) ) ;
#2789 = CARTESIAN_POINT ( 'NONE',  ( 414.7420947154881787, -125.4243761805028896, 12.24999999999999822 ) ) ;
#2790 = VERTEX_POINT ( 'NONE', #1703 ) ;
#2791 = LINE ( 'NONE', #2545, #1077 ) ;
#2792 = ORIENTED_EDGE ( 'NONE', *, *, #2209, .T. ) ;
#2793 = EDGE_CURVE ( 'NONE', #85, #2880, #2773, .T. ) ;
#2794 = PLANE ( 'NONE',  #1631 ) ;
#2795 = VERTEX_POINT ( 'NONE', #1652 ) ;
#2796 = FACE_OUTER_BOUND ( 'NONE', #546, .T. ) ;
#2797 = DIRECTION ( 'NONE',  ( -0.000000000000000000, -0.000000000000000000, -1.000000000000000000 ) ) ;
#2798 = CARTESIAN_POINT ( 'NONE',  ( 26.65945124223093288, -109.6099815356934499, -0.2999999999999999334 ) ) ;
#2799 = CARTESIAN_POINT ( 'NONE',  ( 418.8927152147792299, -120.7598403671505451, 10.75000000000000000 ) ) ;
#2800 = ORIENTED_EDGE ( 'NONE', *, *, #212, .F. ) ;
#2801 = CARTESIAN_POINT ( 'NONE',  ( -0.8874547237637790964, -98.45980132780354666, 1.199999999999968425 ) ) ;
#2802 = ORIENTED_EDGE ( 'NONE', *, *, #1016, .T. ) ;
#2803 = LINE ( 'NONE', #1341, #1512 ) ;
#2804 = LINE ( 'NONE', #2256, #2586 ) ;
#2805 = VERTEX_POINT ( 'NONE', #544 ) ;
#2806 = DIRECTION ( 'NONE',  ( 1.000000000000000000, 0.000000000000000000, 0.000000000000000000 ) ) ;
#2807 = ORIENTED_EDGE ( 'NONE', *, *, #1548, .F. ) ;
#2808 = DIRECTION ( 'NONE',  ( 0.000000000000000000, 0.000000000000000000, 1.000000000000000000 ) ) ;
#2809 = ADVANCED_FACE ( 'NONE', ( #3088 ), #2794, .T. ) ;
#2810 = EDGE_CURVE ( 'NONE', #642, #3309, #1082, .T. ) ;
#2811 = DIRECTION ( 'NONE',  ( -0.000000000000000000, -0.000000000000000000, -1.000000000000000000 ) ) ;
#2812 = EDGE_CURVE ( 'NONE', #939, #2750, #1414, .T. ) ;
#2813 = VECTOR ( 'NONE', #1105, 1000.000000000000000 ) ;
#2814 = DIRECTION ( 'NONE',  ( 1.000000000000000000, 0.000000000000000000, 0.000000000000000000 ) ) ;
#2815 = DIRECTION ( 'NONE',  ( 1.000000000000000000, 0.000000000000000000, -0.000000000000000000 ) ) ;
#2816 = LINE ( 'NONE', #233, #2361 ) ;
#2817 = ORIENTED_EDGE ( 'NONE', *, *, #926, .F. ) ;
#2818 = CIRCLE ( 'NONE', #1201, 2.000000000000001776 ) ;
#2819 = DIRECTION ( 'NONE',  ( 0.000000000000000000, 0.000000000000000000, -1.000000000000000000 ) ) ;
#2820 = ORIENTED_EDGE ( 'NONE', *, *, #3497, .F. ) ;
#2821 = CIRCLE ( 'NONE', #420, 6.249999999999977796 ) ;
#2822 = EDGE_CURVE ( 'NONE', #1560, #298, #1446, .T. ) ;
#2823 = FACE_OUTER_BOUND ( 'NONE', #507, .T. ) ;
#2824 = ORIENTED_EDGE ( 'NONE', *, *, #227, .F. ) ;
#2825 = CARTESIAN_POINT ( 'NONE',  ( 328.7477152147791912, -53.97200000000000841, 5.599999999999999645 ) ) ;
#2826 = ORIENTED_EDGE ( 'NONE', *, *, #1795, .F. ) ;
#2827 = VECTOR ( 'NONE', #1354, 1000.000000000000000 ) ;
#2828 = LINE ( 'NONE', #522, #240 ) ;
#2829 = AXIS2_PLACEMENT_3D ( 'NONE', #1745, #3524, #2929 ) ;
#2830 = ORIENTED_EDGE ( 'NONE', *, *, #301, .T. ) ;
#2831 = DIRECTION ( 'NONE',  ( 1.000000000000000000, 0.000000000000000000, 0.000000000000000000 ) ) ;
#2832 = CIRCLE ( 'NONE', #2889, 6.400000000000016342 ) ;
#2833 = EDGE_CURVE ( 'NONE', #1358, #2938, #303, .T. ) ;
#2834 = EDGE_CURVE ( 'NONE', #1002, #2294, #3154, .T. ) ;
#2835 = CYLINDRICAL_SURFACE ( 'NONE', #81, 6.249999999999977796 ) ;
#2836 = DIRECTION ( 'NONE',  ( -1.000000000000000000, 0.000000000000000000, -1.774149009521733430E-16 ) ) ;
#2837 = CARTESIAN_POINT ( 'NONE',  ( 408.4451796847593528, -127.2293669483496359, -450.7362439051084380 ) ) ;
#2838 = AXIS2_PLACEMENT_3D ( 'NONE', #2912, #954, #2106 ) ;
#2839 = ORIENTED_EDGE ( 'NONE', *, *, #1405, .T. ) ;
#2840 = CIRCLE ( 'NONE', #2290, 2.000000000000000888 ) ;
#2841 = AXIS2_PLACEMENT_3D ( 'NONE', #1480, #3205, #1786 ) ;
#2842 = DIRECTION ( 'NONE',  ( 0.000000000000000000, -0.000000000000000000, -1.000000000000000000 ) ) ;
#2843 = ORIENTED_EDGE ( 'NONE', *, *, #1709, .F. ) ;
#2844 = DIRECTION ( 'NONE',  ( 1.000000000000000000, 0.000000000000000000, -0.000000000000000000 ) ) ;
#2845 = EDGE_LOOP ( 'NONE', ( #540, #2206, #1368, #1037 ) ) ;
#2846 = FACE_OUTER_BOUND ( 'NONE', #2214, .T. ) ;
#2847 = ORIENTED_EDGE ( 'NONE', *, *, #667, .T. ) ;
#2848 = DIRECTION ( 'NONE',  ( -0.000000000000000000, -0.000000000000000000, 1.000000000000000000 ) ) ;
#2849 = ORIENTED_EDGE ( 'NONE', *, *, #2024, .F. ) ;
#2850 = CARTESIAN_POINT ( 'NONE',  ( 28.09154527623622499, -69.05098153569343822, 1.000000000000015543 ) ) ;
#2851 = CARTESIAN_POINT ( 'NONE',  ( 404.9044866291829408, -126.8099815356934243, 10.75000000000000000 ) ) ;
#2852 = DIRECTION ( 'NONE',  ( 0.000000000000000000, 0.000000000000000000, -1.000000000000000000 ) ) ;
#2853 = FACE_OUTER_BOUND ( 'NONE', #3504, .T. ) ;
#2854 = EDGE_CURVE ( 'NONE', #79, #1873, #1334, .T. ) ;
#2855 = EDGE_LOOP ( 'NONE', ( #1962, #1514, #2878, #287 ) ) ;
#2856 = DIRECTION ( 'NONE',  ( -0.000000000000000000, -0.000000000000000000, 1.000000000000000000 ) ) ;
#2857 = ORIENTED_EDGE ( 'NONE', *, *, #1424, .T. ) ;
#2858 = EDGE_CURVE ( 'NONE', #123, #2028, #3702, .T. ) ;
#2859 = DIRECTION ( 'NONE',  ( 1.000000000000000000, 0.000000000000000000, 0.000000000000000000 ) ) ;
#2860 = ORIENTED_EDGE ( 'NONE', *, *, #1970, .F. ) ;
#2861 = CARTESIAN_POINT ( 'NONE',  ( 415.9927152147791958, -98.45989286573049526, 3.199999999999985523 ) ) ;
#2862 = EDGE_LOOP ( 'NONE', ( #721, #651, #3080, #2376 ) ) ;
#2863 = DIRECTION ( 'NONE',  ( -1.000000000000000000, 0.000000000000000000, 0.000000000000000000 ) ) ;
#2864 = CARTESIAN_POINT ( 'NONE',  ( 402.3366888931536778, -120.6099815356934357, 0.000000000000000000 ) ) ;
#2865 = VERTEX_POINT ( 'NONE', #2636 ) ;
#2866 = LINE ( 'NONE', #2208, #1734 ) ;
#2867 = LINE ( 'NONE', #309, #3479 ) ;
#2868 = DIRECTION ( 'NONE',  ( -0.000000000000000000, -0.000000000000000000, -1.000000000000000000 ) ) ;
#2869 = CARTESIAN_POINT ( 'NONE',  ( 2.412545276236220726, -110.7832545831543456, 5.599999999999999645 ) ) ;
#2870 = ORIENTED_EDGE ( 'NONE', *, *, #3352, .T. ) ;
#2871 = CARTESIAN_POINT ( 'NONE',  ( 7.819204350196697462, -124.4292181297286106, 10.75000000000000000 ) ) ;
#2872 = DIRECTION ( 'NONE',  ( -1.000000000000000000, 0.000000000000000000, 0.000000000000000000 ) ) ;
#2873 = CARTESIAN_POINT ( 'NONE',  ( 282.4722410603346816, -127.8049907678467321, 10.75000000000000000 ) ) ;
#2874 = ORIENTED_EDGE ( 'NONE', *, *, #1409, .T. ) ;
#2875 = EDGE_CURVE ( 'NONE', #3328, #43, #1636, .T. ) ;
#2876 = EDGE_CURVE ( 'NONE', #1674, #3607, #2535, .T. ) ;
#2877 = DIRECTION ( 'NONE',  ( -1.000000000000000000, 0.000000000000000000, 0.000000000000000000 ) ) ;
#2878 = ORIENTED_EDGE ( 'NONE', *, *, #1361, .T. ) ;
#2879 = LINE ( 'NONE', #2901, #1436 ) ;
#2880 = VERTEX_POINT ( 'NONE', #3199 ) ;
#2881 = AXIS2_PLACEMENT_3D ( 'NONE', #2941, #1719, #2012 ) ;
#2882 = CARTESIAN_POINT ( 'NONE',  ( 407.2855290942945317, -124.4293669483496245, 10.75000000000000000 ) ) ;
#2883 = CARTESIAN_POINT ( 'NONE',  ( 282.4726302455077303, 2.200000000000000178, 10.75000000000000000 ) ) ;
#2884 = EDGE_LOOP ( 'NONE', ( #1939, #151, #2051, #3308 ) ) ;
#2885 = VECTOR ( 'NONE', #2057, 1000.000000000000000 ) ;
#2886 = PLANE ( 'NONE',  #481 ) ;
#2887 = FACE_OUTER_BOUND ( 'NONE', #1408, .T. ) ;
#2888 = DIRECTION ( 'NONE',  ( -0.000000000000000000, -0.000000000000000000, 1.000000000000000000 ) ) ;
#2889 = AXIS2_PLACEMENT_3D ( 'NONE', #3221, #887, #1740 ) ;
#2890 = VERTEX_POINT ( 'NONE', #3498 ) ;
#2891 = VECTOR ( 'NONE', #189, 1000.000000000000000 ) ;
#2892 = CARTESIAN_POINT ( 'NONE',  ( 182.5322410603347123, -126.8099815356934243, 62.15991928837468095 ) ) ;
#2893 = AXIS2_PLACEMENT_3D ( 'NONE', #1776, #1718, #278 ) ;
#2894 = DIRECTION ( 'NONE',  ( -1.000000000000000000, 0.000000000000000000, 0.000000000000000000 ) ) ;
#2895 = DIRECTION ( 'NONE',  ( 1.000000000000000000, 0.000000000000000000, 0.000000000000000000 ) ) ;
#2896 = ORIENTED_EDGE ( 'NONE', *, *, #2463, .T. ) ;
#2897 = VECTOR ( 'NONE', #1886, 1000.000000000000000 ) ;
#2898 = VECTOR ( 'NONE', #2513, 1000.000000000000000 ) ;
#2899 = DIRECTION ( 'NONE',  ( -0.000000000000000000, -0.000000000000000000, -1.000000000000000000 ) ) ;
#2900 = ORIENTED_EDGE ( 'NONE', *, *, #2416, .F. ) ;
#2901 = CARTESIAN_POINT ( 'NONE',  ( 6.659451242230931989, -127.2292181297286220, 12.24999999999999822 ) ) ;
#2902 = EDGE_CURVE ( 'NONE', #28, #3711, #26, .T. ) ;
#2903 = VERTEX_POINT ( 'NONE', #1471 ) ;
#2904 = DIRECTION ( 'NONE',  ( 1.000000000000000000, 0.000000000000000000, 0.000000000000000000 ) ) ;
#2905 = DIRECTION ( 'NONE',  ( -0.000000000000000000, -0.000000000000000000, -1.000000000000000000 ) ) ;
#2906 = ORIENTED_EDGE ( 'NONE', *, *, #2834, .F. ) ;
#2907 = DIRECTION ( 'NONE',  ( 1.000000000000000000, 0.000000000000000000, 0.000000000000000000 ) ) ;
#2908 = CARTESIAN_POINT ( 'NONE',  ( 2.412545276236220726, -4.000000000000000000, 4.000000000000000000 ) ) ;
#2909 = DIRECTION ( 'NONE',  ( 1.000000000000000000, 0.000000000000000000, 0.000000000000000000 ) ) ;
#2910 = ORIENTED_EDGE ( 'NONE', *, *, #419, .F. ) ;
#2911 = FACE_OUTER_BOUND ( 'NONE', #579, .T. ) ;
#2912 = CARTESIAN_POINT ( 'NONE',  ( 404.7177313582652687, -118.2293669483496217, 5.599999999999999645 ) ) ;
#2913 = DIRECTION ( 'NONE',  ( -0.000000000000000000, -0.000000000000000000, -1.000000000000000000 ) ) ;
#2914 = VERTEX_POINT ( 'NONE', #2073 ) ;
#2915 = EDGE_CURVE ( 'NONE', #2395, #2795, #2620, .T. ) ;
#2916 = CARTESIAN_POINT ( 'NONE',  ( 334.1477152147792253, -53.97200000000000841, 5.599999999999999645 ) ) ;
#2917 = ORIENTED_EDGE ( 'NONE', *, *, #1314, .T. ) ;
#2918 = LINE ( 'NONE', #2089, #831 ) ;
#2919 = ORIENTED_EDGE ( 'NONE', *, *, #145, .F. ) ;
#2920 = CARTESIAN_POINT ( 'NONE',  ( 416.3821796847597057, -127.2293669483496359, 12.24999999999999822 ) ) ;
#2921 = LINE ( 'NONE', #2883, #2521 ) ;
#2922 = ORIENTED_EDGE ( 'NONE', *, *, #1314, .F. ) ;
#2923 = CARTESIAN_POINT ( 'NONE',  ( 7.819204350196697462, -124.4292181297286106, 10.75000000000000000 ) ) ;
#2924 = EDGE_CURVE ( 'NONE', #1316, #1395, #262, .T. ) ;
#2925 = FACE_OUTER_BOUND ( 'NONE', #3281, .T. ) ;
#2926 = ADVANCED_FACE ( 'NONE', ( #1432 ), #2277, .F. ) ;
#2927 = PLANE ( 'NONE',  #2054 ) ;
#2928 = VERTEX_POINT ( 'NONE', #3476 ) ;
#2929 = DIRECTION ( 'NONE',  ( 0.000000000000000000, 0.000000000000000000, -1.000000000000000000 ) ) ;
#2930 = VERTEX_POINT ( 'NONE', #2920 ) ;
#2931 = LINE ( 'NONE', #54, #3427 ) ;
#2932 = DIRECTION ( 'NONE',  ( 0.000000000000000000, -0.000000000000000000, 1.000000000000000000 ) ) ;
#2933 = EDGE_CURVE ( 'NONE', #524, #2865, #408, .T. ) ;
#2934 = VERTEX_POINT ( 'NONE', #63 ) ;
#2935 = DIRECTION ( 'NONE',  ( 0.000000000000000000, 0.000000000000000000, 1.000000000000000000 ) ) ;
#2936 = ORIENTED_EDGE ( 'NONE', *, *, #2062, .T. ) ;
#2937 = CARTESIAN_POINT ( 'NONE',  ( 10.68042987029309820, -127.8049907678467321, 12.24999999999999822 ) ) ;
#2938 = VERTEX_POINT ( 'NONE', #3138 ) ;
#2939 = EDGE_CURVE ( 'NONE', #517, #1502, #1391, .T. ) ;
#2940 = DIRECTION ( 'NONE',  ( 0.000000000000000000, 1.000000000000000000, 0.000000000000000000 ) ) ;
#2941 = CARTESIAN_POINT ( 'NONE',  ( 33.49154527623622357, -69.05098153569343822, 1.000000000000015543 ) ) ;
#2942 = VERTEX_POINT ( 'NONE', #2582 ) ;
#2943 = CC_DESIGN_PERSON_AND_ORGANIZATION_ASSIGNMENT ( #2406, #3541, ( #983 ) ) ;
#2944 = CYLINDRICAL_SURFACE ( 'NONE', #727, 3.549999999999998934 ) ;
#2945 = VECTOR ( 'NONE', #1714, 1000.000000000000000 ) ;
#2946 = EDGE_LOOP ( 'NONE', ( #2067, #2824 ) ) ;
#2947 = EDGE_CURVE ( 'NONE', #3618, #1495, #6, .T. ) ;
#2948 = LINE ( 'NONE', #2646, #1872 ) ;
#2949 = ORIENTED_EDGE ( 'NONE', *, *, #2292, .T. ) ;
#2950 = CARTESIAN_POINT ( 'NONE',  ( 33.65154527623621306, -4.500000000000046185, 3.000000000000000444 ) ) ;
#2951 = VECTOR ( 'NONE', #3349, 1000.000000000000000 ) ;
#2952 = ORIENTED_EDGE ( 'NONE', *, *, #2024, .T. ) ;
#2953 = VECTOR ( 'NONE', #2307, 1000.000000000000000 ) ;
#2954 = DIRECTION ( 'NONE',  ( -0.7071703182437242274, -0.7070432384197375963, 0.000000000000000000 ) ) ;
#2955 = VERTEX_POINT ( 'NONE', #2011 ) ;
#2956 = DIRECTION ( 'NONE',  ( 0.7071067811865674457, 8.659560562355176912E-17, -0.7071067811865275887 ) ) ;
#2957 = EDGE_LOOP ( 'NONE', ( #391, #3411, #2244, #2164 ) ) ;
#2958 = CARTESIAN_POINT ( 'NONE',  ( 412.6927152147791844, -4.000000000000000000, 0.000000000000000000 ) ) ;
#2959 = EDGE_LOOP ( 'NONE', ( #1063, #1866, #2826, #2524, #1248, #2511, #2557, #3523 ) ) ;
#2960 = CARTESIAN_POINT ( 'NONE',  ( 420.0526302455077143, -120.1147949636142584, 12.24999999999999822 ) ) ;
#2961 = CARTESIAN_POINT ( 'NONE',  ( 232.5726302455077246, 3.195009232153330547, 12.24999999999999645 ) ) ;
#2962 = DIRECTION ( 'NONE',  ( 1.000000000000000000, 0.000000000000000000, 0.000000000000000000 ) ) ;
#2963 = ORIENTED_EDGE ( 'NONE', *, *, #2669, .F. ) ;
#2964 = DIRECTION ( 'NONE',  ( 1.000000000000000000, 0.000000000000000000, -0.000000000000000000 ) ) ;
#2965 = EDGE_LOOP ( 'NONE', ( #1055, #2739, #115, #108 ) ) ;
#2966 = CARTESIAN_POINT ( 'NONE',  ( 10.38722908926378174, -118.2292181297286078, 5.599999999999999645 ) ) ;
#2967 = DIRECTION ( 'NONE',  ( 0.000000000000000000, 1.000000000000000000, 0.000000000000000000 ) ) ;
#2968 = ORIENTED_EDGE ( 'NONE', *, *, #324, .F. ) ;
#2969 = ADVANCED_FACE ( 'NONE', ( #2603 ), #1176, .F. ) ;
#2970 = EDGE_CURVE ( 'NONE', #3025, #253, #2594, .T. ) ;
#2971 = PLANE ( 'NONE',  #1979 ) ;
#2972 = ORIENTED_EDGE ( 'NONE', *, *, #2579, .T. ) ;
#2973 = CARTESIAN_POINT ( 'NONE',  ( 33.49154527623622357, -69.05098153569343822, -0.1499999999999999667 ) ) ;
#2974 = VERTEX_POINT ( 'NONE', #1236 ) ;
#2975 = CARTESIAN_POINT ( 'NONE',  ( 282.4722410603346816, -126.8099815356934243, 62.15991928837468095 ) ) ;
#2976 = LINE ( 'NONE', #713, #1086 ) ;
#2977 = EDGE_LOOP ( 'NONE', ( #1585, #1030, #2289, #2466, #3509, #3204, #1050, #1375, #1265, #1701 ) ) ;
#2978 = CARTESIAN_POINT ( 'NONE',  ( 39.15154527623621306, 19.46271067262288312, 3.000000000000000444 ) ) ;
#2979 = ORIENTED_EDGE ( 'NONE', *, *, #483, .T. ) ;
#2980 = CARTESIAN_POINT ( 'NONE',  ( 132.6322410603347350, -126.8099815356934243, 62.15991928837468095 ) ) ;
#2981 = VERTEX_POINT ( 'NONE', #1288 ) ;
#2982 = DIRECTION ( 'NONE',  ( 1.000000000000000000, 0.000000000000000000, -0.000000000000000000 ) ) ;
#2983 = EDGE_LOOP ( 'NONE', ( #3559, #794, #2578, #1564 ) ) ;
#2984 = PLANE ( 'NONE',  #1444 ) ;
#2985 = ORIENTED_EDGE ( 'NONE', *, *, #3533, .T. ) ;
#2986 = LINE ( 'NONE', #2132, #3412 ) ;
#2987 = ORIENTED_EDGE ( 'NONE', *, *, #2743, .T. ) ;
#2988 = EDGE_CURVE ( 'NONE', #298, #85, #1587, .T. ) ;
#2989 = CIRCLE ( 'NONE', #3587, 2.000000000000001776 ) ;
#2990 = EDGE_CURVE ( 'NONE', #3027, #2938, #2091, .T. ) ;
#2991 = CARTESIAN_POINT ( 'NONE',  ( 13.41254527623619808, -15.00000000000000178, -0.2999999999999999334 ) ) ;
#2992 = VECTOR ( 'NONE', #1344, 1000.000000000000000 ) ;
#2993 = EDGE_LOOP ( 'NONE', ( #1171, #2622, #190, #1190 ) ) ;
#2994 = CARTESIAN_POINT ( 'NONE',  ( 182.5326302455077041, 2.200000000000000178, 10.75000000000000000 ) ) ;
#2995 = EDGE_CURVE ( 'NONE', #2075, #2737, #1984, .T. ) ;
#2996 = CIRCLE ( 'NONE', #1374, 3.549999999999998934 ) ;
#2997 = LINE ( 'NONE', #947, #2230 ) ;
#2998 = CIRCLE ( 'NONE', #892, 6.250000000000001776 ) ;
#2999 = EDGE_LOOP ( 'NONE', ( #697, #3171 ) ) ;
#3000 = VECTOR ( 'NONE', #2905, 1000.000000000000000 ) ;
#3001 = CARTESIAN_POINT ( 'NONE',  ( 282.4726302455077303, 2.200000000000000178, 12.24999999999999645 ) ) ;
#3002 = DIRECTION ( 'NONE',  ( -0.000000000000000000, -0.000000000000000000, 1.000000000000000000 ) ) ;
#3003 = CARTESIAN_POINT ( 'NONE',  ( 413.1977152147791799, -115.8793669483496274, 5.599999999999999645 ) ) ;
#3004 = VECTOR ( 'NONE', #2464, 999.9999999999998863 ) ;
#3005 = CIRCLE ( 'NONE', #3544, 2.000000000000001776 ) ;
#3006 = DIRECTION ( 'NONE',  ( -0.000000000000000000, -0.000000000000000000, -1.000000000000000000 ) ) ;
#3007 = ORIENTED_EDGE ( 'NONE', *, *, #328, .T. ) ;
#3008 = CARTESIAN_POINT ( 'NONE',  ( 32.90945124223093643, -109.6099815356934499, -1.800000000000000044 ) ) ;
#3009 = ORIENTED_EDGE ( 'NONE', *, *, #1897, .F. ) ;
#3010 = VECTOR ( 'NONE', #3521, 1000.000000000000000 ) ;
#3011 = DIRECTION ( 'NONE',  ( -0.7071067811865374697, 0.000000000000000000, -0.7071067811865576758 ) ) ;
#3012 = AXIS2_PLACEMENT_3D ( 'NONE', #927, #597, #1136 ) ;
#3013 = ADVANCED_FACE ( 'NONE', ( #1850 ), #414, .T. ) ;
#3014 = DIRECTION ( 'NONE',  ( 0.000000000000000000, 1.000000000000000000, 0.000000000000000000 ) ) ;
#3015 = ORIENTED_EDGE ( 'NONE', *, *, #2915, .T. ) ;
#3016 = AXIS2_PLACEMENT_3D ( 'NONE', #687, #2733, #1844 ) ;
#3017 = DIRECTION ( 'NONE',  ( 0.000000000000000000, 0.000000000000000000, 1.000000000000000000 ) ) ;
#3018 = PERSON_AND_ORGANIZATION ( #784, #1938 ) ;
#3019 = LOCAL_TIME ( 19, 24, 34.00000000000000000, #1275 ) ;
#3020 = EDGE_CURVE ( 'NONE', #1487, #3248, #161, .T. ) ;
#3021 = EDGE_CURVE ( 'NONE', #3087, #1229, #3292, .T. ) ;
#3022 = LINE ( 'NONE', #3565, #3074 ) ;
#3023 = DIRECTION ( 'NONE',  ( 0.000000000000000000, 0.000000000000000000, 1.000000000000000000 ) ) ;
#3024 = LINE ( 'NONE', #3340, #2236 ) ;
#3025 = VERTEX_POINT ( 'NONE', #1870 ) ;
#3026 = DIRECTION ( 'NONE',  ( 1.000000000000000000, 0.000000000000000000, -0.000000000000000000 ) ) ;
#3027 = VERTEX_POINT ( 'NONE', #3234 ) ;
#3028 = VERTEX_POINT ( 'NONE', #381 ) ;
#3029 = EDGE_CURVE ( 'NONE', #1945, #1600, #2399, .T. ) ;
#3030 = DIRECTION ( 'NONE',  ( -0.7070432384197375963, 0.7071703182437242274, 0.000000000000000000 ) ) ;
#3031 = CARTESIAN_POINT ( 'NONE',  ( 395.4427152147791844, -15.00000000000000178, -1.800000000000000044 ) ) ;
#3032 = ORIENTED_EDGE ( 'NONE', *, *, #1875, .T. ) ;
#3033 = ADVANCED_BREP_SHAPE_REPRESENTATION ( 'back', ( #2246, #1643 ), #912 ) ;
#3034 = DIRECTION ( 'NONE',  ( 0.000000000000000000, 0.000000000000000000, -1.000000000000000000 ) ) ;
#3035 = EDGE_CURVE ( 'NONE', #1604, #3395, #3311, .T. ) ;
#3036 = ADVANCED_FACE ( 'NONE', ( #3535 ), #966, .T. ) ;
#3037 = DIRECTION ( 'NONE',  ( -1.000000000000000000, 0.000000000000000000, 0.000000000000000000 ) ) ;
#3038 = CARTESIAN_POINT ( 'NONE',  ( 411.1977152147791799, -115.8793669483496274, -0.1499999999999999667 ) ) ;
#3039 = DIRECTION ( 'NONE',  ( 0.7070874383579355271, 0.7071261234860530820, 0.000000000000000000 ) ) ;
#3040 = ORIENTED_EDGE ( 'NONE', *, *, #629, .T. ) ;
#3041 = DIRECTION ( 'NONE',  ( 1.000000000000000000, -0.000000000000000000, -0.000000000000000000 ) ) ;
#3042 = EDGE_LOOP ( 'NONE', ( #3332, #631, #1343, #3231, #2040, #2802, #1285, #3321, #1857, #2111, #2536, #3218, #2450, #1362 ) ) ;
#3043 = ORIENTED_EDGE ( 'NONE', *, *, #2098, .T. ) ;
#3044 = ADVANCED_FACE ( 'NONE', ( #2570, #2004, #3642 ), #3713, .F. ) ;
#3045 = CARTESIAN_POINT ( 'NONE',  ( 2.412545276236220726, -4.000000000000000000, 4.000000000000000000 ) ) ;
#3046 = CARTESIAN_POINT ( 'NONE',  ( 420.0526302455077143, 3.195009232153282142, 10.75000000000000000 ) ) ;
#3047 = ORIENTED_EDGE ( 'NONE', *, *, #2291, .T. ) ;
#3048 = AXIS2_PLACEMENT_3D ( 'NONE', #3351, #2585, #1066 ) ;
#3049 = LINE ( 'NONE', #199, #1878 ) ;
#3050 = CARTESIAN_POINT ( 'NONE',  ( 48.40154527623622016, -4.000000000000000000, 5.599999999999999645 ) ) ;
#3051 = VECTOR ( 'NONE', #2507, 1000.000000000000000 ) ;
#3052 = PLANE ( 'NONE',  #2424 ) ;
#3053 = LINE ( 'NONE', #3636, #1563 ) ;
#3054 = PLANE ( 'NONE',  #1097 ) ;
#3055 = VECTOR ( 'NONE', #434, 1000.000000000000000 ) ;
#3056 = ADVANCED_FACE ( 'NONE', ( #450 ), #2203, .T. ) ;
#3057 = ORIENTED_EDGE ( 'NONE', *, *, #1496, .F. ) ;
#3058 = VECTOR ( 'NONE', #2304, 1000.000000000000000 ) ;
#3059 = DIRECTION ( 'NONE',  ( 1.000000000000000000, 5.578958409373273725E-14, -0.000000000000000000 ) ) ;
#3060 = AXIS2_PLACEMENT_3D ( 'NONE', #1942, #3065, #1971 ) ;
#3061 = EDGE_CURVE ( 'NONE', #144, #2542, #3344, .T. ) ;
#3062 = VERTEX_POINT ( 'NONE', #176 ) ;
#3063 = VECTOR ( 'NONE', #40, 1000.000000000000000 ) ;
#3064 = FACE_OUTER_BOUND ( 'NONE', #198, .T. ) ;
#3065 = DIRECTION ( 'NONE',  ( 0.000000000000000000, -1.000000000000000000, 0.000000000000000000 ) ) ;
#3066 = AXIS2_PLACEMENT_3D ( 'NONE', #756, #229, #2808 ) ;
#3067 = ORIENTED_EDGE ( 'NONE', *, *, #375, .T. ) ;
#3068 = AXIS2_PLACEMENT_3D ( 'NONE', #2196, #3208, #2932 ) ;
#3069 = ORIENTED_EDGE ( 'NONE', *, *, #3602, .T. ) ;
#3070 = VECTOR ( 'NONE', #3011, 1000.000000000000000 ) ;
#3071 = LINE ( 'NONE', #1682, #1572 ) ;
#3072 = EDGE_LOOP ( 'NONE', ( #1427, #2520, #1531, #3257 ) ) ;
#3073 = CARTESIAN_POINT ( 'NONE',  ( 31.75351998662598163, -4.000000000000000000, 0.000000000000000000 ) ) ;
#3074 = VECTOR ( 'NONE', #2481, 1000.000000000000000 ) ;
#3075 = DIRECTION ( 'NONE',  ( -1.000000000000000000, 0.000000000000000000, 0.000000000000000000 ) ) ;
#3076 = CARTESIAN_POINT ( 'NONE',  ( -0.2399816456752842941, -124.8217424669712159, 10.75000000000000000 ) ) ;
#3077 = DIRECTION ( 'NONE',  ( -0.000000000000000000, 1.000000000000000000, 0.000000000000000000 ) ) ;
#3078 = ORIENTED_EDGE ( 'NONE', *, *, #373, .F. ) ;
#3079 = FACE_OUTER_BOUND ( 'NONE', #2385, .T. ) ;
#3080 = ORIENTED_EDGE ( 'NONE', *, *, #526, .T. ) ;
#3081 = ADVANCED_FACE ( 'NONE', ( #1647 ), #3364, .T. ) ;
#3082 = ADVANCED_FACE ( 'NONE', ( #2471 ), #195, .T. ) ;
#3083 = CARTESIAN_POINT ( 'NONE',  ( 404.4240522503762918, -127.8049907678467321, 10.75000000000000000 ) ) ;
#3084 = CARTESIAN_POINT ( 'NONE',  ( 412.6927152147791844, -4.000000000000000000, 5.599999999999999645 ) ) ;
#3085 = ORIENTED_EDGE ( 'NONE', *, *, #2764, .F. ) ;
#3086 = DIRECTION ( 'NONE',  ( 5.578958409373273094E-14, -1.000000000000000000, 0.000000000000000000 ) ) ;
#3087 = VERTEX_POINT ( 'NONE', #1921 ) ;
#3088 = FACE_OUTER_BOUND ( 'NONE', #809, .T. ) ;
#3089 = DIRECTION ( 'NONE',  ( -0.7071067811865472397, 0.000000000000000000, -0.7071067811865479058 ) ) ;
#3090 = LINE ( 'NONE', #217, #3132 ) ;
#3091 = PLANE ( 'NONE',  #3471 ) ;
#3092 = DIRECTION ( 'NONE',  ( 0.000000000000000000, 0.000000000000000000, -1.000000000000000000 ) ) ;
#3093 = VERTEX_POINT ( 'NONE', #503 ) ;
#3094 = LINE ( 'NONE', #3606, #1692 ) ;
#3095 = ORIENTED_EDGE ( 'NONE', *, *, #1804, .F. ) ;
#3096 = DIRECTION ( 'NONE',  ( 1.000000000000000000, 0.000000000000000000, 0.000000000000000000 ) ) ;
#3097 = ORIENTED_EDGE ( 'NONE', *, *, #3376, .F. ) ;
#3098 = CARTESIAN_POINT ( 'NONE',  ( 395.4427152147791844, -15.00000000000000178, -0.2999999999999999334 ) ) ;
#3099 = EDGE_CURVE ( 'NONE', #3563, #2205, #1044, .T. ) ;
#3100 = VERTEX_POINT ( 'NONE', #2752 ) ;
#3101 = CARTESIAN_POINT ( 'NONE',  ( 28.09154527623622499, -69.05098153569343822, 1.000000000000015543 ) ) ;
#3102 = ORIENTED_EDGE ( 'NONE', *, *, #1586, .F. ) ;
#3103 = DIRECTION ( 'NONE',  ( -0.000000000000000000, -0.000000000000000000, -1.000000000000000000 ) ) ;
#3104 = EDGE_CURVE ( 'NONE', #158, #1207, #3612, .T. ) ;
#3105 = DIRECTION ( 'NONE',  ( 1.000000000000000000, -0.000000000000000000, -0.000000000000000000 ) ) ;
#3106 = CARTESIAN_POINT ( 'NONE',  ( 38.89154527623622926, -69.05098153569343822, 5.599999999999999645 ) ) ;
#3107 = DIRECTION ( 'NONE',  ( 1.000000000000000000, 0.000000000000000000, -0.000000000000000000 ) ) ;
#3108 = VECTOR ( 'NONE', #1763, 1000.000000000000000 ) ;
#3109 = AXIS2_PLACEMENT_3D ( 'NONE', #357, #1507, #2659 ) ;
#3110 = APPLICATION_CONTEXT ( 'configuration controlled 3d designs of mechanical parts and assemblies' ) ;
#3111 = CARTESIAN_POINT ( 'NONE',  ( 9.040344901021665436, -129.6099815356934357, -450.7362439051084380 ) ) ;
#3112 = ORIENTED_EDGE ( 'NONE', *, *, #1521, .F. ) ;
#3113 = CIRCLE ( 'NONE', #2038, 5.400000000000016342 ) ;
#3114 = CIRCLE ( 'NONE', #359, 5.400000000000016342 ) ;
#3115 = CARTESIAN_POINT ( 'NONE',  ( 2.412545276236220726, -4.000000000000000000, 5.599999999999999645 ) ) ;
#3116 = ORIENTED_EDGE ( 'NONE', *, *, #2496, .T. ) ;
#3117 = EDGE_LOOP ( 'NONE', ( #1969, #2426 ) ) ;
#3118 = VECTOR ( 'NONE', #57, 1000.000000000000000 ) ;
#3119 = ADVANCED_FACE ( 'NONE', ( #3064 ), #2187, .T. ) ;
#3120 = CARTESIAN_POINT ( 'NONE',  ( 0.000000000000000000, 0.000000000000000000, 4.000000000000000000 ) ) ;
#3121 = VECTOR ( 'NONE', #1180, 1000.000000000000000 ) ;
#3122 = AXIS2_PLACEMENT_3D ( 'NONE', #172, #3041, #1094 ) ;
#3123 = ORIENTED_EDGE ( 'NONE', *, *, #392, .T. ) ;
#3124 = CARTESIAN_POINT ( 'NONE',  ( 182.5326302455077041, 2.200000000000000178, 10.75000000000000000 ) ) ;
#3125 = AXIS2_PLACEMENT_3D ( 'NONE', #2436, #1511, #2663 ) ;
#3126 = FACE_OUTER_BOUND ( 'NONE', #2855, .T. ) ;
#3127 = EDGE_CURVE ( 'NONE', #1678, #1487, #3330, .T. ) ;
#3128 = PLANE ( 'NONE',  #1085 ) ;
#3129 = DIRECTION ( 'NONE',  ( -0.000000000000000000, -0.000000000000000000, 1.000000000000000000 ) ) ;
#3130 = VECTOR ( 'NONE', #1123, 999.9999999999998863 ) ;
#3131 = ORIENTED_EDGE ( 'NONE', *, *, #1777, .F. ) ;
#3132 = VECTOR ( 'NONE', #762, 1000.000000000000000 ) ;
#3133 = DIRECTION ( 'NONE',  ( 0.000000000000000000, -0.000000000000000000, 1.000000000000000000 ) ) ;
#3134 = ORIENTED_EDGE ( 'NONE', *, *, #439, .T. ) ;
#3135 = DIRECTION ( 'NONE',  ( -0.000000000000000000, -0.000000000000000000, -1.000000000000000000 ) ) ;
#3136 = ORIENTED_EDGE ( 'NONE', *, *, #1593, .F. ) ;
#3137 = ORIENTED_EDGE ( 'NONE', *, *, #2275, .T. ) ;
#3138 = CARTESIAN_POINT ( 'NONE',  ( 404.7977152147792594, -115.8793669483496274, 0.000000000000000000 ) ) ;
#3139 = DIRECTION ( 'NONE',  ( -0.000000000000000000, -0.000000000000000000, -1.000000000000000000 ) ) ;
#3140 = ORIENTED_EDGE ( 'NONE', *, *, #2329, .T. ) ;
#3141 = DIRECTION ( 'NONE',  ( 0.000000000000000000, 0.000000000000000000, -1.000000000000000000 ) ) ;
#3142 = LINE ( 'NONE', #2667, #1982 ) ;
#3143 = LINE ( 'NONE', #2588, #2339 ) ;
#3144 = CARTESIAN_POINT ( 'NONE',  ( 33.49154527623622357, -69.05098153569343822, 5.599999999999999645 ) ) ;
#3145 = ORIENTED_EDGE ( 'NONE', *, *, #2427, .T. ) ;
#3146 = ADVANCED_FACE ( 'NONE', ( #289 ), #1941, .T. ) ;
#3147 = EDGE_CURVE ( 'NONE', #3062, #2419, #2803, .T. ) ;
#3148 = DIRECTION ( 'NONE',  ( -0.000000000000000000, -0.000000000000000000, 1.000000000000000000 ) ) ;
#3149 = ORIENTED_EDGE ( 'NONE', *, *, #3675, .F. ) ;
#3150 = DIRECTION ( 'NONE',  ( -0.000000000000000000, -0.000000000000000000, 1.000000000000000000 ) ) ;
#3151 = ORIENTED_EDGE ( 'NONE', *, *, #3099, .T. ) ;
#3152 = FACE_OUTER_BOUND ( 'NONE', #2845, .T. ) ;
#3153 = ORIENTED_EDGE ( 'NONE', *, *, #2354, .F. ) ;
#3154 = LINE ( 'NONE', #2363, #244 ) ;
#3155 = CARTESIAN_POINT ( 'NONE',  ( 334.1477152147792253, -53.97200000000000841, -0.1499999999999999667 ) ) ;
#3156 = ORIENTED_EDGE ( 'NONE', *, *, #1008, .T. ) ;
#3157 = DIRECTION ( 'NONE',  ( 1.000000000000000000, 0.000000000000000000, 0.000000000000000000 ) ) ;
#3158 = CARTESIAN_POINT ( 'NONE',  ( 10.68042987029309820, -127.8049907678467321, 12.24999999999999822 ) ) ;
#3159 = DIRECTION ( 'NONE',  ( 0.000000000000000000, -1.000000000000000000, -0.000000000000000000 ) ) ;
#3160 = CARTESIAN_POINT ( 'NONE',  ( 12.76812274805451608, -120.6099815356934357, 0.000000000000000000 ) ) ;
#3161 = ORIENTED_EDGE ( 'NONE', *, *, #2021, .F. ) ;
#3162 = VECTOR ( 'NONE', #2176, 1000.000000000000000 ) ;
#3163 = CARTESIAN_POINT ( 'NONE',  ( 9.230203483726629798, -118.2292181297286078, 0.6696317812145756720 ) ) ;
#3164 = ADVANCED_FACE ( 'NONE', ( #1421 ), #3432, .F. ) ;
#3165 = DIRECTION ( 'NONE',  ( 1.000000000000000000, 0.000000000000000000, 0.000000000000000000 ) ) ;
#3166 = VECTOR ( 'NONE', #902, 1000.000000000000000 ) ;
#3167 = DIRECTION ( 'NONE',  ( -0.000000000000000000, -0.000000000000000000, -1.000000000000000000 ) ) ;
#3168 = EDGE_LOOP ( 'NONE', ( #1485, #2597 ) ) ;
#3169 = CARTESIAN_POINT ( 'NONE',  ( 282.4726302455077303, 2.200000000000000178, 62.15991928837468095 ) ) ;
#3170 = VECTOR ( 'NONE', #558, 1000.000000000000000 ) ;
#3171 = ORIENTED_EDGE ( 'NONE', *, *, #799, .T. ) ;
#3172 = CYLINDRICAL_SURFACE ( 'NONE', #2100, 2.000000000000001332 ) ;
#3173 = EDGE_CURVE ( 'NONE', #326, #1678, #19, .T. ) ;
#3174 = ORIENTED_EDGE ( 'NONE', *, *, #299, .T. ) ;
#3175 = AXIS2_PLACEMENT_3D ( 'NONE', #3155, #2621, #907 ) ;
#3176 = CARTESIAN_POINT ( 'NONE',  ( 394.6951796847592959, -109.6099815356934499, -0.2999999999999999334 ) ) ;
#3177 = ORIENTED_EDGE ( 'NONE', *, *, #615, .F. ) ;
#3178 = CARTESIAN_POINT ( 'NONE',  ( 282.4722410603346816, -126.8099815356934243, 12.24999999999999645 ) ) ;
#3179 = VECTOR ( 'NONE', #274, 1000.000000000000000 ) ;
#3180 = DIRECTION ( 'NONE',  ( 1.000000000000000000, 0.000000000000000000, 0.000000000000000000 ) ) ;
#3181 = FACE_OUTER_BOUND ( 'NONE', #1570, .T. ) ;
#3182 = DIRECTION ( 'NONE',  ( -1.000000000000000000, -0.000000000000000000, -0.000000000000000000 ) ) ;
#3183 = VECTOR ( 'NONE', #3670, 1000.000000000000000 ) ;
#3184 = ORIENTED_EDGE ( 'NONE', *, *, #1646, .T. ) ;
#3185 = PLANE ( 'NONE',  #2829 ) ;
#3186 = AXIS2_PLACEMENT_3D ( 'NONE', #2595, #3626, #1059 ) ;
#3187 = CARTESIAN_POINT ( 'NONE',  ( 39.15154527623622016, 4.999999999999999112, 6.549999999999999822 ) ) ;
#3188 = DIRECTION ( 'NONE',  ( -0.000000000000000000, -0.000000000000000000, -1.000000000000000000 ) ) ;
#3189 = ORIENTED_EDGE ( 'NONE', *, *, #3198, .T. ) ;
#3190 = VECTOR ( 'NONE', #641, 1000.000000000000000 ) ;
#3191 = VECTOR ( 'NONE', #2178, 1000.000000000000000 ) ;
#3192 = CC_DESIGN_SECURITY_CLASSIFICATION ( #795, ( #983 ) ) ;
#3193 = CARTESIAN_POINT ( 'NONE',  ( 10.20009800898741759, -126.8099815356934243, 10.75000000000000000 ) ) ;
#3194 = ORIENTED_EDGE ( 'NONE', *, *, #689, .F. ) ;
#3195 = DIRECTION ( 'NONE',  ( 0.000000000000000000, 0.000000000000000000, -1.000000000000000000 ) ) ;
#3196 = ORIENTED_EDGE ( 'NONE', *, *, #1688, .T. ) ;
#3197 = EDGE_CURVE ( 'NONE', #557, #28, #3226, .T. ) ;
#3198 = EDGE_CURVE ( 'NONE', #2769, #3685, #2931, .T. ) ;
#3199 = CARTESIAN_POINT ( 'NONE',  ( 7.162545276236198077, -15.00000000000000178, -1.800000000000000044 ) ) ;
#3200 = LINE ( 'NONE', #865, #1503 ) ;
#3201 = VERTEX_POINT ( 'NONE', #1463 ) ;
#3202 = CARTESIAN_POINT ( 'NONE',  ( 0.000000000000000000, 0.000000000000000000, 0.000000000000000000 ) ) ;
#3203 = PLANE ( 'NONE',  #1638 ) ;
#3204 = ORIENTED_EDGE ( 'NONE', *, *, #3334, .F. ) ;
#3205 = DIRECTION ( 'NONE',  ( 0.000000000000000000, 0.000000000000000000, -1.000000000000000000 ) ) ;
#3206 = CARTESIAN_POINT ( 'NONE',  ( -0.1177956498029014282, -124.4292181297286106, 5.599999999999999645 ) ) ;
#3207 = CARTESIAN_POINT ( 'NONE',  ( 33.49154527623622357, -69.05098153569343822, 1.000000000000015543 ) ) ;
#3208 = DIRECTION ( 'NONE',  ( 0.000000000000000000, 1.000000000000000000, 0.000000000000000000 ) ) ;
#3209 = VERTEX_POINT ( 'NONE', #2628 ) ;
#3210 = CC_DESIGN_PERSON_AND_ORGANIZATION_ASSIGNMENT ( #3562, #422, ( #983 ) ) ;
#3211 = DIRECTION ( 'NONE',  ( 0.000000000000000000, 0.000000000000000000, -1.000000000000000000 ) ) ;
#3212 = ORIENTED_EDGE ( 'NONE', *, *, #3099, .F. ) ;
#3213 = LINE ( 'NONE', #2937, #1317 ) ;
#3214 = ORIENTED_EDGE ( 'NONE', *, *, #1406, .T. ) ;
#3215 = DIRECTION ( 'NONE',  ( 0.7071261234859760325, -0.7070874383580125766, 0.000000000000000000 ) ) ;
#3216 = ADVANCED_FACE ( 'NONE', ( #1227 ), #645, .T. ) ;
#3217 = DIRECTION ( 'NONE',  ( -1.000000000000000000, 0.000000000000000000, 0.000000000000000000 ) ) ;
#3218 = ORIENTED_EDGE ( 'NONE', *, *, #2470, .F. ) ;
#3219 = CARTESIAN_POINT ( 'NONE',  ( 3.968545276236235875, -115.9542181297286163, 0.000000000000000000 ) ) ;
#3220 = EDGE_CURVE ( 'NONE', #2942, #2086, #1809, .T. ) ;
#3221 = CARTESIAN_POINT ( 'NONE',  ( 33.49154527623622357, -69.05098153569343822, 0.000000000000000000 ) ) ;
#3222 = DIRECTION ( 'NONE',  ( 0.000000000000000000, 0.000000000000000000, 1.000000000000000000 ) ) ;
#3223 = VERTEX_POINT ( 'NONE', #918 ) ;
#3224 = DIRECTION ( 'NONE',  ( 0.000000000000000000, 0.000000000000000000, -1.000000000000000000 ) ) ;
#3225 = FACE_OUTER_BOUND ( 'NONE', #1583, .T. ) ;
#3226 = LINE ( 'NONE', #2966, #787 ) ;
#3227 = LINE ( 'NONE', #3050, #3646 ) ;
#3228 = ORIENTED_EDGE ( 'NONE', *, *, #2275, .F. ) ;
#3229 = AXIS2_PLACEMENT_3D ( 'NONE', #3373, #1963, #3406 ) ;
#3230 = DIRECTION ( 'NONE',  ( -0.000000000000000000, -0.000000000000000000, -1.000000000000000000 ) ) ;
#3231 = ORIENTED_EDGE ( 'NONE', *, *, #3061, .T. ) ;
#3232 = FACE_OUTER_BOUND ( 'NONE', #2884, .T. ) ;
#3233 = ORIENTED_EDGE ( 'NONE', *, *, #1070, .T. ) ;
#3234 = CARTESIAN_POINT ( 'NONE',  ( 405.7977152147791458, -115.8793669483496274, 0.9999999999999376055 ) ) ;
#3235 = DIRECTION ( 'NONE',  ( 0.000000000000000000, 0.000000000000000000, 1.000000000000000000 ) ) ;
#3236 = ORIENTED_EDGE ( 'NONE', *, *, #851, .T. ) ;
#3237 = LINE ( 'NONE', #2960, #1801 ) ;
#3238 = AXIS2_PLACEMENT_3D ( 'NONE', #3355, #763, #3023 ) ;
#3239 = EDGE_CURVE ( 'NONE', #1167, #3093, #2173, .T. ) ;
#3240 = FACE_OUTER_BOUND ( 'NONE', #2602, .T. ) ;
#3241 = DIRECTION ( 'NONE',  ( -0.7070432384197663511, 0.7071703182436954727, 0.000000000000000000 ) ) ;
#3242 = VECTOR ( 'NONE', #1302, 1000.000000000000000 ) ;
#3243 = EDGE_LOOP ( 'NONE', ( #1287, #1218, #891, #694 ) ) ;
#3244 = EDGE_CURVE ( 'NONE', #2769, #2294, #316, .T. ) ;
#3245 = AXIS2_PLACEMENT_3D ( 'NONE', #2130, #3006, #1018 ) ;
#3246 = EDGE_CURVE ( 'NONE', #642, #2974, #1788, .T. ) ;
#3247 = CARTESIAN_POINT ( 'NONE',  ( -4.947369754492285665, -120.1146118877603612, 10.75000000000000000 ) ) ;
#3248 = VERTEX_POINT ( 'NONE', #2374 ) ;
#3249 = DIRECTION ( 'NONE',  ( 0.000000000000000000, -0.000000000000000000, 1.000000000000000000 ) ) ;
#3250 = AXIS2_PLACEMENT_3D ( 'NONE', #828, #1975, #494 ) ;
#3251 = DIRECTION ( 'NONE',  ( 0.000000000000000000, 0.000000000000000000, 1.000000000000000000 ) ) ;
#3252 = AXIS2_PLACEMENT_3D ( 'NONE', #2651, #456, #2479 ) ;
#3253 = ORIENTED_EDGE ( 'NONE', *, *, #949, .F. ) ;
#3254 = VECTOR ( 'NONE', #935, 1000.000000000000000 ) ;
#3255 = CARTESIAN_POINT ( 'NONE',  ( 0.000000000000000000, 0.000000000000000000, 10.75000000000000000 ) ) ;
#3256 = AXIS2_PLACEMENT_3D ( 'NONE', #3325, #3039, #2431 ) ;
#3257 = ORIENTED_EDGE ( 'NONE', *, *, #925, .F. ) ;
#3258 = DIRECTION ( 'NONE',  ( -0.000000000000000000, -0.000000000000000000, 1.000000000000000000 ) ) ;
#3259 = ORIENTED_EDGE ( 'NONE', *, *, #3602, .F. ) ;
#3260 = DIRECTION ( 'NONE',  ( 0.000000000000000000, 0.000000000000000000, 1.000000000000000000 ) ) ;
#3261 = CARTESIAN_POINT ( 'NONE',  ( 10.38722908926378174, -118.2292181297286078, 5.599999999999999645 ) ) ;
#3262 = ORIENTED_EDGE ( 'NONE', *, *, #942, .F. ) ;
#3263 = DIRECTION ( 'NONE',  ( 0.000000000000000000, 1.000000000000000000, 0.000000000000000000 ) ) ;
#3264 = CARTESIAN_POINT ( 'NONE',  ( -6.587454723763779718, -98.45980132780354666, 3.199999999999969980 ) ) ;
#3265 = DATE_TIME_ROLE ( 'creation_date' ) ;
#3266 = VERTEX_POINT ( 'NONE', #2413 ) ;
#3267 = DIRECTION ( 'NONE',  ( 1.000000000000000000, 0.000000000000000000, 0.000000000000000000 ) ) ;
#3268 = VERTEX_POINT ( 'NONE', #2613 ) ;
#3269 = LINE ( 'NONE', #996, #3673 ) ;
#3270 = EDGE_CURVE ( 'NONE', #3650, #515, #1752, .T. ) ;
#3271 = EDGE_CURVE ( 'NONE', #148, #1099, #2326, .T. ) ;
#3272 = CARTESIAN_POINT ( 'NONE',  ( 339.5477152147792026, -53.97200000000000841, 5.599999999999999645 ) ) ;
#3273 = ORIENTED_EDGE ( 'NONE', *, *, #2810, .F. ) ;
#3274 = CARTESIAN_POINT ( 'NONE',  ( 2.412545276236220726, -110.0909388826914892, 0.3343461451858263378 ) ) ;
#3275 = ORIENTED_EDGE ( 'NONE', *, *, #2078, .T. ) ;
#3276 = DIRECTION ( 'NONE',  ( 0.000000000000000000, 0.000000000000000000, 1.000000000000000000 ) ) ;
#3277 = CARTESIAN_POINT ( 'NONE',  ( 33.49154527623622357, -69.05098153569343822, -0.1499999999999999667 ) ) ;
#3278 = ORIENTED_EDGE ( 'NONE', *, *, #2062, .F. ) ;
#3279 = DIRECTION ( 'NONE',  ( 0.000000000000000000, -0.000000000000000000, -1.000000000000000000 ) ) ;
#3280 = CARTESIAN_POINT ( 'NONE',  ( 332.1477152147792253, -53.97200000000000841, -0.1499999999999999667 ) ) ;
#3281 = EDGE_LOOP ( 'NONE', ( #705, #61, #2874, #2072 ) ) ;
#3282 = DIRECTION ( 'NONE',  ( 1.000000000000000000, 0.000000000000000000, -0.000000000000000000 ) ) ;
#3283 = ORIENTED_EDGE ( 'NONE', *, *, #3020, .T. ) ;
#3284 = DIRECTION ( 'NONE',  ( 1.000000000000000000, 0.000000000000000000, 0.000000000000000000 ) ) ;
#3285 = EDGE_CURVE ( 'NONE', #3563, #1019, #1500, .T. ) ;
#3286 = DIRECTION ( 'NONE',  ( 0.000000000000000000, 0.000000000000000000, -1.000000000000000000 ) ) ;
#3287 = ORIENTED_EDGE ( 'NONE', *, *, #2428, .F. ) ;
#3288 = CARTESIAN_POINT ( 'NONE',  ( -6.587454723763779718, -98.45980132780354666, 5.199999999999970868 ) ) ;
#3289 = VERTEX_POINT ( 'NONE', #1746 ) ;
#3290 = EDGE_CURVE ( 'NONE', #653, #2239, #12, .T. ) ;
#3291 = VECTOR ( 'NONE', #2107, 999.9999999999998863 ) ;
#3292 = LINE ( 'NONE', #712, #1219 ) ;
#3293 = CARTESIAN_POINT ( 'NONE',  ( 41.04957056584643738, 19.46271067262288312, 0.000000000000000000 ) ) ;
#3294 = CIRCLE ( 'NONE', #3590, 2.000000000000001332 ) ;
#3295 = ORIENTED_EDGE ( 'NONE', *, *, #759, .T. ) ;
#3296 = AXIS2_PLACEMENT_3D ( 'NONE', #1168, #2063, #3484 ) ;
#3297 = CARTESIAN_POINT ( 'NONE',  ( 13.41254527623619808, -15.00000000000000178, -0.2999999999999999334 ) ) ;
#3298 = AXIS2_PLACEMENT_3D ( 'NONE', #1165, #33, #3691 ) ;
#3299 = AXIS2_PLACEMENT_3D ( 'NONE', #2753, #3536, #696 ) ;
#3300 = DIRECTION ( 'NONE',  ( 0.000000000000000000, 0.000000000000000000, -1.000000000000000000 ) ) ;
#3301 = LINE ( 'NONE', #1296, #3360 ) ;
#3302 = DIRECTION ( 'NONE',  ( 0.000000000000000000, -0.000000000000000000, 1.000000000000000000 ) ) ;
#3303 = VERTEX_POINT ( 'NONE', #3187 ) ;
#3304 = AXIS2_PLACEMENT_3D ( 'NONE', #3169, #3470, #3451 ) ;
#3305 = EDGE_CURVE ( 'NONE', #1767, #396, #1186, .T. ) ;
#3306 = CIRCLE ( 'NONE', #2362, 6.400000000000016342 ) ;
#3307 = CARTESIAN_POINT ( 'NONE',  ( 282.4726302455077303, 2.200000000000000178, 12.24999999999999645 ) ) ;
#3308 = ORIENTED_EDGE ( 'NONE', *, *, #83, .F. ) ;
#3309 = VERTEX_POINT ( 'NONE', #372 ) ;
#3310 = CIRCLE ( 'NONE', #363, 2.000000000000001776 ) ;
#3311 = LINE ( 'NONE', #2975, #308 ) ;
#3312 = AXIS2_PLACEMENT_3D ( 'NONE', #340, #1215, #2863 ) ;
#3313 = CARTESIAN_POINT ( 'NONE',  ( 412.6927152147791844, -109.6564275303575755, 0.000000000000000000 ) ) ;
#3314 = VERTEX_POINT ( 'NONE', #2084 ) ;
#3315 = CARTESIAN_POINT ( 'NONE',  ( 132.6322410603347350, -127.8049907678467321, 62.15991928837468095 ) ) ;
#3316 = ADVANCED_FACE ( 'NONE', ( #2672 ), #895, .T. ) ;
#3317 = ADVANCED_FACE ( 'NONE', ( #2043 ), #1883, .T. ) ;
#3318 = VECTOR ( 'NONE', #1352, 1000.000000000000114 ) ;
#3319 = AXIS2_PLACEMENT_3D ( 'NONE', #1010, #3300, #3037 ) ;
#3320 = CARTESIAN_POINT ( 'NONE',  ( 132.6326302455076984, 2.199999999999997069, 12.24999999999999645 ) ) ;
#3321 = ORIENTED_EDGE ( 'NONE', *, *, #2640, .T. ) ;
#3322 = CARTESIAN_POINT ( 'NONE',  ( 132.6322410603347350, -126.8099815356934243, 10.75000000000000000 ) ) ;
#3323 = DIRECTION ( 'NONE',  ( 1.000000000000000000, 0.000000000000000000, 0.000000000000000000 ) ) ;
#3324 = CARTESIAN_POINT ( 'NONE',  ( -0.8874547237637790964, -18.45980132780353955, 1.199999999999968425 ) ) ;
#3325 = CARTESIAN_POINT ( 'NONE',  ( -6.587454723763779718, -121.9196026556070791, -450.7362439051084380 ) ) ;
#3326 = ADVANCED_FACE ( 'NONE', ( #1769 ), #3526, .T. ) ;
#3327 = CARTESIAN_POINT ( 'NONE',  ( 6.659451242230931989, -127.2292181297286220, -1.800000000000023803 ) ) ;
#3328 = VERTEX_POINT ( 'NONE', #333 ) ;
#3329 = ORIENTED_EDGE ( 'NONE', *, *, #3104, .F. ) ;
#3330 = LINE ( 'NONE', #3045, #543 ) ;
#3331 = LINE ( 'NONE', #1624, #1744 ) ;
#3332 = ORIENTED_EDGE ( 'NONE', *, *, #1645, .F. ) ;
#3333 = CARTESIAN_POINT ( 'NONE',  ( 421.6927152147791844, -121.9197857314609763, 12.24999999999999822 ) ) ;
#3334 = EDGE_CURVE ( 'NONE', #191, #1820, #671, .T. ) ;
#3335 = CARTESIAN_POINT ( 'NONE',  ( 31.75351998662598163, 19.46271067262288312, 0.000000000000000000 ) ) ;
#3336 = ORIENTED_EDGE ( 'NONE', *, *, #761, .T. ) ;
#3337 = CARTESIAN_POINT ( 'NONE',  ( 334.1477152147792253, -53.97200000000000841, -0.1499999999999999667 ) ) ;
#3338 = PLANE ( 'NONE',  #2540 ) ;
#3339 = FACE_OUTER_BOUND ( 'NONE', #1263, .T. ) ;
#3340 = CARTESIAN_POINT ( 'NONE',  ( 12.76812274805451608, -120.6099815356934357, 5.599999999999999645 ) ) ;
#3341 = EDGE_CURVE ( 'NONE', #2549, #559, #1612, .T. ) ;
#3342 = CARTESIAN_POINT ( 'NONE',  ( -6.587454723763779718, -98.45980132780354666, 1.199999999999968425 ) ) ;
#3343 = ORIENTED_EDGE ( 'NONE', *, *, #1150, .T. ) ;
#3344 = LINE ( 'NONE', #3083, #2177 ) ;
#3345 = FACE_OUTER_BOUND ( 'NONE', #3389, .T. ) ;
#3346 = VERTEX_POINT ( 'NONE', #982 ) ;
#3347 = LINE ( 'NONE', #1062, #2992 ) ;
#3348 = ORIENTED_EDGE ( 'NONE', *, *, #1784, .F. ) ;
#3349 = DIRECTION ( 'NONE',  ( -0.000000000000000000, -1.000000000000000000, -0.000000000000000000 ) ) ;
#3350 = ORIENTED_EDGE ( 'NONE', *, *, #344, .T. ) ;
#3351 = CARTESIAN_POINT ( 'NONE',  ( 411.1977152147791799, -115.8793669483496274, 0.000000000000000000 ) ) ;
#3352 = EDGE_CURVE ( 'NONE', #2880, #85, #1933, .T. ) ;
#3353 = AXIS2_PLACEMENT_3D ( 'NONE', #2136, #3560, #1907 ) ;
#3354 = LINE ( 'NONE', #3689, #3674 ) ;
#3355 = CARTESIAN_POINT ( 'NONE',  ( -0.8874547237637790964, -18.45980132780353955, 3.199999999999969980 ) ) ;
#3356 = DIRECTION ( 'NONE',  ( 0.000000000000000000, 0.000000000000000000, -1.000000000000000000 ) ) ;
#3357 = VERTEX_POINT ( 'NONE', #1635 ) ;
#3358 = EDGE_CURVE ( 'NONE', #2258, #123, #703, .T. ) ;
#3359 = ADVANCED_FACE ( 'NONE', ( #427 ), #404, .F. ) ;
#3360 = VECTOR ( 'NONE', #2482, 1000.000000000000000 ) ;
#3361 = FACE_OUTER_BOUND ( 'NONE', #941, .T. ) ;
#3362 = VECTOR ( 'NONE', #3643, 1000.000000000000000 ) ;
#3363 = EDGE_LOOP ( 'NONE', ( #3259, #187, #72, #416 ) ) ;
#3364 = CYLINDRICAL_SURFACE ( 'NONE', #367, 5.400000000000016342 ) ;
#3365 = PLANE ( 'NONE',  #3060 ) ;
#3366 = VECTOR ( 'NONE', #180, 1000.000000000000000 ) ;
#3367 = EDGE_LOOP ( 'NONE', ( #588, #3184, #3069, #280 ) ) ;
#3368 = AXIS2_PLACEMENT_3D ( 'NONE', #1747, #1187, #2895 ) ;
#3369 = EDGE_LOOP ( 'NONE', ( #1423, #2572, #142, #1519 ) ) ;
#3370 = VECTOR ( 'NONE', #77, 1000.000000000000000 ) ;
#3371 = DIRECTION ( 'NONE',  ( 0.000000000000000000, 0.000000000000000000, 1.000000000000000000 ) ) ;
#3372 = ORIENTED_EDGE ( 'NONE', *, *, #1681, .T. ) ;
#3373 = CARTESIAN_POINT ( 'NONE',  ( 401.6927152147791844, -15.00000000000000178, -1.800000000000000044 ) ) ;
#3374 = AXIS2_PLACEMENT_3D ( 'NONE', #3144, #855, #3107 ) ;
#3375 = VECTOR ( 'NONE', #1911, 1000.000000000000000 ) ;
#3376 = EDGE_CURVE ( 'NONE', #1395, #1311, #1309, .T. ) ;
#3377 = CARTESIAN_POINT ( 'NONE',  ( 420.0526302455077143, 3.195009232153282142, 12.24999999999999822 ) ) ;
#3378 = APPROVAL_PERSON_ORGANIZATION ( #2123, #2266, #1855 ) ;
#3379 = LINE ( 'NONE', #478, #2034 ) ;
#3380 = DIRECTION ( 'NONE',  ( 0.000000000000000000, 0.000000000000000000, -1.000000000000000000 ) ) ;
#3381 = VERTEX_POINT ( 'NONE', #3621 ) ;
#3382 = EDGE_CURVE ( 'NONE', #353, #2101, #1559, .T. ) ;
#3383 = EDGE_CURVE ( 'NONE', #3494, #3027, #1035, .T. ) ;
#3384 = DIRECTION ( 'NONE',  ( -0.000000000000000000, -0.000000000000000000, -1.000000000000000000 ) ) ;
#3385 = ORIENTED_EDGE ( 'NONE', *, *, #348, .F. ) ;
#3386 = DIRECTION ( 'NONE',  ( -1.000000000000000000, 0.000000000000000000, 0.000000000000000000 ) ) ;
#3387 = ORIENTED_EDGE ( 'NONE', *, *, #2407, .T. ) ;
#3388 = CARTESIAN_POINT ( 'NONE',  ( 405.6060201460489338, -118.2293669483496217, 0.3360112877929586905 ) ) ;
#3389 = EDGE_LOOP ( 'NONE', ( #1074, #2053, #932, #2185, #684 ) ) ;
#3390 = DIRECTION ( 'NONE',  ( -0.000000000000000000, -0.000000000000000000, 1.000000000000000000 ) ) ;
#3391 = ORIENTED_EDGE ( 'NONE', *, *, #3239, .T. ) ;
#3392 = DIRECTION ( 'NONE',  ( 0.000000000000000000, 0.000000000000000000, 1.000000000000000000 ) ) ;
#3393 = CARTESIAN_POINT ( 'NONE',  ( 402.3366888931536778, -120.6099815356934357, 0.000000000000000000 ) ) ;
#3394 = DIRECTION ( 'NONE',  ( 1.000000000000000000, 0.000000000000000000, 0.000000000000000000 ) ) ;
#3395 = VERTEX_POINT ( 'NONE', #203 ) ;
#3396 = CARTESIAN_POINT ( 'NONE',  ( 414.7420947154881787, -125.4243761805029465, 10.75000000000000000 ) ) ;
#3397 = ORIENTED_EDGE ( 'NONE', *, *, #1777, .T. ) ;
#3398 = ADVANCED_FACE ( 'NONE', ( #2709 ), #2200, .T. ) ;
#3399 = CARTESIAN_POINT ( 'NONE',  ( 411.1977152147791799, -115.8793669483496274, 5.599999999999999645 ) ) ;
#3400 = EDGE_LOOP ( 'NONE', ( #3703, #2269, #3067, #917 ) ) ;
#3401 = PLANE ( 'NONE',  #3710 ) ;
#3402 = ORIENTED_EDGE ( 'NONE', *, *, #2990, .F. ) ;
#3403 = ADVANCED_FACE ( 'NONE', ( #137 ), #1283, .F. ) ;
#3404 = PLANE ( 'NONE',  #906 ) ;
#3405 = ORIENTED_EDGE ( 'NONE', *, *, #674, .F. ) ;
#3406 = DIRECTION ( 'NONE',  ( -1.000000000000000000, 0.000000000000000000, 0.000000000000000000 ) ) ;
#3407 = AXIS2_PLACEMENT_3D ( 'NONE', #2261, #1997, #3141 ) ;
#3408 = FACE_OUTER_BOUND ( 'NONE', #2186, .T. ) ;
#3409 = DIRECTION ( 'NONE',  ( -1.577021341797096081E-16, 0.000000000000000000, 1.000000000000000000 ) ) ;
#3410 = CARTESIAN_POINT ( 'NONE',  ( -6.587454723763779718, -98.45980132780354666, 3.199999999999969980 ) ) ;
#3411 = ORIENTED_EDGE ( 'NONE', *, *, #3197, .F. ) ;
#3412 = VECTOR ( 'NONE', #2148, 1000.000000000000000 ) ;
#3413 = CARTESIAN_POINT ( 'NONE',  ( 7.697018354324194789, -124.8217424669712159, 12.24999999999999822 ) ) ;
#3414 = ORIENTED_EDGE ( 'NONE', *, *, #1364, .T. ) ;
#3415 = VECTOR ( 'NONE', #497, 1000.000000000000000 ) ;
#3416 = CARTESIAN_POINT ( 'NONE',  ( 3.968545276236235875, -115.9542181297286163, -0.1499999999999999667 ) ) ;
#3417 = ORIENTED_EDGE ( 'NONE', *, *, #894, .F. ) ;
#3418 = DIRECTION ( 'NONE',  ( -1.000000000000000000, 0.000000000000000000, 0.000000000000000000 ) ) ;
#3419 = ORIENTED_EDGE ( 'NONE', *, *, #742, .T. ) ;
#3420 = CARTESIAN_POINT ( 'NONE',  ( 10.38722908926378174, -118.2292181297286078, 0.000000000000000000 ) ) ;
#3421 = CIRCLE ( 'NONE', #1817, 5.400000000000016342 ) ;
#3422 = EDGE_CURVE ( 'NONE', #574, #465, #3024, .T. ) ;
#3423 = CIRCLE ( 'NONE', #3550, 2.000000000000001332 ) ;
#3424 = VERTEX_POINT ( 'NONE', #3003 ) ;
#3425 = CARTESIAN_POINT ( 'NONE',  ( 24.40154527623621306, -4.000000000000000000, 5.599999999999999645 ) ) ;
#3426 = EDGE_CURVE ( 'NONE', #480, #3667, #169, .T. ) ;
#3427 = VECTOR ( 'NONE', #2648, 1000.000000000000000 ) ;
#3428 = CARTESIAN_POINT ( 'NONE',  ( 421.6927152147791844, -121.9197857314609763, 12.24999999999999822 ) ) ;
#3429 = DIRECTION ( 'NONE',  ( -1.000000000000000000, 0.000000000000000000, 0.000000000000000000 ) ) ;
#3430 = DIRECTION ( 'NONE',  ( -1.563694400880502690E-14, 0.000000000000000000, -1.000000000000000000 ) ) ;
#3431 = VECTOR ( 'NONE', #2888, 1000.000000000000000 ) ;
#3432 = CYLINDRICAL_SURFACE ( 'NONE', #1818, 6.250000000000000000 ) ;
#3433 = DIRECTION ( 'NONE',  ( 0.000000000000000000, -1.000000000000000000, 0.000000000000000000 ) ) ;
#3434 = EDGE_LOOP ( 'NONE', ( #1534, #1127, #1847, #881, #3387, #944, #1785, #347, #2064, #1377, #633, #2949, #2484, #2700, #1143, #433, #1545, #623, #995, #1732 ) ) ;
#3435 = DIRECTION ( 'NONE',  ( 1.000000000000000000, 0.000000000000000000, 0.000000000000000000 ) ) ;
#3436 = ORIENTED_EDGE ( 'NONE', *, *, #760, .F. ) ;
#3437 = DIRECTION ( 'NONE',  ( -1.000000000000000000, 0.000000000000000000, 0.000000000000000000 ) ) ;
#3438 = ORIENTED_EDGE ( 'NONE', *, *, #3305, .T. ) ;
#3439 = DIRECTION ( 'NONE',  ( -0.000000000000000000, -0.000000000000000000, -1.000000000000000000 ) ) ;
#3440 = LINE ( 'NONE', #2074, #898 ) ;
#3441 = ORIENTED_EDGE ( 'NONE', *, *, #3270, .F. ) ;
#3442 = DIRECTION ( 'NONE',  ( 0.7070874383580125766, 0.7071261234859760325, -0.000000000000000000 ) ) ;
#3443 = EDGE_CURVE ( 'NONE', #658, #2560, #156, .T. ) ;
#3444 = CARTESIAN_POINT ( 'NONE',  ( 282.4726302455077303, 3.195009232153282142, 12.24999999999999822 ) ) ;
#3445 = LINE ( 'NONE', #1122, #2410 ) ;
#3446 = CARTESIAN_POINT ( 'NONE',  ( -6.587454723763779718, -121.9196026556070791, -1.800000000000023803 ) ) ;
#3447 = CARTESIAN_POINT ( 'NONE',  ( 33.49154527623622357, -69.05098153569343822, 5.599999999999999645 ) ) ;
#3448 = CARTESIAN_POINT ( 'NONE',  ( -0.8874547237637790964, -98.45980132780354666, 3.199999999999969980 ) ) ;
#3449 = LINE ( 'NONE', #919, #536 ) ;
#3450 = EDGE_LOOP ( 'NONE', ( #1104, #3486, #3151, #1735 ) ) ;
#3451 = DIRECTION ( 'NONE',  ( 0.000000000000000000, 0.000000000000000000, 1.000000000000000000 ) ) ;
#3452 = EDGE_LOOP ( 'NONE', ( #3278, #2910, #2917, #2 ) ) ;
#3453 = CARTESIAN_POINT ( 'NONE',  ( 31.49154527623622357, -69.05098153569343822, -0.1499999999999999667 ) ) ;
#3454 = ORIENTED_EDGE ( 'NONE', *, *, #1851, .F. ) ;
#3455 = DIRECTION ( 'NONE',  ( -0.000000000000000000, -0.000000000000000000, 1.000000000000000000 ) ) ;
#3456 = CARTESIAN_POINT ( 'NONE',  ( 8.865929782276168680, -118.2292181297286078, 5.599999999999999645 ) ) ;
#3457 = VERTEX_POINT ( 'NONE', #3567 ) ;
#3458 = PLANE ( 'NONE',  #3648 ) ;
#3459 = FACE_OUTER_BOUND ( 'NONE', #3452, .T. ) ;
#3460 = CYLINDRICAL_SURFACE ( 'NONE', #1142, 6.250000000000001776 ) ;
#3461 = LINE ( 'NONE', #2080, #3431 ) ;
#3462 = ORIENTED_EDGE ( 'NONE', *, *, #1231, .T. ) ;
#3463 = AXIS2_PLACEMENT_3D ( 'NONE', #1245, #200, #390 ) ;
#3464 = DIRECTION ( 'NONE',  ( -0.000000000000000000, -0.000000000000000000, -1.000000000000000000 ) ) ;
#3465 = DIRECTION ( 'NONE',  ( 0.000000000000000000, 1.000000000000000000, 0.000000000000000000 ) ) ;
#3466 = ADVANCED_FACE ( 'NONE', ( #1913, #2128 ), #3054, .T. ) ;
#3467 = CARTESIAN_POINT ( 'NONE',  ( 3.968545276236235875, -115.9542181297286163, -0.1499999999999999667 ) ) ;
#3468 = VERTEX_POINT ( 'NONE', #3548 ) ;
#3469 = EDGE_CURVE ( 'NONE', #1490, #383, #3269, .T. ) ;
#3470 = DIRECTION ( 'NONE',  ( -1.000000000000000000, 0.000000000000000000, 0.000000000000000000 ) ) ;
#3471 = AXIS2_PLACEMENT_3D ( 'NONE', #1366, #459, #168 ) ;
#3472 = ORIENTED_EDGE ( 'NONE', *, *, #1527, .T. ) ;
#3473 = LINE ( 'NONE', #1212, #472 ) ;
#3474 = ORIENTED_EDGE ( 'NONE', *, *, #1800, .F. ) ;
#3475 = CIRCLE ( 'NONE', #183, 2.000000000000001776 ) ;
#3476 = CARTESIAN_POINT ( 'NONE',  ( 408.4451796847593528, -127.2293669483496643, -1.800000000000023803 ) ) ;
#3477 = CARTESIAN_POINT ( 'NONE',  ( 282.4722410603346816, -126.8099815356934243, 10.75000000000000000 ) ) ;
#3478 = ORIENTED_EDGE ( 'NONE', *, *, #3334, .T. ) ;
#3479 = VECTOR ( 'NONE', #1999, 1000.000000000000000 ) ;
#3480 = CONICAL_SURFACE ( 'NONE', #364, 5.400000000000002132, 0.7853981633974479459 ) ;
#3481 = CARTESIAN_POINT ( 'NONE',  ( 406.8050947154879395, -125.4243761805029180, 10.75000000000000000 ) ) ;
#3482 = CIRCLE ( 'NONE', #71, 2.000000000000001332 ) ;
#3483 = ORIENTED_EDGE ( 'NONE', *, *, #301, .F. ) ;
#3484 = DIRECTION ( 'NONE',  ( -0.000000000000000000, 0.000000000000000000, -1.000000000000000000 ) ) ;
#3485 = VECTOR ( 'NONE', #864, 1000.000000000000114 ) ;
#3486 = ORIENTED_EDGE ( 'NONE', *, *, #2371, .T. ) ;
#3487 = DIRECTION ( 'NONE',  ( 0.000000000000000000, 0.000000000000000000, 1.000000000000000000 ) ) ;
#3488 = DIRECTION ( 'NONE',  ( 0.7070874383580108002, 0.7071261234859779199, -0.000000000000000000 ) ) ;
#3489 = ORIENTED_EDGE ( 'NONE', *, *, #2183, .T. ) ;
#3490 = VECTOR ( 'NONE', #781, 1000.000000000000000 ) ;
#3491 = EDGE_CURVE ( 'NONE', #206, #3594, #2657, .T. ) ;
#3492 = EDGE_CURVE ( 'NONE', #312, #3087, #3580, .T. ) ;
#3493 = CARTESIAN_POINT ( 'NONE',  ( 132.6326302455076984, 2.199999999999997069, 62.15991928837468095 ) ) ;
#3494 = VERTEX_POINT ( 'NONE', #2001 ) ;
#3495 = CARTESIAN_POINT ( 'NONE',  ( 42.55778954228642874, 19.46271067262288312, 4.000000000000000000 ) ) ;
#3496 = EDGE_LOOP ( 'NONE', ( #2257, #1699, #666, #937 ) ) ;
#3497 = EDGE_CURVE ( 'NONE', #2560, #642, #1402, .T. ) ;
#3498 = CARTESIAN_POINT ( 'NONE',  ( 409.1977152147791799, -115.8793669483496274, 5.599999999999999645 ) ) ;
#3499 = DIRECTION ( 'NONE',  ( 0.000000000000000000, 0.000000000000000000, -1.000000000000000000 ) ) ;
#3500 = ORIENTED_EDGE ( 'NONE', *, *, #3634, .F. ) ;
#3501 = DIRECTION ( 'NONE',  ( -0.000000000000000000, -0.000000000000000000, -1.000000000000000000 ) ) ;
#3502 = PLANE ( 'NONE',  #2590 ) ;
#3503 = CARTESIAN_POINT ( 'NONE',  ( 327.7477152147790775, -53.97200000000000841, 0.000000000000000000 ) ) ;
#3504 = EDGE_LOOP ( 'NONE', ( #1986, #542 ) ) ;
#3505 = DIRECTION ( 'NONE',  ( 0.000000000000000000, 0.000000000000000000, 1.000000000000000000 ) ) ;
#3506 = ORIENTED_EDGE ( 'NONE', *, *, #3679, .T. ) ;
#3507 = CARTESIAN_POINT ( 'NONE',  ( 10.20009800898741759, -126.8099815356934243, 10.75000000000000000 ) ) ;
#3508 = LINE ( 'NONE', #1228, #3162 ) ;
#3509 = ORIENTED_EDGE ( 'NONE', *, *, #1008, .F. ) ;
#3510 = ADVANCED_FACE ( 'NONE', ( #3637 ), #817, .F. ) ;
#3511 = DIRECTION ( 'NONE',  ( 0.000000000000000000, 0.000000000000000000, -1.000000000000000000 ) ) ;
#3512 = ORIENTED_EDGE ( 'NONE', *, *, #3173, .T. ) ;
#3513 = CARTESIAN_POINT ( 'NONE',  ( -0.8874547237637790964, -18.45980132780353955, 5.199999999999970868 ) ) ;
#3514 = EDGE_CURVE ( 'NONE', #1873, #79, #2780, .T. ) ;
#3515 = ORIENTED_EDGE ( 'NONE', *, *, #1110, .F. ) ;
#3516 = DIRECTION ( 'NONE',  ( 0.000000000000000000, -1.000000000000000000, 0.000000000000000000 ) ) ;
#3517 = ORIENTED_EDGE ( 'NONE', *, *, #3491, .T. ) ;
#3518 = CARTESIAN_POINT ( 'NONE',  ( 408.4451796847593528, -127.2293669483496359, -1.800000000000023803 ) ) ;
#3519 = EDGE_CURVE ( 'NONE', #1816, #213, #1696, .T. ) ;
#3520 = EDGE_CURVE ( 'NONE', #100, #3715, #2534, .T. ) ;
#3521 = DIRECTION ( 'NONE',  ( -0.000000000000000000, -0.000000000000000000, -1.000000000000000000 ) ) ;
#3522 = CARTESIAN_POINT ( 'NONE',  ( -6.587454723763779718, 4.999999999999999112, 12.24999999999999822 ) ) ;
#3523 = ORIENTED_EDGE ( 'NONE', *, *, #2103, .T. ) ;
#3524 = DIRECTION ( 'NONE',  ( 1.000000000000000000, 0.000000000000000000, 0.000000000000000000 ) ) ;
#3525 = EDGE_LOOP ( 'NONE', ( #3131, #3586, #1411, #2906, #3500, #2972, #628, #1843, #879, #93, #1252, #3015 ) ) ;
#3526 = PLANE ( 'NONE',  #2838 ) ;
#3527 = ORIENTED_EDGE ( 'NONE', *, *, #2416, .T. ) ;
#3528 = VECTOR ( 'NONE', #182, 1000.000000000000000 ) ;
#3529 = DIRECTION ( 'NONE',  ( 0.000000000000000000, 0.000000000000000000, -1.000000000000000000 ) ) ;
#3530 = ORIENTED_EDGE ( 'NONE', *, *, #743, .T. ) ;
#3531 = LINE ( 'NONE', #962, #2575 ) ;
#3532 = EDGE_LOOP ( 'NONE', ( #1461, #2010 ) ) ;
#3533 = EDGE_CURVE ( 'NONE', #3266, #100, #2264, .T. ) ;
#3534 = VECTOR ( 'NONE', #2434, 1000.000000000000000 ) ;
#3535 = FACE_OUTER_BOUND ( 'NONE', #2862, .T. ) ;
#3536 = DIRECTION ( 'NONE',  ( -0.000000000000000000, -0.000000000000000000, 1.000000000000000000 ) ) ;
#3537 = ORIENTED_EDGE ( 'NONE', *, *, #1978, .T. ) ;
#3538 = CIRCLE ( 'NONE', #1622, 5.400000000000002132 ) ;
#3539 = EDGE_CURVE ( 'NONE', #3028, #1490, #2568, .T. ) ;
#3540 = DIRECTION ( 'NONE',  ( 1.000000000000000000, 0.000000000000000000, 0.000000000000000000 ) ) ;
#3541 = PERSON_AND_ORGANIZATION_ROLE ( 'creator' ) ;
#3542 = AXIS2_PLACEMENT_3D ( 'NONE', #1603, #2698, #1267 ) ;
#3543 = EDGE_LOOP ( 'NONE', ( #102, #3624, #1147, #849, #2800, #1115, #3134, #1005 ) ) ;
#3544 = AXIS2_PLACEMENT_3D ( 'NONE', #691, #675, #938 ) ;
#3545 = EDGE_CURVE ( 'NONE', #3223, #1798, #2598, .T. ) ;
#3546 = CARTESIAN_POINT ( 'NONE',  ( 415.2225290942949414, -124.4293669483496245, 5.599999999999999645 ) ) ;
#3547 = ORIENTED_EDGE ( 'NONE', *, *, #3611, .F. ) ;
#3548 = CARTESIAN_POINT ( 'NONE',  ( -0.2399816456752842941, -124.8217424669712159, 12.24999999999999822 ) ) ;
#3549 = AXIS2_PLACEMENT_3D ( 'NONE', #2030, #2315, #2056 ) ;
#3550 = AXIS2_PLACEMENT_3D ( 'NONE', #1170, #876, #2268 ) ;
#3551 = DIRECTION ( 'NONE',  ( 1.000000000000000000, 0.000000000000000000, 0.000000000000000000 ) ) ;
#3552 = AXIS2_PLACEMENT_3D ( 'NONE', #3410, #2213, #1708 ) ;
#3553 = ORIENTED_EDGE ( 'NONE', *, *, #2558, .T. ) ;
#3554 = LINE ( 'NONE', #1249, #3534 ) ;
#3555 = VECTOR ( 'NONE', #231, 1000.000000000000000 ) ;
#3556 = ORIENTED_EDGE ( 'NONE', *, *, #2407, .F. ) ;
#3557 = DIRECTION ( 'NONE',  ( -1.000000000000000000, -0.000000000000000000, -0.000000000000000000 ) ) ;
#3558 = CARTESIAN_POINT ( 'NONE',  ( 406.8050947154879395, -125.4243761805029180, 12.24999999999999822 ) ) ;
#3559 = ORIENTED_EDGE ( 'NONE', *, *, #3341, .F. ) ;
#3560 = DIRECTION ( 'NONE',  ( 1.000000000000000000, 0.000000000000000000, 0.000000000000000000 ) ) ;
#3561 = CYLINDRICAL_SURFACE ( 'NONE', #2170, 6.250000000000001776 ) ;
#3562 = PERSON_AND_ORGANIZATION ( #784, #1938 ) ;
#3563 = VERTEX_POINT ( 'NONE', #285 ) ;
#3564 = EDGE_CURVE ( 'NONE', #2118, #3093, #3692, .T. ) ;
#3565 = CARTESIAN_POINT ( 'NONE',  ( -0.2399816456752842941, -124.8217424669712159, 12.24999999999999822 ) ) ;
#3566 = DIRECTION ( 'NONE',  ( 0.000000000000000000, 0.000000000000000000, -1.000000000000000000 ) ) ;
#3567 = CARTESIAN_POINT ( 'NONE',  ( 33.65154527623621306, 2.200000000000007283, 6.549999999999999822 ) ) ;
#3568 = CYLINDRICAL_SURFACE ( 'NONE', #1869, 2.000000000000001776 ) ;
#3569 = ORIENTED_EDGE ( 'NONE', *, *, #1403, .F. ) ;
#3570 = DIRECTION ( 'NONE',  ( -0.000000000000000000, -0.000000000000000000, 1.000000000000000000 ) ) ;
#3571 = ORIENTED_EDGE ( 'NONE', *, *, #461, .T. ) ;
#3572 = APPLICATION_CONTEXT ( 'configuration controlled 3d designs of mechanical parts and assemblies' ) ;
#3573 = DIRECTION ( 'NONE',  ( -0.7071261234859760325, 0.7070874383580125766, 0.000000000000000000 ) ) ;
#3574 = DIRECTION ( 'NONE',  ( 0.000000000000000000, 1.000000000000000000, 0.000000000000000000 ) ) ;
#3575 = ORIENTED_EDGE ( 'NONE', *, *, #640, .F. ) ;
#3576 = DIRECTION ( 'NONE',  ( 0.000000000000000000, 0.000000000000000000, 1.000000000000000000 ) ) ;
#3577 = DATE_AND_TIME ( #1305, #17 ) ;
#3578 = CARTESIAN_POINT ( 'NONE',  ( -3.787454723763779452, 2.200000000000000178, 5.599999999999999645 ) ) ;
#3579 = CARTESIAN_POINT ( 'NONE',  ( 404.7177313582652687, -118.2293669483496217, 5.599999999999999645 ) ) ;
#3580 = LINE ( 'NONE', #2499, #3130 ) ;
#3581 = ORIENTED_EDGE ( 'NONE', *, *, #2048, .F. ) ;
#3582 = EDGE_CURVE ( 'NONE', #2058, #1113, #248, .T. ) ;
#3583 = EDGE_CURVE ( 'NONE', #3303, #2903, #370, .T. ) ;
#3584 = LINE ( 'NONE', #3327, #3004 ) ;
#3585 = ORIENTED_EDGE ( 'NONE', *, *, #2303, .F. ) ;
#3586 = ORIENTED_EDGE ( 'NONE', *, *, #3198, .F. ) ;
#3587 = AXIS2_PLACEMENT_3D ( 'NONE', #758, #1909, #1630 ) ;
#3588 = CARTESIAN_POINT ( 'NONE',  ( 19.66254527623619808, -15.00000000000000178, -0.2999999999999999334 ) ) ;
#3589 = CARTESIAN_POINT ( 'NONE',  ( 32.90945124223093643, -109.6099815356934499, -0.2999999999999999334 ) ) ;
#3590 = AXIS2_PLACEMENT_3D ( 'NONE', #862, #614, #3195 ) ;
#3591 = VERTEX_POINT ( 'NONE', #2283 ) ;
#3592 = LINE ( 'NONE', #3335, #2951 ) ;
#3593 = DATE_TIME_ROLE ( 'classification_date' ) ;
#3594 = VERTEX_POINT ( 'NONE', #1981 ) ;
#3595 = LINE ( 'NONE', #3322, #2699 ) ;
#3596 = AXIS2_PLACEMENT_3D ( 'NONE', #2031, #1217, #3499 ) ;
#3597 = CARTESIAN_POINT ( 'NONE',  ( 232.5726302455077246, 2.200000000000000178, 62.15991928837468095 ) ) ;
#3598 = APPROVAL ( #2194, 'NEURČEN' ) ;
#3599 = CARTESIAN_POINT ( 'NONE',  ( 421.6927152147791844, -121.9197857314609763, -1.800000000000023803 ) ) ;
#3600 = DIRECTION ( 'NONE',  ( 1.000000000000000000, 0.000000000000000000, 0.000000000000000000 ) ) ;
#3601 = ORIENTED_EDGE ( 'NONE', *, *, #2933, .F. ) ;
#3602 = EDGE_CURVE ( 'NONE', #3062, #2930, #498, .T. ) ;
#3603 = CIRCLE ( 'NONE', #1269, 2.000000000000001332 ) ;
#3604 = AXIS2_PLACEMENT_3D ( 'NONE', #930, #1802, #365 ) ;
#3605 = ADVANCED_FACE ( 'NONE', ( #552, #2853 ), #219, .T. ) ;
#3606 = CARTESIAN_POINT ( 'NONE',  ( 2.412545276236220726, -4.000000000000000000, 0.000000000000000000 ) ) ;
#3607 = VERTEX_POINT ( 'NONE', #1367 ) ;
#3608 = ORIENTED_EDGE ( 'NONE', *, *, #827, .F. ) ;
#3609 = VECTOR ( 'NONE', #1193, 1000.000000000000000 ) ;
#3610 = EDGE_CURVE ( 'NONE', #2928, #1495, #2515, .T. ) ;
#3611 = EDGE_CURVE ( 'NONE', #2737, #2075, #2480, .T. ) ;
#3612 = LINE ( 'NONE', #788, #842 ) ;
#3613 = AXIS2_PLACEMENT_3D ( 'NONE', #566, #1656, #3394 ) ;
#3614 = LINE ( 'NONE', #808, #2465 ) ;
#3615 = EDGE_LOOP ( 'NONE', ( #676, #805, #2417, #1430 ) ) ;
#3616 = CIRCLE ( 'NONE', #376, 6.400000000000008349 ) ;
#3617 = CARTESIAN_POINT ( 'NONE',  ( -0.8874547237637790964, -98.45980132780354666, 3.199999999999969980 ) ) ;
#3618 = VERTEX_POINT ( 'NONE', #267 ) ;
#3619 = DIRECTION ( 'NONE',  ( 1.000000000000000000, 0.000000000000000000, 0.000000000000000000 ) ) ;
#3620 = DIRECTION ( 'NONE',  ( 1.000000000000000000, 0.000000000000000000, 0.000000000000000000 ) ) ;
#3621 = CARTESIAN_POINT ( 'NONE',  ( 406.3358739997660791, -118.2293669483496217, 5.599999999999999645 ) ) ;
#3622 = ORIENTED_EDGE ( 'NONE', *, *, #2833, .F. ) ;
#3623 = CARTESIAN_POINT ( 'NONE',  ( 33.65154527623621306, -4.500000000000046185, 3.000000000000000444 ) ) ;
#3624 = ORIENTED_EDGE ( 'NONE', *, *, #894, .T. ) ;
#3625 = ORIENTED_EDGE ( 'NONE', *, *, #3582, .T. ) ;
#3626 = DIRECTION ( 'NONE',  ( -1.000000000000000000, 0.000000000000000000, 0.000000000000000000 ) ) ;
#3627 = DIRECTION ( 'NONE',  ( 0.7071261234859760325, -0.7070874383580125766, 0.000000000000000000 ) ) ;
#3628 = ORIENTED_EDGE ( 'NONE', *, *, #2538, .T. ) ;
#3629 = CARTESIAN_POINT ( 'NONE',  ( 48.40154527623622016, -4.000000000000000000, 4.000000000000000000 ) ) ;
#3630 = ORIENTED_EDGE ( 'NONE', *, *, #761, .F. ) ;
#3631 = CYLINDRICAL_SURFACE ( 'NONE', #662, 2.000000000000001332 ) ;
#3632 = EDGE_CURVE ( 'NONE', #298, #1560, #846, .T. ) ;
#3633 = DIRECTION ( 'NONE',  ( 1.000000000000000000, 0.000000000000000000, 0.000000000000000000 ) ) ;
#3634 = EDGE_CURVE ( 'NONE', #1600, #1002, #2816, .T. ) ;
#3635 = CARTESIAN_POINT ( 'NONE',  ( 2.412545276236220726, -4.000000000000000000, 0.000000000000000000 ) ) ;
#3636 = CARTESIAN_POINT ( 'NONE',  ( 415.9927152147791958, -98.45989286573049526, 1.199999999999983968 ) ) ;
#3637 = FACE_OUTER_BOUND ( 'NONE', #3367, .T. ) ;
#3638 = ORIENTED_EDGE ( 'NONE', *, *, #482, .T. ) ;
#3639 = EDGE_CURVE ( 'NONE', #2028, #312, #70, .T. ) ;
#3640 = PLANE ( 'NONE',  #2592 ) ;
#3641 = VERTEX_POINT ( 'NONE', #2037 ) ;
#3642 = FACE_OUTER_BOUND ( 'NONE', #399, .T. ) ;
#3643 = DIRECTION ( 'NONE',  ( -0.000000000000000000, 1.000000000000000000, -0.000000000000000000 ) ) ;
#3644 = VERTEX_POINT ( 'NONE', #3503 ) ;
#3645 = DIRECTION ( 'NONE',  ( 0.000000000000000000, 0.000000000000000000, 1.000000000000000000 ) ) ;
#3646 = VECTOR ( 'NONE', #3251, 1000.000000000000000 ) ;
#3647 = EDGE_LOOP ( 'NONE', ( #1506, #1598 ) ) ;
#3648 = AXIS2_PLACEMENT_3D ( 'NONE', #1821, #2318, #909 ) ;
#3649 = DIRECTION ( 'NONE',  ( -0.000000000000000000, -0.000000000000000000, 1.000000000000000000 ) ) ;
#3650 = VERTEX_POINT ( 'NONE', #604 ) ;
#3651 = CARTESIAN_POINT ( 'NONE',  ( 421.6927152147791844, 4.999999999999999112, -450.7362439051084380 ) ) ;
#3652 = VECTOR ( 'NONE', #1174, 1000.000000000000000 ) ;
#3653 = EDGE_CURVE ( 'NONE', #818, #3644, #2388, .T. ) ;
#3654 = ADVANCED_FACE ( 'NONE', ( #330 ), #3203, .T. ) ;
#3655 = CYLINDRICAL_SURFACE ( 'NONE', #904, 6.249999999999977796 ) ;
#3656 = CARTESIAN_POINT ( 'NONE',  ( 33.49154527623622357, -69.05098153569343822, -0.1499999999999999667 ) ) ;
#3657 = DIRECTION ( 'NONE',  ( -0.000000000000000000, -0.000000000000000000, 1.000000000000000000 ) ) ;
#3658 = CIRCLE ( 'NONE', #3109, 2.000000000000001332 ) ;
#3659 = ORIENTED_EDGE ( 'NONE', *, *, #2970, .T. ) ;
#3660 = ADVANCED_FACE ( 'NONE', ( #2099 ), #1336, .T. ) ;
#3661 = DIRECTION ( 'NONE',  ( -1.000000000000000000, 0.000000000000000000, 0.000000000000000000 ) ) ;
#3662 = AXIS2_PLACEMENT_3D ( 'NONE', #3416, #878, #612 ) ;
#3663 = ORIENTED_EDGE ( 'NONE', *, *, #2210, .F. ) ;
#3664 = VECTOR ( 'NONE', #2007, 1000.000000000000000 ) ;
#3665 = DIRECTION ( 'NONE',  ( -0.000000000000000000, -0.000000000000000000, -1.000000000000000000 ) ) ;
#3666 = VECTOR ( 'NONE', #1220, 1000.000000000000000 ) ;
#3667 = VERTEX_POINT ( 'NONE', #2668 ) ;
#3668 = VERTEX_POINT ( 'NONE', #3446 ) ;
#3669 = VECTOR ( 'NONE', #3455, 1000.000000000000000 ) ;
#3670 = DIRECTION ( 'NONE',  ( -0.000000000000000000, -0.000000000000000000, -1.000000000000000000 ) ) ;
#3671 = ORIENTED_EDGE ( 'NONE', *, *, #1710, .T. ) ;
#3672 = DIRECTION ( 'NONE',  ( 1.000000000000000000, -0.000000000000000000, -0.000000000000000000 ) ) ;
#3673 = VECTOR ( 'NONE', #1297, 1000.000000000000000 ) ;
#3674 = VECTOR ( 'NONE', #3707, 1000.000000000000000 ) ;
#3675 = EDGE_CURVE ( 'NONE', #3289, #3424, #3461, .T. ) ;
#3676 = CARTESIAN_POINT ( 'NONE',  ( 31.49154527623622357, -69.05098153569343822, -0.1499999999999999667 ) ) ;
#3677 = FACE_OUTER_BOUND ( 'NONE', #562, .T. ) ;
#3678 = DIRECTION ( 'NONE',  ( -1.000000000000000000, 0.000000000000000000, 0.000000000000000000 ) ) ;
#3679 = EDGE_CURVE ( 'NONE', #3248, #326, #1742, .T. ) ;
#3680 = LINE ( 'NONE', #2614, #1214 ) ;
#3681 = ORIENTED_EDGE ( 'NONE', *, *, #1549, .T. ) ;
#3682 = DIRECTION ( 'NONE',  ( -0.000000000000000000, -0.000000000000000000, 1.000000000000000000 ) ) ;
#3683 = ORIENTED_EDGE ( 'NONE', *, *, #824, .T. ) ;
#3684 = CARTESIAN_POINT ( 'NONE',  ( 12.76812274805451608, -120.6099815356934357, 5.599999999999999645 ) ) ;
#3685 = VERTEX_POINT ( 'NONE', #92 ) ;
#3686 = FACE_OUTER_BOUND ( 'NONE', #1762, .T. ) ;
#3687 = ORIENTED_EDGE ( 'NONE', *, *, #2354, .T. ) ;
#3688 = CARTESIAN_POINT ( 'NONE',  ( 420.0526302455077143, 3.195009232153282142, 10.75000000000000000 ) ) ;
#3689 = CARTESIAN_POINT ( 'NONE',  ( 420.0526302455077143, 3.195009232153282142, 12.24999999999999822 ) ) ;
#3690 = EDGE_CURVE ( 'NONE', #1290, #3025, #2589, .T. ) ;
#3691 = DIRECTION ( 'NONE',  ( 0.000000000000000000, -0.000000000000000000, 1.000000000000000000 ) ) ;
#3692 = LINE ( 'NONE', #2869, #2661 ) ;
#3693 = EDGE_LOOP ( 'NONE', ( #783, #2393, #3336, #708, #3350 ) ) ;
#3694 = LINE ( 'NONE', #2571, #1876 ) ;
#3695 = ORIENTED_EDGE ( 'NONE', *, *, #1477, .F. ) ;
#3696 = ADVANCED_FACE ( 'NONE', ( #1766 ), #2927, .T. ) ;
#3697 = EDGE_CURVE ( 'NONE', #253, #3025, #2840, .T. ) ;
#3698 = CARTESIAN_POINT ( 'NONE',  ( 282.4726302455077303, 3.195009232153330103, 62.15991928837468095 ) ) ;
#3699 = ORIENTED_EDGE ( 'NONE', *, *, #3422, .F. ) ;
#3700 = CARTESIAN_POINT ( 'NONE',  ( 33.49154527623622357, -69.05098153569343822, 5.599999999999999645 ) ) ;
#3701 = ORIENTED_EDGE ( 'NONE', *, *, #3497, .T. ) ;
#3702 = LINE ( 'NONE', #323, #3669 ) ;
#3703 = ORIENTED_EDGE ( 'NONE', *, *, #2538, .F. ) ;
#3704 = LINE ( 'NONE', #2850, #1369 ) ;
#3705 = EDGE_CURVE ( 'NONE', #148, #1644, #669, .T. ) ;
#3706 = VECTOR ( 'NONE', #1379, 1000.000000000000000 ) ;
#3707 = DIRECTION ( 'NONE',  ( -1.000000000000000000, 0.000000000000000000, 0.000000000000000000 ) ) ;
#3708 = CARTESIAN_POINT ( 'NONE',  ( 39.15154527623622016, 19.46271067262288312, 6.550000000000000711 ) ) ;
#3709 = CARTESIAN_POINT ( 'NONE',  ( 416.3821796847597057, -127.2293669483496359, -450.7362439051084380 ) ) ;
#3710 = AXIS2_PLACEMENT_3D ( 'NONE', #1650, #518, #1958 ) ;
#3711 = VERTEX_POINT ( 'NONE', #3160 ) ;
#3712 = CC_DESIGN_DATE_AND_TIME_ASSIGNMENT ( #130, #3265, ( #701 ) ) ;
#3713 = PLANE ( 'NONE',  #3186 ) ;
#3714 = FACE_OUTER_BOUND ( 'NONE', #839, .T. ) ;
#3715 = VERTEX_POINT ( 'NONE', #1200 ) ;
#3716 = CIRCLE ( 'NONE', #1920, 2.000000000000001332 ) ;
#3717 = VECTOR ( 'NONE', #943, 1000.000000000000000 ) ;
ENDSEC;
END-ISO-10303-21;
