ISO-10303-21;
HEADER;
FILE_DESCRIPTION (( 'STEP AP203' ),
    '1' );
FILE_NAME ('front.STEP',
    '2025-11-08T18:24:38',
    ( '' ),
    ( '' ),
    'SwSTEP 2.0',
    'SolidWorks 2025',
    '' );
FILE_SCHEMA (( 'CONFIG_CONTROL_DESIGN' ));
ENDSEC;

DATA;
#1 = ORIENTED_EDGE ( 'NONE', *, *, #1260, .T. ) ;
#2 = CARTESIAN_POINT ( 'NONE',  ( 45.76000000000001933, -14.36271067262288881, -9.250000000000000000 ) ) ;
#3 = EDGE_CURVE ( 'NONE', #89, #885, #206, .T. ) ;
#4 = CARTESIAN_POINT ( 'NONE',  ( 434.2226406871192808, -102.9620815280171087, -7.550000000000007816 ) ) ;
#5 = VECTOR ( 'NONE', #981, 1000.000000000000000 ) ;
#6 = DIRECTION ( 'NONE',  ( 0.000000000000000000, -0.000000000000000000, -1.000000000000000000 ) ) ;
#7 = CLOSED_SHELL ( 'NONE', ( #78, #1538, #161, #1014, #530, #112, #755, #1253, #428, #923, #1277, #873, #1049, #997, #201, #514, #17, #1457, #72, #1530, #626, #1245, #524, #788, #306, #1321, #974, #720, #1352, #1097, #99, #53, #1175, #966, #199, #129, #1138, #586, #333, #726, #796, #326, #687, #441, #805 ) ) ;
#8 = LOCAL_TIME ( 19, 24, 37.00000000000000000, #1442 ) ;
#9 = VECTOR ( 'NONE', #1095, 1000.000000000000000 ) ;
#10 = CARTESIAN_POINT ( 'NONE',  ( 15.59190042307235480, -134.7133217793096094, -14.05000000000000071 ) ) ;
#11 = ORIENTED_EDGE ( 'NONE', *, *, #219, .T. ) ;
#12 = AXIS2_PLACEMENT_3D ( 'NONE', #592, #340, #1177 ) ;
#13 = ORIENTED_EDGE ( 'NONE', *, *, #842, .F. ) ;
#14 = CARTESIAN_POINT ( 'NONE',  ( 410.8655599024860976, -130.3133217793096037, 0.000000000000000000 ) ) ;
#15 = DATE_AND_TIME ( #374, #8 ) ;
#16 = DIRECTION ( 'NONE',  ( 0.000000000000000000, 0.000000000000000000, -1.000000000000000000 ) ) ;
#17 = ADVANCED_FACE ( 'NONE', ( #43, #648 ), #520, .F. ) ;
#18 = CARTESIAN_POINT ( 'NONE',  ( 12.54620887067673785, -133.9303719267109614, -14.05000000000000071 ) ) ;
#19 = CARTESIAN_POINT ( 'NONE',  ( 423.9799999999999613, -125.1388816817957093, 0.000000000000000000 ) ) ;
#20 = EDGE_LOOP ( 'NONE', ( #557, #328, #601, #1509, #280, #712, #644, #480, #550, #801 ) ) ;
#21 = ORIENTED_EDGE ( 'NONE', *, *, #708, .F. ) ;
#22 = FACE_OUTER_BOUND ( 'NONE', #845, .T. ) ;
#23 = LINE ( 'NONE', #375, #988 ) ;
#24 = LINE ( 'NONE', #843, #260 ) ;
#25 = EDGE_CURVE ( 'NONE', #1054, #679, #1345, .T. ) ;
#26 = PLANE ( 'NONE',  #1482 ) ;
#27 = EDGE_LOOP ( 'NONE', ( #396, #844 ) ) ;
#28 = ORIENTED_EDGE ( 'NONE', *, *, #1341, .F. ) ;
#29 = FACE_OUTER_BOUND ( 'NONE', #835, .T. ) ;
#30 = PERSON_AND_ORGANIZATION ( #18446744073709551615, #817 ) ;
#31 = DIRECTION ( 'NONE',  ( -0.7071067811865481278, -0.7071067811865469066, 0.000000000000000000 ) ) ;
#32 = DIRECTION ( 'NONE',  ( 0.000000000000000000, 0.000000000000000000, 1.000000000000000000 ) ) ;
#33 = CARTESIAN_POINT ( 'NONE',  ( 12.54620887067673785, -133.9303719267109614, -14.05000000000000071 ) ) ;
#34 = EDGE_CURVE ( 'NONE', #1421, #1346, #1465, .T. ) ;
#35 = DIRECTION ( 'NONE',  ( -0.000000000000000000, 1.000000000000000000, -0.000000000000000000 ) ) ;
#36 = AXIS2_PLACEMENT_3D ( 'NONE', #1051, #1079, #449 ) ;
#37 = EDGE_CURVE ( 'NONE', #613, #379, #1113, .T. ) ;
#38 = ORIENTED_EDGE ( 'NONE', *, *, #1090, .T. ) ;
#39 = CARTESIAN_POINT ( 'NONE',  ( 412.6880995769276410, -134.7133217793096094, -14.05000000000000071 ) ) ;
#40 = CARTESIAN_POINT ( 'NONE',  ( 428.3799999999999955, -126.9614213562373095, -14.05000000000000071 ) ) ;
#41 = CARTESIAN_POINT ( 'NONE',  ( 412.6880995769276410, -134.7133217793096094, -14.05000000000000071 ) ) ;
#42 = CARTESIAN_POINT ( 'NONE',  ( 412.6880995769276410, -134.7133217793096094, 0.000000000000000000 ) ) ;
#43 = FACE_BOUND ( 'NONE', #190, .T. ) ;
#44 = EDGE_LOOP ( 'NONE', ( #528, #254, #1300, #195 ) ) ;
#45 = CARTESIAN_POINT ( 'NONE',  ( 15.03149024491531804, -127.9303719267109472, 1.500000000000000000 ) ) ;
#46 = EDGE_CURVE ( 'NONE', #1068, #942, #484, .T. ) ;
#47 = DIRECTION ( 'NONE',  ( 0.000000000000000000, 1.000000000000000000, 0.000000000000000000 ) ) ;
#48 = DIRECTION ( 'NONE',  ( 0.000000000000000000, 0.000000000000000000, 1.000000000000000000 ) ) ;
#49 = PLANE ( 'NONE',  #1241 ) ;
#50 = ORIENTED_EDGE ( 'NONE', *, *, #1296, .T. ) ;
#51 = ORIENTED_EDGE ( 'NONE', *, *, #391, .F. ) ;
#52 = LINE ( 'NONE', #416, #359 ) ;
#53 = ADVANCED_FACE ( 'NONE', ( #771 ), #1244, .T. ) ;
#54 = DIRECTION ( 'NONE',  ( 0.7071067811865460184, 0.7071067811865490160, 0.000000000000000000 ) ) ;
#55 = LINE ( 'NONE', #1496, #1524 ) ;
#56 = DIRECTION ( 'NONE',  ( 0.7071067811865469066, -0.7071067811865482389, 0.000000000000000000 ) ) ;
#57 = CIRCLE ( 'NONE', #286, 1.499999999999999556 ) ;
#58 = EDGE_LOOP ( 'NONE', ( #744, #931, #1165, #1361 ) ) ;
#59 = AXIS2_PLACEMENT_3D ( 'NONE', #101, #346, #1311 ) ;
#60 = LINE ( 'NONE', #1481, #917 ) ;
#61 = VECTOR ( 'NONE', #1320, 1000.000000000000000 ) ;
#62 = DIRECTION ( 'NONE',  ( 1.000000000000000000, 0.000000000000000000, -3.154042683594192162E-16 ) ) ;
#63 = CARTESIAN_POINT ( 'NONE',  ( 423.9799999999999613, -125.1388816817957093, 1.500000000000000000 ) ) ;
#64 = EDGE_CURVE ( 'NONE', #74, #1032, #86, .T. ) ;
#65 = FACE_BOUND ( 'NONE', #1299, .T. ) ;
#66 = ORIENTED_EDGE ( 'NONE', *, *, #1487, .T. ) ;
#67 = DIRECTION ( 'NONE',  ( 0.000000000000000000, -1.000000000000000000, 0.000000000000000000 ) ) ;
#68 = EDGE_LOOP ( 'NONE', ( #1373, #164, #1516, #784 ) ) ;
#69 = CARTESIAN_POINT ( 'NONE',  ( 40.26000000000001933, 0.1000000000000000056, -12.79999999999999716 ) ) ;
#70 = CARTESIAN_POINT ( 'NONE',  ( 17.41444009751397104, -130.3133217793096037, 1.500000000000000000 ) ) ;
#71 = DIRECTION ( 'NONE',  ( 0.000000000000000000, 0.000000000000000000, 1.000000000000000000 ) ) ;
#72 = ADVANCED_FACE ( 'NONE', ( #1497 ), #198, .F. ) ;
#73 = ORIENTED_EDGE ( 'NONE', *, *, #181, .F. ) ;
#74 = VERTEX_POINT ( 'NONE', #564 ) ;
#75 = DIRECTION ( 'NONE',  ( -1.000000000000000000, 0.000000000000000000, 0.000000000000000000 ) ) ;
#76 = CARTESIAN_POINT ( 'NONE',  ( 428.3799999999999955, -126.9614213562373095, -14.05000000000000071 ) ) ;
#77 = LINE ( 'NONE', #194, #768 ) ;
#78 = ADVANCED_FACE ( 'NONE', ( #1337 ), #272, .F. ) ;
#79 = ORIENTED_EDGE ( 'NONE', *, *, #815, .F. ) ;
#80 = EDGE_CURVE ( 'NONE', #1346, #329, #134, .T. ) ;
#81 = VECTOR ( 'NONE', #1325, 1000.000000000000000 ) ;
#82 = PRODUCT_DEFINITION_FORMATION_WITH_SPECIFIED_SOURCE ( 'Symetrick√', '', #98, .NOT_KNOWN. ) ;
#83 = ORIENTED_EDGE ( 'NONE', *, *, #1470, .T. ) ;
#84 = DIRECTION ( 'NONE',  ( 1.000000000000000000, 0.000000000000000000, -0.000000000000000000 ) ) ;
#85 = VECTOR ( 'NONE', #547, 1000.000000000000000 ) ;
#86 = LINE ( 'NONE', #170, #108 ) ;
#87 = CARTESIAN_POINT ( 'NONE',  ( 45.76000000000001933, 1.700000000000000178, -5.700000000000001954 ) ) ;
#88 = VERTEX_POINT ( 'NONE', #1199 ) ;
#89 = VERTEX_POINT ( 'NONE', #935 ) ;
#90 = CARTESIAN_POINT ( 'NONE',  ( 5.268950570473649009, -132.3303719267109670, -14.05000000000000071 ) ) ;
#91 = EDGE_CURVE ( 'NONE', #786, #125, #944, .T. ) ;
#92 =( LENGTH_UNIT ( ) NAMED_UNIT ( * ) SI_UNIT ( .MILLI., .METRE. ) );
#93 = FACE_OUTER_BOUND ( 'NONE', #1532, .T. ) ;
#94 = DIRECTION ( 'NONE',  ( -0.000000000000000000, -0.000000000000000000, -1.000000000000000000 ) ) ;
#95 = ORIENTED_EDGE ( 'NONE', *, *, #474, .F. ) ;
#96 = ORIENTED_EDGE ( 'NONE', *, *, #639, .F. ) ;
#97 = LINE ( 'NONE', #476, #608 ) ;
#98 = PRODUCT ( 'front', 'front', '', ( #709 ) ) ;
#99 = ADVANCED_FACE ( 'NONE', ( #93 ), #478, .T. ) ;
#100 = DIRECTION ( 'NONE',  ( 1.000000000000000000, -0.000000000000000000, -0.000000000000000000 ) ) ;
#101 = CARTESIAN_POINT ( 'NONE',  ( 7.091490244915269692, -127.9303719267109472, 1.500000000000000000 ) ) ;
#102 = DIRECTION ( 'NONE',  ( 0.000000000000000000, 0.000000000000000000, -1.000000000000000000 ) ) ;
#103 = ORIENTED_EDGE ( 'NONE', *, *, #1476, .T. ) ;
#104 = EDGE_LOOP ( 'NONE', ( #341, #304, #808, #468 ) ) ;
#105 = AXIS2_PLACEMENT_3D ( 'NONE', #1218, #1207, #496 ) ;
#106 = FACE_OUTER_BOUND ( 'NONE', #1503, .T. ) ;
#107 = PLANE ( 'NONE',  #1011 ) ;
#108 = VECTOR ( 'NONE', #1027, 1000.000000000000000 ) ;
#109 = CC_DESIGN_APPROVAL ( #1128, ( #82 ) ) ;
#110 = CARTESIAN_POINT ( 'NONE',  ( 4.606208870676706368, -133.9303719267109614, -14.05000000000000071 ) ) ;
#111 = AXIS2_PLACEMENT_3D ( 'NONE', #267, #1449, #381 ) ;
#112 = ADVANCED_FACE ( 'NONE', ( #339, #702 ), #237, .T. ) ;
#113 = EDGE_LOOP ( 'NONE', ( #876, #1491, #316, #103 ) ) ;
#114 = ORIENTED_EDGE ( 'NONE', *, *, #576, .F. ) ;
#115 = DIRECTION ( 'NONE',  ( 0.000000000000000000, 0.000000000000000000, 1.000000000000000000 ) ) ;
#116 = DIRECTION ( 'NONE',  ( 0.000000000000000000, 0.000000000000000000, 1.000000000000000000 ) ) ;
#117 = FACE_OUTER_BOUND ( 'NONE', #539, .T. ) ;
#118 = EDGE_CURVE ( 'NONE', #1032, #578, #1291, .T. ) ;
#119 = ORIENTED_EDGE ( 'NONE', *, *, #1130, .F. ) ;
#120 = ORIENTED_EDGE ( 'NONE', *, *, #902, .T. ) ;
#121 = CARTESIAN_POINT ( 'NONE',  ( -1.700000000000000178, 1.700000000000000178, -14.05000000000000071 ) ) ;
#122 = CARTESIAN_POINT ( 'NONE',  ( 423.9799999999999613, -4.299999999999999822, 0.000000000000000000 ) ) ;
#123 = CARTESIAN_POINT ( 'NONE',  ( 413.3508412767246227, -136.3133217793096037, -14.05000000000000071 ) ) ;
#124 = LINE ( 'NONE', #742, #386 ) ;
#125 = VERTEX_POINT ( 'NONE', #122 ) ;
#126 = EDGE_CURVE ( 'NONE', #1133, #1348, #1071, .T. ) ;
#127 = ORIENTED_EDGE ( 'NONE', *, *, #1147, .F. ) ;
#128 = LINE ( 'NONE', #14, #1504 ) ;
#129 = ADVANCED_FACE ( 'NONE', ( #828 ), #107, .T. ) ;
#130 = APPROVAL_STATUS ( 'not_yet_approved' ) ;
#131 = DIRECTION ( 'NONE',  ( 1.000000000000000000, 0.000000000000000000, -0.000000000000000000 ) ) ;
#132 = AXIS2_PLACEMENT_3D ( 'NONE', #1477, #1364, #654 ) ;
#133 = DIRECTION ( 'NONE',  ( -0.000000000000000000, -0.000000000000000000, -1.000000000000000000 ) ) ;
#134 = CIRCLE ( 'NONE', #438, 1.499999999999999556 ) ;
#135 = VECTOR ( 'NONE', #732, 1000.000000000000000 ) ;
#136 = DIRECTION ( 'NONE',  ( 0.000000000000000000, 0.000000000000000000, 1.000000000000000000 ) ) ;
#137 = EDGE_LOOP ( 'NONE', ( #1220, #1126, #523, #66 ) ) ;
#138 = ORIENTED_EDGE ( 'NONE', *, *, #1195, .T. ) ;
#139 = LINE ( 'NONE', #614, #9 ) ;
#140 = APPROVAL_STATUS ( 'not_yet_approved' ) ;
#141 = EDGE_CURVE ( 'NONE', #659, #750, #245, .T. ) ;
#142 = CARTESIAN_POINT ( 'NONE',  ( -1.700000000000000178, -127.6241630560342486, -14.05000000000000071 ) ) ;
#143 = LINE ( 'NONE', #1200, #5 ) ;
#144 = DIRECTION ( 'NONE',  ( 0.000000000000000000, 0.000000000000000000, 1.000000000000000000 ) ) ;
#145 = ORIENTED_EDGE ( 'NONE', *, *, #191, .T. ) ;
#146 = ORIENTED_EDGE ( 'NONE', *, *, #126, .F. ) ;
#147 = DIRECTION ( 'NONE',  ( 0.000000000000000000, 0.000000000000000000, 1.000000000000000000 ) ) ;
#148 = DATE_AND_TIME ( #1103, #1307 ) ;
#149 = DIRECTION ( 'NONE',  ( 0.000000000000000000, 0.000000000000000000, -1.000000000000000000 ) ) ;
#150 = EDGE_CURVE ( 'NONE', #1439, #728, #1397, .T. ) ;
#151 = LINE ( 'NONE', #1427, #579 ) ;
#152 = LINE ( 'NONE', #10, #61 ) ;
#153 = ORIENTED_EDGE ( 'NONE', *, *, #171, .F. ) ;
#154 = ORIENTED_EDGE ( 'NONE', *, *, #737, .T. ) ;
#155 = DIRECTION ( 'NONE',  ( -1.000000000000000000, 0.000000000000000000, 3.154042683594192162E-16 ) ) ;
#156 = LINE ( 'NONE', #259, #1235 ) ;
#157 = LINE ( 'NONE', #252, #837 ) ;
#158 = DIRECTION ( 'NONE',  ( 1.000000000000000000, 0.000000000000000000, -0.000000000000000000 ) ) ;
#159 = VECTOR ( 'NONE', #116, 1000.000000000000000 ) ;
#160 = AXIS2_PLACEMENT_3D ( 'NONE', #1463, #1098, #1319 ) ;
#161 = ADVANCED_FACE ( 'NONE', ( #1426 ), #216, .F. ) ;
#162 = VECTOR ( 'NONE', #752, 1000.000000000000000 ) ;
#163 = VECTOR ( 'NONE', #1194, 1000.000000000000000 ) ;
#164 = ORIENTED_EDGE ( 'NONE', *, *, #929, .T. ) ;
#165 = CARTESIAN_POINT ( 'NONE',  ( 423.6737911293233196, -133.9303719267109614, -14.05000000000000071 ) ) ;
#166 = ORIENTED_EDGE ( 'NONE', *, *, #410, .T. ) ;
#167 = CARTESIAN_POINT ( 'NONE',  ( -0.09999999999998898659, -22.96208152801711933, -10.55000000000000782 ) ) ;
#168 = CARTESIAN_POINT ( 'NONE',  ( -0.09999999999998898659, -22.96208152801711933, -7.550000000000007816 ) ) ;
#169 = CARTESIAN_POINT ( 'NONE',  ( -0.1000000000000028644, -126.9614213562372811, 0.000000000000000000 ) ) ;
#170 = CARTESIAN_POINT ( 'NONE',  ( 429.9799999999999613, 1.700000000000000178, -14.05000000000000071 ) ) ;
#171 = EDGE_CURVE ( 'NONE', #348, #334, #570, .T. ) ;
#172 = VERTEX_POINT ( 'NONE', #358 ) ;
#173 = DIRECTION ( 'NONE',  ( -0.000000000000000000, 1.000000000000000000, -0.000000000000000000 ) ) ;
#174 = MANIFOLD_SOLID_BREP ( 'Odebrat vysunut\X2\00ed\X0\m2', #7 ) ;
#175 = LINE ( 'NONE', #70, #289 ) ;
#176 = CARTESIAN_POINT ( 'NONE',  ( -0.1000000000000000056, -126.9614213562372811, -14.05000000000000071 ) ) ;
#177 = ORIENTED_EDGE ( 'NONE', *, *, #1350, .T. ) ;
#178 = LINE ( 'NONE', #1017, #314 ) ;
#179 = ORIENTED_EDGE ( 'NONE', *, *, #398, .T. ) ;
#180 = CARTESIAN_POINT ( 'NONE',  ( -1.700000000000000178, -22.96208152801711933, -10.55000000000000782 ) ) ;
#181 = EDGE_CURVE ( 'NONE', #1179, #1108, #1541, .T. ) ;
#182 = LINE ( 'NONE', #669, #1112 ) ;
#183 = FACE_OUTER_BOUND ( 'NONE', #1332, .T. ) ;
#184 = APPROVAL_PERSON_ORGANIZATION ( #922, #1058, #854 ) ;
#185 = EDGE_LOOP ( 'NONE', ( #96, #1254, #389, #795 ) ) ;
#186 = VECTOR ( 'NONE', #841, 1000.000000000000000 ) ;
#187 = LINE ( 'NONE', #529, #263 ) ;
#188 = LOCAL_TIME ( 19, 24, 37.00000000000000000, #1216 ) ;
#189 = CIRCLE ( 'NONE', #1061, 1.499999999999999556 ) ;
#190 = EDGE_LOOP ( 'NONE', ( #233, #354, #1073, #823 ) ) ;
#191 = EDGE_CURVE ( 'NONE', #1294, #88, #836, .T. ) ;
#192 = DIRECTION ( 'NONE',  ( 0.7071067811865474617, -0.7071067811865474617, 0.000000000000000000 ) ) ;
#193 = APPROVAL ( #140, 'Sjednocen√' ) ;
#194 = CARTESIAN_POINT ( 'NONE',  ( 423.0110494295263379, -132.3303719267109670, 0.000000000000000000 ) ) ;
#195 = ORIENTED_EDGE ( 'NONE', *, *, #859, .T. ) ;
#196 = ORIENTED_EDGE ( 'NONE', *, *, #548, .F. ) ;
#197 = CARTESIAN_POINT ( 'NONE',  ( 0.000000000000000000, 0.000000000000000000, 1.500000000000000000 ) ) ;
#198 = PLANE ( 'NONE',  #1186 ) ;
#199 = ADVANCED_FACE ( 'NONE', ( #710 ), #724, .T. ) ;
#200 = PLANE ( 'NONE',  #1039 ) ;
#201 = ADVANCED_FACE ( 'NONE', ( #1535, #834 ), #990, .F. ) ;
#202 = ORIENTED_EDGE ( 'NONE', *, *, #268, .T. ) ;
#203 = ORIENTED_EDGE ( 'NONE', *, *, #641, .F. ) ;
#204 = CARTESIAN_POINT ( 'NONE',  ( 4.299999999999999822, -4.299999999999999822, 1.500000000000000000 ) ) ;
#205 = LINE ( 'NONE', #1274, #1209 ) ;
#206 = LINE ( 'NONE', #1384, #288 ) ;
#207 = PLANE ( 'NONE',  #483 ) ;
#208 = EDGE_CURVE ( 'NONE', #946, #728, #1084, .T. ) ;
#209 = ORIENTED_EDGE ( 'NONE', *, *, #34, .F. ) ;
#210 = AXIS2_PLACEMENT_3D ( 'NONE', #1012, #776, #1486 ) ;
#211 = VECTOR ( 'NONE', #811, 1000.000000000000000 ) ;
#212 = ORIENTED_EDGE ( 'NONE', *, *, #1183, .T. ) ;
#213 = VECTOR ( 'NONE', #1453, 1000.000000000000000 ) ;
#214 = DIRECTION ( 'NONE',  ( -1.000000000000000000, -0.000000000000000000, -0.000000000000000000 ) ) ;
#215 = VECTOR ( 'NONE', #332, 1000.000000000000000 ) ;
#216 = CYLINDRICAL_SURFACE ( 'NONE', #1161, 1.499999999999999556 ) ;
#217 = FACE_OUTER_BOUND ( 'NONE', #58, .T. ) ;
#218 = EDGE_LOOP ( 'NONE', ( #145, #1101 ) ) ;
#219 = EDGE_CURVE ( 'NONE', #578, #243, #998, .T. ) ;
#220 = ORIENTED_EDGE ( 'NONE', *, *, #342, .F. ) ;
#221 = LINE ( 'NONE', #1157, #1381 ) ;
#222 = DIRECTION ( 'NONE',  ( 0.000000000000000000, -1.000000000000000000, 0.000000000000000000 ) ) ;
#223 = CARTESIAN_POINT ( 'NONE',  ( 4.606208870676706368, -133.9303719267109614, -14.05000000000000071 ) ) ;
#224 = LINE ( 'NONE', #829, #362 ) ;
#225 = ORIENTED_EDGE ( 'NONE', *, *, #651, .T. ) ;
#226 = ORIENTED_EDGE ( 'NONE', *, *, #1301, .T. ) ;
#227 = FACE_OUTER_BOUND ( 'NONE', #1117, .T. ) ;
#228 = EDGE_CURVE ( 'NONE', #1053, #697, #763, .T. ) ;
#229 = DIRECTION ( 'NONE',  ( 0.000000000000000000, 0.000000000000000000, 1.000000000000000000 ) ) ;
#230 = DIRECTION ( 'NONE',  ( -1.000000000000000000, 0.000000000000000000, 0.000000000000000000 ) ) ;
#231 = UNCERTAINTY_MEASURE_WITH_UNIT (LENGTH_MEASURE( 1.000000000000000082E-05 ), #92, 'distance_accuracy_value', 'NONE');
#232 = ORIENTED_EDGE ( 'NONE', *, *, #369, .T. ) ;
#233 = ORIENTED_EDGE ( 'NONE', *, *, #1195, .F. ) ;
#234 = LINE ( 'NONE', #1533, #291 ) ;
#235 = VECTOR ( 'NONE', #133, 1000.000000000000000 ) ;
#236 = CARTESIAN_POINT ( 'NONE',  ( 434.2226406871192808, -102.9620815280171087, -10.55000000000000782 ) ) ;
#237 = PLANE ( 'NONE',  #36 ) ;
#238 = VECTOR ( 'NONE', #1145, 1000.000000000000000 ) ;
#239 = EDGE_CURVE ( 'NONE', #1119, #697, #1443, .T. ) ;
#240 = PLANE ( 'NONE',  #610 ) ;
#241 = AXIS2_PLACEMENT_3D ( 'NONE', #643, #406, #1127 ) ;
#242 = VERTEX_POINT ( 'NONE', #880 ) ;
#243 = VERTEX_POINT ( 'NONE', #1240 ) ;
#244 = DIRECTION ( 'NONE',  ( 0.7071067811865474617, -0.7071067811865474617, 0.000000000000000000 ) ) ;
#245 = LINE ( 'NONE', #575, #916 ) ;
#246 = FACE_OUTER_BOUND ( 'NONE', #1448, .T. ) ;
#247 = EDGE_CURVE ( 'NONE', #299, #679, #156, .T. ) ;
#248 = ORIENTED_EDGE ( 'NONE', *, *, #824, .F. ) ;
#249 = ORIENTED_EDGE ( 'NONE', *, *, #850, .T. ) ;
#250 = LINE ( 'NONE', #622, #893 ) ;
#251 = CARTESIAN_POINT ( 'NONE',  ( 434.2226406871192808, -102.9620815280171087, -9.050000000000007816 ) ) ;
#252 = CARTESIAN_POINT ( 'NONE',  ( 429.9799999999999613, 1.700000000000000178, -14.05000000000000071 ) ) ;
#253 = CARTESIAN_POINT ( 'NONE',  ( 7.091490244915269692, -127.9303719267109472, 1.500000000000000000 ) ) ;
#254 = ORIENTED_EDGE ( 'NONE', *, *, #1232, .F. ) ;
#255 = EDGE_CURVE ( 'NONE', #1010, #299, #23, .T. ) ;
#256 = ORIENTED_EDGE ( 'NONE', *, *, #1029, .F. ) ;
#257 = FACE_BOUND ( 'NONE', #380, .T. ) ;
#258 = PERSON_AND_ORGANIZATION ( #18446744073709551615, #817 ) ;
#259 = CARTESIAN_POINT ( 'NONE',  ( 415.7337911293233219, -133.9303719267109614, 1.500000000000000000 ) ) ;
#260 = VECTOR ( 'NONE', #32, 1000.000000000000000 ) ;
#261 = DIRECTION ( 'NONE',  ( 0.000000000000000000, 1.000000000000000000, 0.000000000000000000 ) ) ;
#262 = AXIS2_PLACEMENT_3D ( 'NONE', #251, #1255, #418 ) ;
#263 = VECTOR ( 'NONE', #1002, 1000.000000000000000 ) ;
#264 = FACE_OUTER_BOUND ( 'NONE', #1040, .T. ) ;
#265 = ORIENTED_EDGE ( 'NONE', *, *, #541, .F. ) ;
#266 = ORIENTED_EDGE ( 'NONE', *, *, #1400, .F. ) ;
#267 = CARTESIAN_POINT ( 'NONE',  ( 415.0710494295263402, -132.3303719267109670, -14.05000000000000071 ) ) ;
#268 = EDGE_CURVE ( 'NONE', #1178, #1309, #1217, .T. ) ;
#269 = PERSON_AND_ORGANIZATION ( #18446744073709551615, #817 ) ;
#270 = FACE_OUTER_BOUND ( 'NONE', #995, .T. ) ;
#271 = LINE ( 'NONE', #982, #740 ) ;
#272 = CYLINDRICAL_SURFACE ( 'NONE', #814, 1.499999999999999556 ) ;
#273 = ORIENTED_EDGE ( 'NONE', *, *, #1389, .T. ) ;
#274 = CARTESIAN_POINT ( 'NONE',  ( 15.59190042307235480, -134.7133217793096094, -14.05000000000000071 ) ) ;
#275 = DIRECTION ( 'NONE',  ( 0.7071067811865483499, -0.7071067811865467956, 0.000000000000000000 ) ) ;
#276 = EDGE_CURVE ( 'NONE', #728, #946, #1211, .T. ) ;
#277 = LINE ( 'NONE', #18, #1356 ) ;
#278 = CARTESIAN_POINT ( 'NONE',  ( 5.268950570473669437, -132.3303719267109670, -14.05000000000000071 ) ) ;
#279 = ORIENTED_EDGE ( 'NONE', *, *, #983, .F. ) ;
#280 = ORIENTED_EDGE ( 'NONE', *, *, #690, .F. ) ;
#281 = LINE ( 'NONE', #773, #1189 ) ;
#282 = ORIENTED_EDGE ( 'NONE', *, *, #171, .T. ) ;
#283 = CARTESIAN_POINT ( 'NONE',  ( 4.300000000000000711, -125.1388816817956808, 1.500000000000000000 ) ) ;
#284 = FACE_OUTER_BOUND ( 'NONE', #349, .T. ) ;
#285 = EDGE_CURVE ( 'NONE', #942, #1172, #616, .T. ) ;
#286 = AXIS2_PLACEMENT_3D ( 'NONE', #1536, #951, #1420 ) ;
#287 = FACE_OUTER_BOUND ( 'NONE', #976, .T. ) ;
#288 = VECTOR ( 'NONE', #35, 1000.000000000000000 ) ;
#289 = VECTOR ( 'NONE', #999, 1000.000000000000000 ) ;
#290 = DIRECTION ( 'NONE',  ( 0.000000000000000000, 0.000000000000000000, -1.000000000000000000 ) ) ;
#291 = VECTOR ( 'NONE', #1063, 1000.000000000000114 ) ;
#292 = VECTOR ( 'NONE', #1514, 1000.000000000000000 ) ;
#293 = EDGE_LOOP ( 'NONE', ( #666, #698, #537, #232 ) ) ;
#294 = DIRECTION ( 'NONE',  ( 1.000000000000000000, -0.000000000000000000, -0.000000000000000000 ) ) ;
#295 = ORIENTED_EDGE ( 'NONE', *, *, #585, .F. ) ;
#296 = LINE ( 'NONE', #546, #1502 ) ;
#297 = LINE ( 'NONE', #1148, #1505 ) ;
#298 = EDGE_CURVE ( 'NONE', #379, #1213, #1096, .T. ) ;
#299 = VERTEX_POINT ( 'NONE', #1224 ) ;
#300 = DIRECTION ( 'NONE',  ( -1.000000000000000000, -0.000000000000000000, -0.000000000000000000 ) ) ;
#301 = ORIENTED_EDGE ( 'NONE', *, *, #80, .T. ) ;
#302 = CARTESIAN_POINT ( 'NONE',  ( 428.3799999999999955, 0.1000000000000000056, -14.05000000000000071 ) ) ;
#303 = DIRECTION ( 'NONE',  ( -0.7071067811865515695, -0.7071067811865435759, 0.000000000000000000 ) ) ;
#304 = ORIENTED_EDGE ( 'NONE', *, *, #585, .T. ) ;
#305 = CARTESIAN_POINT ( 'NONE',  ( 40.26000000000001933, 1.700000000000000178, -5.700000000000000178 ) ) ;
#306 = ADVANCED_FACE ( 'NONE', ( #624 ), #1104, .F. ) ;
#307 = ORIENTED_EDGE ( 'NONE', *, *, #1372, .F. ) ;
#308 = DIRECTION ( 'NONE',  ( 0.000000000000000000, 0.000000000000000000, 1.000000000000000000 ) ) ;
#309 = CARTESIAN_POINT ( 'NONE',  ( 415.0710494295263402, -132.3303719267109670, -14.05000000000000071 ) ) ;
#310 = LINE ( 'NONE', #1266, #414 ) ;
#311 = VECTOR ( 'NONE', #1335, 1000.000000000000000 ) ;
#312 = VERTEX_POINT ( 'NONE', #1342 ) ;
#313 = AXIS2_PLACEMENT_3D ( 'NONE', #965, #131, #16 ) ;
#314 = VECTOR ( 'NONE', #538, 1000.000000000000000 ) ;
#315 = EDGE_CURVE ( 'NONE', #952, #1287, #1462, .T. ) ;
#316 = ORIENTED_EDGE ( 'NONE', *, *, #268, .F. ) ;
#317 = DIRECTION ( 'NONE',  ( 0.000000000000000000, 1.000000000000000000, 0.000000000000000000 ) ) ;
#318 = DIRECTION ( 'NONE',  ( 1.000000000000000000, 0.000000000000000000, 0.000000000000000000 ) ) ;
#319 = EDGE_CURVE ( 'NONE', #334, #879, #1349, .T. ) ;
#320 = DIRECTION ( 'NONE',  ( -1.000000000000000000, -0.000000000000000000, -0.000000000000000000 ) ) ;
#321 = DIRECTION ( 'NONE',  ( 0.7071067811865434649, -0.7071067811865516806, 0.000000000000000000 ) ) ;
#322 = EDGE_LOOP ( 'NONE', ( #1229, #119, #430, #1447 ) ) ;
#323 = ORIENTED_EDGE ( 'NONE', *, *, #639, .T. ) ;
#324 = FACE_BOUND ( 'NONE', #948, .T. ) ;
#325 = VERTEX_POINT ( 'NONE', #167 ) ;
#326 = ADVANCED_FACE ( 'NONE', ( #487 ), #1318, .F. ) ;
#327 = CARTESIAN_POINT ( 'NONE',  ( 5.268950570473669437, -132.3303719267109670, 0.000000000000000000 ) ) ;
#328 = ORIENTED_EDGE ( 'NONE', *, *, #118, .F. ) ;
#329 = VERTEX_POINT ( 'NONE', #180 ) ;
#330 = CARTESIAN_POINT ( 'NONE',  ( 17.41444009751397104, -130.3133217793096037, 1.500000000000000000 ) ) ;
#331 = CARTESIAN_POINT ( 'NONE',  ( 434.2226406871192808, -22.96208152801711933, -7.550000000000007816 ) ) ;
#332 = DIRECTION ( 'NONE',  ( -1.000000000000000000, -0.000000000000000000, -0.000000000000000000 ) ) ;
#333 = ADVANCED_FACE ( 'NONE', ( #1379 ), #551, .F. ) ;
#334 = VERTEX_POINT ( 'NONE', #673 ) ;
#335 = VECTOR ( 'NONE', #1159, 1000.000000000000000 ) ;
#336 = VECTOR ( 'NONE', #1176, 1000.000000000000000 ) ;
#337 = EDGE_LOOP ( 'NONE', ( #295, #492, #273, #1338 ) ) ;
#338 = CARTESIAN_POINT ( 'NONE',  ( 415.7337911293233219, -133.9303719267109614, -14.05000000000000071 ) ) ;
#339 = FACE_BOUND ( 'NONE', #1018, .T. ) ;
#340 = DIRECTION ( 'NONE',  ( 0.7071067811865467956, 0.7071067811865483499, -0.000000000000000000 ) ) ;
#341 = ORIENTED_EDGE ( 'NONE', *, *, #1436, .F. ) ;
#342 = EDGE_CURVE ( 'NONE', #750, #125, #1388, .T. ) ;
#343 = VERTEX_POINT ( 'NONE', #802 ) ;
#344 = LINE ( 'NONE', #338, #713 ) ;
#345 = DIRECTION ( 'NONE',  ( 0.7071067811865476838, -0.7071067811865474617, 0.000000000000000000 ) ) ;
#346 = DIRECTION ( 'NONE',  ( 0.000000000000000000, 1.000000000000000000, 0.000000000000000000 ) ) ;
#347 = CARTESIAN_POINT ( 'NONE',  ( 13.20895057047370180, -132.3303719267109670, -14.05000000000000071 ) ) ;
#348 = VERTEX_POINT ( 'NONE', #204 ) ;
#349 = EDGE_LOOP ( 'NONE', ( #154, #652, #1539, #1466, #1149, #1204, #572, #612, #888, #50 ) ) ;
#350 = EDGE_CURVE ( 'NONE', #451, #885, #1137, .T. ) ;
#351 = LINE ( 'NONE', #1396, #1328 ) ;
#352 = CARTESIAN_POINT ( 'NONE',  ( 13.20895057047370180, -132.3303719267109670, 0.000000000000000000 ) ) ;
#353 = ORIENTED_EDGE ( 'NONE', *, *, #64, .T. ) ;
#354 = ORIENTED_EDGE ( 'NONE', *, *, #894, .F. ) ;
#355 = DIRECTION ( 'NONE',  ( -1.000000000000000000, -0.000000000000000000, -0.000000000000000000 ) ) ;
#356 = EDGE_CURVE ( 'NONE', #679, #1221, #889, .T. ) ;
#357 = VECTOR ( 'NONE', #1269, 1000.000000000000000 ) ;
#358 = CARTESIAN_POINT ( 'NONE',  ( 15.59190042307235480, -134.7133217793096094, 0.000000000000000000 ) ) ;
#359 = VECTOR ( 'NONE', #1374, 1000.000000000000000 ) ;
#360 = EDGE_CURVE ( 'NONE', #172, #779, #653, .T. ) ;
#361 = CARTESIAN_POINT ( 'NONE',  ( -1.700000000000000178, -102.9620815280171087, -7.550000000000007816 ) ) ;
#362 = VECTOR ( 'NONE', #1284, 1000.000000000000000 ) ;
#363 = ORIENTED_EDGE ( 'NONE', *, *, #474, .T. ) ;
#364 = VERTEX_POINT ( 'NONE', #660 ) ;
#365 = DIRECTION ( 'NONE',  ( -0.000000000000000000, 1.000000000000000000, -0.000000000000000000 ) ) ;
#366 = APPROVAL_ROLE ( '' ) ;
#367 = CARTESIAN_POINT ( 'NONE',  ( 13.20895057047370180, -132.3303719267109670, -14.05000000000000071 ) ) ;
#368 = CARTESIAN_POINT ( 'NONE',  ( 428.3799999999999955, -126.9614213562373095, -14.05000000000000071 ) ) ;
#369 = EDGE_CURVE ( 'NONE', #985, #1094, #425, .T. ) ;
#370 = FACE_BOUND ( 'NONE', #588, .T. ) ;
#371 = ORIENTED_EDGE ( 'NONE', *, *, #1203, .F. ) ;
#372 = ORIENTED_EDGE ( 'NONE', *, *, #276, .T. ) ;
#373 = DIRECTION ( 'NONE',  ( 1.000000000000000000, -0.000000000000000000, -0.000000000000000000 ) ) ;
#374 = CALENDAR_DATE ( 2025, 8, 11 ) ;
#375 = CARTESIAN_POINT ( 'NONE',  ( 413.3508412767246227, -136.3133217793096037, 1.500000000000000000 ) ) ;
#376 = LINE ( 'NONE', #856, #1261 ) ;
#377 = CARTESIAN_POINT ( 'NONE',  ( 415.7337911293233219, -133.9303719267109614, -14.05000000000000071 ) ) ;
#378 = EDGE_CURVE ( 'NONE', #985, #1401, #787, .T. ) ;
#379 = VERTEX_POINT ( 'NONE', #69 ) ;
#380 = EDGE_LOOP ( 'NONE', ( #452, #1086 ) ) ;
#381 = DIRECTION ( 'NONE',  ( 0.7071067811865516806, 0.7071067811865434649, 0.000000000000000000 ) ) ;
#382 = APPROVAL_ROLE ( '' ) ;
#383 = DIRECTION ( 'NONE',  ( 1.000000000000000000, 0.000000000000000000, -0.000000000000000000 ) ) ;
#384 = LOCAL_TIME ( 19, 24, 37.00000000000000000, #606 ) ;
#385 = CARTESIAN_POINT ( 'NONE',  ( 12.54620887067673785, -133.9303719267109614, -14.05000000000000071 ) ) ;
#386 = VECTOR ( 'NONE', #503, 1000.000000000000114 ) ;
#387 = DIRECTION ( 'NONE',  ( -1.000000000000000000, -0.000000000000000000, 0.000000000000000000 ) ) ;
#388 = ORIENTED_EDGE ( 'NONE', *, *, #1232, .T. ) ;
#389 = ORIENTED_EDGE ( 'NONE', *, *, #447, .T. ) ;
#390 = PLANE ( 'NONE',  #1331 ) ;
#391 = EDGE_CURVE ( 'NONE', #1213, #680, #1527, .T. ) ;
#392 = CALENDAR_DATE ( 2025, 8, 11 ) ;
#393 = LINE ( 'NONE', #635, #311 ) ;
#394 = FACE_OUTER_BOUND ( 'NONE', #1069, .T. ) ;
#395 = DIRECTION ( 'NONE',  ( 0.000000000000000000, 0.000000000000000000, 1.000000000000000000 ) ) ;
#396 = ORIENTED_EDGE ( 'NONE', *, *, #1130, .T. ) ;
#397 = FACE_BOUND ( 'NONE', #218, .T. ) ;
#398 = EDGE_CURVE ( 'NONE', #952, #1179, #221, .T. ) ;
#399 = ORIENTED_EDGE ( 'NONE', *, *, #983, .T. ) ;
#400 = DIRECTION ( 'NONE',  ( -0.000000000000000000, 0.000000000000000000, 1.000000000000000000 ) ) ;
#401 = CC_DESIGN_PERSON_AND_ORGANIZATION_ASSIGNMENT ( #269, #955, ( #939 ) ) ;
#402 = DIRECTION ( 'NONE',  ( 0.000000000000000000, 0.000000000000000000, 1.000000000000000000 ) ) ;
#403 = CARTESIAN_POINT ( 'NONE',  ( 423.9799999999999613, -4.299999999999999822, 1.500000000000000000 ) ) ;
#404 = CARTESIAN_POINT ( 'NONE',  ( 423.6737911293233196, -133.9303719267109614, -14.05000000000000071 ) ) ;
#405 = VERTEX_POINT ( 'NONE', #1070 ) ;
#406 = DIRECTION ( 'NONE',  ( 0.000000000000000000, -1.000000000000000000, 0.000000000000000000 ) ) ;
#407 = ORIENTED_EDGE ( 'NONE', *, *, #881, .T. ) ;
#408 = CARTESIAN_POINT ( 'NONE',  ( 434.2226406871192808, -102.9620815280171087, -7.550000000000007816 ) ) ;
#409 = CIRCLE ( 'NONE', #210, 1.499999999999999556 ) ;
#410 = EDGE_CURVE ( 'NONE', #1513, #475, #344, .T. ) ;
#411 = CARTESIAN_POINT ( 'NONE',  ( 428.3799999999999955, -22.96208152801711933, -10.55000000000000782 ) ) ;
#412 = VECTOR ( 'NONE', #980, 1000.000000000000000 ) ;
#413 = VECTOR ( 'NONE', #373, 1000.000000000000000 ) ;
#414 = VECTOR ( 'NONE', #799, 1000.000000000000114 ) ;
#415 = ORIENTED_EDGE ( 'NONE', *, *, #1301, .F. ) ;
#416 = CARTESIAN_POINT ( 'NONE',  ( 428.3799999999999955, 0.1000000000000000056, -14.05000000000000071 ) ) ;
#417 = ORIENTED_EDGE ( 'NONE', *, *, #559, .T. ) ;
#418 = DIRECTION ( 'NONE',  ( 0.000000000000000000, 0.000000000000000000, 1.000000000000000000 ) ) ;
#419 = DIRECTION ( 'NONE',  ( 1.000000000000000000, 0.000000000000000000, -0.000000000000000000 ) ) ;
#420 = LINE ( 'NONE', #1257, #1164 ) ;
#421 = EDGE_CURVE ( 'NONE', #1053, #504, #234, .T. ) ;
#422 = ORIENTED_EDGE ( 'NONE', *, *, #1341, .T. ) ;
#423 = CARTESIAN_POINT ( 'NONE',  ( 428.3799999999999955, -102.9620815280171087, -9.050000000000007816 ) ) ;
#424 = EDGE_LOOP ( 'NONE', ( #656, #733, #1489, #621 ) ) ;
#425 = LINE ( 'NONE', #906, #664 ) ;
#426 = DIRECTION ( 'NONE',  ( -7.177836520139454383E-18, 1.000000000000000000, 0.000000000000000000 ) ) ;
#427 = FACE_OUTER_BOUND ( 'NONE', #113, .T. ) ;
#428 = ADVANCED_FACE ( 'NONE', ( #227 ), #826, .T. ) ;
#429 = VERTEX_POINT ( 'NONE', #1411 ) ;
#430 = ORIENTED_EDGE ( 'NONE', *, *, #150, .T. ) ;
#431 = DIRECTION ( 'NONE',  ( 1.000000000000000000, -0.000000000000000000, -0.000000000000000000 ) ) ;
#432 = DIRECTION ( 'NONE',  ( 1.000000000000000000, 0.000000000000000000, 0.000000000000000000 ) ) ;
#433 = VERTEX_POINT ( 'NONE', #1180 ) ;
#434 = CARTESIAN_POINT ( 'NONE',  ( 0.000000000000000000, 0.000000000000000000, 0.000000000000000000 ) ) ;
#435 = VECTOR ( 'NONE', #1282, 1000.000000000000000 ) ;
#436 = AXIS2_PLACEMENT_3D ( 'NONE', #1242, #646, #48 ) ;
#437 = ORIENTED_EDGE ( 'NONE', *, *, #929, .F. ) ;
#438 = AXIS2_PLACEMENT_3D ( 'NONE', #1193, #1303, #455 ) ;
#439 = AXIS2_PLACEMENT_3D ( 'NONE', #1417, #355, #469 ) ;
#440 = VERTEX_POINT ( 'NONE', #90 ) ;
#441 = ADVANCED_FACE ( 'NONE', ( #699 ), #562, .F. ) ;
#442 = ORIENTED_EDGE ( 'NONE', *, *, #1288, .F. ) ;
#443 = DIRECTION ( 'NONE',  ( 0.7071067811865516806, 0.7071067811865434649, 0.000000000000000000 ) ) ;
#444 = ORIENTED_EDGE ( 'NONE', *, *, #1296, .F. ) ;
#445 = ORIENTED_EDGE ( 'NONE', *, *, #477, .F. ) ;
#446 = CARTESIAN_POINT ( 'NONE',  ( 415.7337911293233219, -133.9303719267109614, -14.05000000000000071 ) ) ;
#447 = EDGE_CURVE ( 'NONE', #242, #659, #97, .T. ) ;
#448 = APPLICATION_PROTOCOL_DEFINITION ( 'international standard', 'config_control_design', 1994, #1355 ) ;
#449 = DIRECTION ( 'NONE',  ( 0.000000000000000000, -0.000000000000000000, 1.000000000000000000 ) ) ;
#450 = CARTESIAN_POINT ( 'NONE',  ( 4.606208870676706368, -133.9303719267109614, -14.05000000000000071 ) ) ;
#451 = VERTEX_POINT ( 'NONE', #832 ) ;
#452 = ORIENTED_EDGE ( 'NONE', *, *, #807, .T. ) ;
#453 = LINE ( 'NONE', #1510, #991 ) ;
#454 = LINE ( 'NONE', #1050, #987 ) ;
#455 = DIRECTION ( 'NONE',  ( 0.000000000000000000, 0.000000000000000000, 1.000000000000000000 ) ) ;
#456 = CARTESIAN_POINT ( 'NONE',  ( 423.6737911293233196, -133.9303719267109614, -14.05000000000000071 ) ) ;
#457 = ORIENTED_EDGE ( 'NONE', *, *, #228, .T. ) ;
#458 = AXIS2_PLACEMENT_3D ( 'NONE', #1518, #84, #949 ) ;
#459 = AXIS2_PLACEMENT_3D ( 'NONE', #1122, #47, #1369 ) ;
#460 = ORIENTED_EDGE ( 'NONE', *, *, #1512, .T. ) ;
#461 = CARTESIAN_POINT ( 'NONE',  ( 4.300000000000000711, -125.1388816817956808, 0.000000000000000000 ) ) ;
#462 = AXIS2_PLACEMENT_3D ( 'NONE', #761, #1236, #657 ) ;
#463 = LINE ( 'NONE', #330, #335 ) ;
#464 = DIRECTION ( 'NONE',  ( 0.000000000000000000, 0.000000000000000000, 1.000000000000000000 ) ) ;
#465 = CARTESIAN_POINT ( 'NONE',  ( 428.3799999999999955, -126.9614213562373095, 0.000000000000000000 ) ) ;
#466 = EDGE_CURVE ( 'NONE', #779, #962, #1423, .T. ) ;
#467 = ORIENTED_EDGE ( 'NONE', *, *, #870, .F. ) ;
#468 = ORIENTED_EDGE ( 'NONE', *, *, #1389, .F. ) ;
#469 = DIRECTION ( 'NONE',  ( 0.000000000000000000, 0.000000000000000000, 1.000000000000000000 ) ) ;
#470 = LINE ( 'NONE', #568, #1305 ) ;
#471 = CARTESIAN_POINT ( 'NONE',  ( 434.2226406871192808, -22.96208152801711933, -9.050000000000007816 ) ) ;
#472 = CARTESIAN_POINT ( 'NONE',  ( 434.2226406871192808, -102.9620815280171087, -9.050000000000007816 ) ) ;
#473 = EDGE_LOOP ( 'NONE', ( #593, #953, #120, #1410 ) ) ;
#474 = EDGE_CURVE ( 'NONE', #329, #1346, #1383, .T. ) ;
#475 = VERTEX_POINT ( 'NONE', #446 ) ;
#476 = CARTESIAN_POINT ( 'NONE',  ( 421.1885097550847377, -127.9303719267109472, 1.500000000000000000 ) ) ;
#477 = EDGE_CURVE ( 'NONE', #1108, #343, #453, .T. ) ;
#478 = PLANE ( 'NONE',  #59 ) ;
#479 = DIRECTION ( 'NONE',  ( 0.7071067811865474617, -0.7071067811865474617, 0.000000000000000000 ) ) ;
#480 = ORIENTED_EDGE ( 'NONE', *, *, #1415, .F. ) ;
#481 = VERTEX_POINT ( 'NONE', #820 ) ;
#482 = LINE ( 'NONE', #1198, #864 ) ;
#483 = AXIS2_PLACEMENT_3D ( 'NONE', #1413, #230, #711 ) ;
#484 = CIRCLE ( 'NONE', #633, 1.499999999999999556 ) ;
#485 = PERSON_AND_ORGANIZATION ( #18446744073709551615, #817 ) ;
#486 = EDGE_CURVE ( 'NONE', #242, #429, #1395, .T. ) ;
#487 = FACE_OUTER_BOUND ( 'NONE', #1378, .T. ) ;
#488 = VECTOR ( 'NONE', #993, 1000.000000000000000 ) ;
#489 = CARTESIAN_POINT ( 'NONE',  ( 12.54620887067673785, -133.9303719267109614, 1.500000000000000000 ) ) ;
#490 = VECTOR ( 'NONE', #1521, 1000.000000000000000 ) ;
#491 = PLANE ( 'NONE',  #817 ) ;
#492 = ORIENTED_EDGE ( 'NONE', *, *, #191, .F. ) ;
#493 = ORIENTED_EDGE ( 'NONE', *, *, #25, .T. ) ;
#494 = DIRECTION ( 'NONE',  ( 0.000000000000000000, 0.000000000000000000, 1.000000000000000000 ) ) ;
#495 = EDGE_CURVE ( 'NONE', #364, #1062, #1174, .T. ) ;
#496 = DIRECTION ( 'NONE',  ( 0.000000000000000000, 0.000000000000000000, -1.000000000000000000 ) ) ;
#497 = CARTESIAN_POINT ( 'NONE',  ( 415.0710494295263402, -132.3303719267109670, -14.05000000000000071 ) ) ;
#498 = VERTEX_POINT ( 'NONE', #1087 ) ;
#499 = ORIENTED_EDGE ( 'NONE', *, *, #315, .T. ) ;
#500 = PLANE ( 'NONE',  #689 ) ;
#501 = CARTESIAN_POINT ( 'NONE',  ( 40.26000000000001933, -14.36271067262288881, -12.79999999999999538 ) ) ;
#502 = CARTESIAN_POINT ( 'NONE',  ( -1.700000000000000178, -127.6241630560342486, -14.05000000000000071 ) ) ;
#503 = DIRECTION ( 'NONE',  ( 0.7071067811865474617, -0.7071067811865474617, 0.000000000000000000 ) ) ;
#504 = VERTEX_POINT ( 'NONE', #274 ) ;
#505 = ORIENTED_EDGE ( 'NONE', *, *, #342, .T. ) ;
#506 = DIRECTION ( 'NONE',  ( 1.000000000000000000, 0.000000000000000000, -0.000000000000000000 ) ) ;
#507 = DATE_AND_TIME ( #623, #384 ) ;
#508 = VECTOR ( 'NONE', #345, 1000.000000000000000 ) ;
#509 = CARTESIAN_POINT ( 'NONE',  ( 423.0110494295263379, -132.3303719267109670, 0.000000000000000000 ) ) ;
#510 = VECTOR ( 'NONE', #1435, 1000.000000000000000 ) ;
#511 = AXIS2_PLACEMENT_3D ( 'NONE', #1344, #387, #875 ) ;
#512 = DIRECTION ( 'NONE',  ( 0.000000000000000000, -0.000000000000000000, -1.000000000000000000 ) ) ;
#513 = CARTESIAN_POINT ( 'NONE',  ( -0.1000000000000000056, 0.1000000000000000056, -14.05000000000000071 ) ) ;
#514 = ADVANCED_FACE ( 'NONE', ( #257, #397, #1111 ), #390, .F. ) ;
#515 = ORIENTED_EDGE ( 'NONE', *, *, #80, .F. ) ;
#516 = DIRECTION ( 'NONE',  ( 1.000000000000000000, -0.000000000000000000, -0.000000000000000000 ) ) ;
#517 = CARTESIAN_POINT ( 'NONE',  ( 428.3799999999999955, -22.96208152801711933, -9.050000000000007816 ) ) ;
#518 = DIRECTION ( 'NONE',  ( 0.7071067811865491270, -0.7071067811865459074, 0.000000000000000000 ) ) ;
#519 = DIRECTION ( 'NONE',  ( -3.154042683594192162E-16, 0.000000000000000000, -1.000000000000000000 ) ) ;
#520 = PLANE ( 'NONE',  #792 ) ;
#521 = VERTEX_POINT ( 'NONE', #1205 ) ;
#522 = CARTESIAN_POINT ( 'NONE',  ( 429.9799999999999613, 1.700000000000000178, 1.500000000000000000 ) ) ;
#523 = ORIENTED_EDGE ( 'NONE', *, *, #25, .F. ) ;
#524 = ADVANCED_FACE ( 'NONE', ( #1230 ), #878, .F. ) ;
#525 = FACE_BOUND ( 'NONE', #860, .T. ) ;
#526 = CARTESIAN_POINT ( 'NONE',  ( 410.8655599024860976, -130.3133217793096037, 1.500000000000000000 ) ) ;
#527 = DIRECTION ( 'NONE',  ( 0.000000000000000000, 0.000000000000000000, 1.000000000000000000 ) ) ;
#528 = ORIENTED_EDGE ( 'NONE', *, *, #1313, .T. ) ;
#529 = CARTESIAN_POINT ( 'NONE',  ( 410.8655599024860976, -130.3133217793096037, 1.500000000000000000 ) ) ;
#530 = ADVANCED_FACE ( 'NONE', ( #996, #723, #29 ), #500, .T. ) ;
#531 = FACE_OUTER_BOUND ( 'NONE', #1272, .T. ) ;
#532 = AXIS2_PLACEMENT_3D ( 'NONE', #756, #518, #1231 ) ;
#533 = CARTESIAN_POINT ( 'NONE',  ( 45.76000000000001933, 0.09999999999999939493, -9.250000000000000000 ) ) ;
#534 = AXIS2_PLACEMENT_3D ( 'NONE', #517, #383, #149 ) ;
#535 = APPROVAL_PERSON_ORGANIZATION ( #1223, #193, #366 ) ;
#536 = VECTOR ( 'NONE', #857, 1000.000000000000000 ) ;
#537 = ORIENTED_EDGE ( 'NONE', *, *, #378, .F. ) ;
#538 = DIRECTION ( 'NONE',  ( 1.000000000000000000, 0.000000000000000000, 0.000000000000000000 ) ) ;
#539 = EDGE_LOOP ( 'NONE', ( #629, #774, #146, #800 ) ) ;
#540 = CARTESIAN_POINT ( 'NONE',  ( -1.700000000000000178, -127.6241630560342486, 1.500000000000000000 ) ) ;
#541 = EDGE_CURVE ( 'NONE', #885, #1213, #1434, .T. ) ;
#542 = PLANE ( 'NONE',  #818 ) ;
#543 = ORIENTED_EDGE ( 'NONE', *, *, #559, .F. ) ;
#544 = DIRECTION ( 'NONE',  ( 0.000000000000000000, 0.000000000000000000, 1.000000000000000000 ) ) ;
#545 = ORIENTED_EDGE ( 'NONE', *, *, #285, .T. ) ;
#546 = CARTESIAN_POINT ( 'NONE',  ( -0.1000000000000000056, -126.9614213562372811, 0.000000000000000000 ) ) ;
#547 = DIRECTION ( 'NONE',  ( -0.000000000000000000, -0.000000000000000000, -1.000000000000000000 ) ) ;
#548 = EDGE_CURVE ( 'NONE', #1172, #481, #1306, .T. ) ;
#549 = ORIENTED_EDGE ( 'NONE', *, *, #651, .F. ) ;
#550 = ORIENTED_EDGE ( 'NONE', *, *, #1067, .F. ) ;
#551 = PLANE ( 'NONE',  #555 ) ;
#552 = DIRECTION ( 'NONE',  ( 7.177836520139454383E-18, -1.000000000000000000, 0.000000000000000000 ) ) ;
#553 = DIRECTION ( 'NONE',  ( 0.7071067811865475727, -0.7071067811865475727, 0.000000000000000000 ) ) ;
#554 = DIRECTION ( 'NONE',  ( 1.000000000000000000, 0.000000000000000000, -3.154042683594192162E-16 ) ) ;
#555 = AXIS2_PLACEMENT_3D ( 'NONE', #921, #1019, #62 ) ;
#556 = AXIS2_PLACEMENT_3D ( 'NONE', #1139, #1376, #426 ) ;
#557 = ORIENTED_EDGE ( 'NONE', *, *, #1398, .F. ) ;
#558 = CIRCLE ( 'NONE', #767, 1.499999999999999556 ) ;
#559 = EDGE_CURVE ( 'NONE', #581, #312, #482, .T. ) ;
#560 = AXIS2_PLACEMENT_3D ( 'NONE', #526, #1153, #303 ) ;
#561 = ORIENTED_EDGE ( 'NONE', *, *, #466, .F. ) ;
#562 = CYLINDRICAL_SURFACE ( 'NONE', #439, 1.499999999999999556 ) ;
#563 = PLANE ( 'NONE',  #458 ) ;
#564 = CARTESIAN_POINT ( 'NONE',  ( 429.9799999999999613, -127.6241630560342486, -14.05000000000000071 ) ) ;
#565 = DIRECTION ( 'NONE',  ( -1.000000000000000000, -0.000000000000000000, -0.000000000000000000 ) ) ;
#566 = EDGE_LOOP ( 'NONE', ( #1075, #460, #196, #877 ) ) ;
#567 = ORIENTED_EDGE ( 'NONE', *, *, #319, .F. ) ;
#568 = CARTESIAN_POINT ( 'NONE',  ( 413.3508412767246227, -136.3133217793096037, -14.05000000000000071 ) ) ;
#569 = CC_DESIGN_PERSON_AND_ORGANIZATION_ASSIGNMENT ( #1412, #1181, ( #98 ) ) ;
#570 = LINE ( 'NONE', #695, #336 ) ;
#571 = CARTESIAN_POINT ( 'NONE',  ( 7.091490244915269692, -127.9303719267109472, 0.000000000000000000 ) ) ;
#572 = ORIENTED_EDGE ( 'NONE', *, *, #255, .T. ) ;
#573 = ORIENTED_EDGE ( 'NONE', *, *, #1029, .T. ) ;
#574 = DIRECTION ( 'NONE',  ( 0.000000000000000000, 0.000000000000000000, 1.000000000000000000 ) ) ;
#575 = CARTESIAN_POINT ( 'NONE',  ( 423.9799999999999613, -125.1388816817957093, 1.500000000000000000 ) ) ;
#576 = EDGE_CURVE ( 'NONE', #504, #692, #853, .T. ) ;
#577 = CARTESIAN_POINT ( 'NONE',  ( 429.9799999999999613, 1.700000000000000178, -14.05000000000000071 ) ) ;
#578 = VERTEX_POINT ( 'NONE', #1324 ) ;
#579 = VECTOR ( 'NONE', #1312, 1000.000000000000000 ) ;
#580 = AXIS2_PLACEMENT_3D ( 'NONE', #1160, #798, #683 ) ;
#581 = VERTEX_POINT ( 'NONE', #1214 ) ;
#582 = CIRCLE ( 'NONE', #1458, 3.549999999999998490 ) ;
#583 = DIRECTION ( 'NONE',  ( 0.000000000000000000, 0.000000000000000000, 1.000000000000000000 ) ) ;
#584 = DIRECTION ( 'NONE',  ( 0.000000000000000000, 1.000000000000000000, 0.000000000000000000 ) ) ;
#585 = EDGE_CURVE ( 'NONE', #88, #498, #250, .T. ) ;
#586 = ADVANCED_FACE ( 'NONE', ( #986 ), #596, .F. ) ;
#587 = VERTEX_POINT ( 'NONE', #729 ) ;
#588 = EDGE_LOOP ( 'NONE', ( #1190, #1023 ) ) ;
#589 = DIRECTION ( 'NONE',  ( -0.000000000000000000, 1.000000000000000000, -0.000000000000000000 ) ) ;
#590 = DATE_TIME_ROLE ( 'classification_date' ) ;
#591 = DIRECTION ( 'NONE',  ( -1.000000000000000000, -0.000000000000000000, -0.000000000000000000 ) ) ;
#592 = CARTESIAN_POINT ( 'NONE',  ( 4.300000000000000711, -125.1388816817956808, 1.500000000000000000 ) ) ;
#593 = ORIENTED_EDGE ( 'NONE', *, *, #746, .F. ) ;
#594 = EDGE_CURVE ( 'NONE', #587, #1522, #128, .T. ) ;
#595 = ORIENTED_EDGE ( 'NONE', *, *, #658, .F. ) ;
#596 = CYLINDRICAL_SURFACE ( 'NONE', #793, 3.549999999999998490 ) ;
#597 = DIRECTION ( 'NONE',  ( -0.7071067811865510144, 0.7071067811865441310, 0.000000000000000000 ) ) ;
#598 = DIRECTION ( 'NONE',  ( 0.000000000000000000, -1.000000000000000000, 0.000000000000000000 ) ) ;
#599 = DIRECTION ( 'NONE',  ( -1.000000000000000000, 0.000000000000000000, 3.154042683594192162E-16 ) ) ;
#600 = ORIENTED_EDGE ( 'NONE', *, *, #3, .T. ) ;
#601 = ORIENTED_EDGE ( 'NONE', *, *, #64, .F. ) ;
#602 = DIRECTION ( 'NONE',  ( 0.7071067811865516806, 0.7071067811865434649, 0.000000000000000000 ) ) ;
#603 = EDGE_CURVE ( 'NONE', #1386, #952, #971, .T. ) ;
#604 = VECTOR ( 'NONE', #766, 1000.000000000000000 ) ;
#605 = VECTOR ( 'NONE', #395, 1000.000000000000000 ) ;
#606 = COORDINATED_UNIVERSAL_TIME_OFFSET ( 1, 0, .AHEAD. ) ;
#607 = CARTESIAN_POINT ( 'NONE',  ( 5.268950570473669437, -132.3303719267109670, 0.000000000000000000 ) ) ;
#608 = VECTOR ( 'NONE', #1191, 999.9999999999998863 ) ;
#609 = DIRECTION ( 'NONE',  ( 0.000000000000000000, 0.000000000000000000, 1.000000000000000000 ) ) ;
#610 = AXIS2_PLACEMENT_3D ( 'NONE', #110, #930, #957 ) ;
#611 = CARTESIAN_POINT ( 'NONE',  ( 429.9799999999999613, 1.700000000000000178, -14.05000000000000071 ) ) ;
#612 = ORIENTED_EDGE ( 'NONE', *, *, #247, .T. ) ;
#613 = VERTEX_POINT ( 'NONE', #735 ) ;
#614 = CARTESIAN_POINT ( 'NONE',  ( 15.03149024491531804, -127.9303719267109472, 1.500000000000000000 ) ) ;
#615 = COORDINATED_UNIVERSAL_TIME_OFFSET ( 1, 0, .AHEAD. ) ;
#616 = LINE ( 'NONE', #4, #510 ) ;
#617 = EDGE_CURVE ( 'NONE', #722, #521, #139, .T. ) ;
#618 = CARTESIAN_POINT ( 'NONE',  ( 40.26000000000001933, 1.700000000000000178, -12.79999999999999538 ) ) ;
#619 = FACE_OUTER_BOUND ( 'NONE', #1440, .T. ) ;
#620 = ORIENTED_EDGE ( 'NONE', *, *, #1425, .F. ) ;
#621 = ORIENTED_EDGE ( 'NONE', *, *, #677, .T. ) ;
#622 = CARTESIAN_POINT ( 'NONE',  ( 434.2226406871192808, -102.9620815280171087, -10.55000000000000782 ) ) ;
#623 = CALENDAR_DATE ( 2025, 8, 11 ) ;
#624 = FACE_OUTER_BOUND ( 'NONE', #44, .T. ) ;
#625 = CARTESIAN_POINT ( 'NONE',  ( 428.3799999999999955, -102.9620815280171087, -7.550000000000007816 ) ) ;
#626 = ADVANCED_FACE ( 'NONE', ( #22 ), #978, .F. ) ;
#627 = PRODUCT_RELATED_PRODUCT_CATEGORY ( 'detail', '', ( #98 ) ) ;
#628 = LINE ( 'NONE', #253, #1407 ) ;
#629 = ORIENTED_EDGE ( 'NONE', *, *, #1215, .T. ) ;
#630 = ORIENTED_EDGE ( 'NONE', *, *, #1313, .F. ) ;
#631 = CARTESIAN_POINT ( 'NONE',  ( 428.3799999999999955, -102.9620815280171087, -9.050000000000007816 ) ) ;
#632 = DIRECTION ( 'NONE',  ( 0.7071067811865469066, -0.7071067811865481278, 0.000000000000000000 ) ) ;
#633 = AXIS2_PLACEMENT_3D ( 'NONE', #804, #884, #290 ) ;
#634 = CIRCLE ( 'NONE', #1036, 1.499999999999999556 ) ;
#635 = CARTESIAN_POINT ( 'NONE',  ( 5.268950570473669437, -132.3303719267109670, -14.05000000000000071 ) ) ;
#636 = VECTOR ( 'NONE', #1290, 1000.000000000000000 ) ;
#637 = VECTOR ( 'NONE', #1048, 1000.000000000000000 ) ;
#638 = CARTESIAN_POINT ( 'NONE',  ( 429.9799999999999613, -127.6241630560342486, -14.05000000000000071 ) ) ;
#639 = EDGE_CURVE ( 'NONE', #429, #786, #861, .T. ) ;
#640 = ORIENTED_EDGE ( 'NONE', *, *, #1408, .F. ) ;
#641 = EDGE_CURVE ( 'NONE', #1287, #1475, #52, .T. ) ;
#642 = EDGE_LOOP ( 'NONE', ( #1030, #649, #794, #422, #1314, #1167, #1, #816, #499, #1495 ) ) ;
#643 = CARTESIAN_POINT ( 'NONE',  ( 423.9799999999999613, -4.299999999999999822, 1.500000000000000000 ) ) ;
#644 = ORIENTED_EDGE ( 'NONE', *, *, #1470, .F. ) ;
#645 = DIRECTION ( 'NONE',  ( 0.000000000000000000, 0.000000000000000000, 1.000000000000000000 ) ) ;
#646 = DIRECTION ( 'NONE',  ( -1.000000000000000000, 0.000000000000000000, 0.000000000000000000 ) ) ;
#647 = LINE ( 'NONE', #1021, #1265 ) ;
#648 = FACE_OUTER_BOUND ( 'NONE', #1375, .T. ) ;
#649 = ORIENTED_EDGE ( 'NONE', *, *, #378, .T. ) ;
#650 = FACE_OUTER_BOUND ( 'NONE', #1251, .T. ) ;
#651 = EDGE_CURVE ( 'NONE', #481, #1172, #558, .T. ) ;
#652 = ORIENTED_EDGE ( 'NONE', *, *, #1270, .T. ) ;
#653 = LINE ( 'NONE', #899, #1330 ) ;
#654 = DIRECTION ( 'NONE',  ( 0.000000000000000000, 0.000000000000000000, 1.000000000000000000 ) ) ;
#655 = CARTESIAN_POINT ( 'NONE',  ( 7.091490244915269692, -127.9303719267109472, 1.500000000000000000 ) ) ;
#656 = ORIENTED_EDGE ( 'NONE', *, *, #1350, .F. ) ;
#657 = DIRECTION ( 'NONE',  ( 0.000000000000000000, 0.000000000000000000, 1.000000000000000000 ) ) ;
#658 = EDGE_CURVE ( 'NONE', #312, #1010, #178, .T. ) ;
#659 = VERTEX_POINT ( 'NONE', #1490 ) ;
#660 = CARTESIAN_POINT ( 'NONE',  ( 4.300000000000000711, -125.1388816817956808, 0.000000000000000000 ) ) ;
#661 = LINE ( 'NONE', #302, #1009 ) ;
#662 = AXIS2_PLACEMENT_3D ( 'NONE', #1534, #1525, #943 ) ;
#663 = DIRECTION ( 'NONE',  ( 0.7071067811865516806, 0.7071067811865434649, 0.000000000000000000 ) ) ;
#664 = VECTOR ( 'NONE', #308, 1000.000000000000000 ) ;
#665 = AXIS2_PLACEMENT_3D ( 'NONE', #667, #300, #544 ) ;
#666 = ORIENTED_EDGE ( 'NONE', *, *, #700, .T. ) ;
#667 = CARTESIAN_POINT ( 'NONE',  ( 434.2226406871192808, -22.96208152801711933, -9.050000000000007816 ) ) ;
#668 = CARTESIAN_POINT ( 'NONE',  ( -0.1000000000000000056, 0.1000000000000000056, -14.05000000000000071 ) ) ;
#669 = CARTESIAN_POINT ( 'NONE',  ( 423.9799999999999613, -4.299999999999999822, 0.000000000000000000 ) ) ;
#670 = EDGE_CURVE ( 'NONE', #334, #364, #1368, .T. ) ;
#671 = CARTESIAN_POINT ( 'NONE',  ( 4.606208870676706368, -133.9303719267109614, 1.500000000000000000 ) ) ;
#672 = ORIENTED_EDGE ( 'NONE', *, *, #118, .T. ) ;
#673 = CARTESIAN_POINT ( 'NONE',  ( 4.300000000000000711, -125.1388816817956808, 1.500000000000000000 ) ) ;
#674 = DIRECTION ( 'NONE',  ( 0.000000000000000000, 0.000000000000000000, 1.000000000000000000 ) ) ;
#675 = CARTESIAN_POINT ( 'NONE',  ( 434.2226406871192808, -22.96208152801711933, -7.550000000000007816 ) ) ;
#676 = DIRECTION ( 'NONE',  ( 1.000000000000000000, 0.000000000000000000, 0.000000000000000000 ) ) ;
#677 = EDGE_CURVE ( 'NONE', #1129, #587, #187, .T. ) ;
#678 = CC_DESIGN_DATE_AND_TIME_ASSIGNMENT ( #15, #590, ( #939 ) ) ;
#679 = VERTEX_POINT ( 'NONE', #1347 ) ;
#680 = VERTEX_POINT ( 'NONE', #305 ) ;
#681 = DIRECTION ( 'NONE',  ( 0.7071067811865516806, 0.7071067811865434649, -0.000000000000000000 ) ) ;
#682 = CARTESIAN_POINT ( 'NONE',  ( 413.2485097550847399, -127.9303719267109472, 0.000000000000000000 ) ) ;
#683 = DIRECTION ( 'NONE',  ( -0.7071067811865474617, 0.7071067811865474617, 0.000000000000000000 ) ) ;
#684 = LINE ( 'NONE', #87, #1363 ) ;
#685 = CIRCLE ( 'NONE', #105, 1.499999999999999556 ) ;
#686 = VECTOR ( 'NONE', #645, 1000.000000000000000 ) ;
#687 = ADVANCED_FACE ( 'NONE', ( #1359 ), #886, .F. ) ;
#688 = ORIENTED_EDGE ( 'NONE', *, *, #1003, .T. ) ;
#689 = AXIS2_PLACEMENT_3D ( 'NONE', #121, #1076, #494 ) ;
#690 = EDGE_CURVE ( 'NONE', #475, #1054, #785, .T. ) ;
#691 = VECTOR ( 'NONE', #1028, 1000.000000000000000 ) ;
#692 = VERTEX_POINT ( 'NONE', #780 ) ;
#693 = CARTESIAN_POINT ( 'NONE',  ( 423.6737911293233196, -133.9303719267109614, -14.05000000000000071 ) ) ;
#694 = DIRECTION ( 'NONE',  ( 1.000000000000000000, 0.000000000000000000, 0.000000000000000000 ) ) ;
#695 = CARTESIAN_POINT ( 'NONE',  ( 4.299999999999999822, -4.299999999999999822, 1.500000000000000000 ) ) ;
#696 = CARTESIAN_POINT ( 'NONE',  ( 429.9799999999999613, 1.700000000000000178, 1.500000000000000000 ) ) ;
#697 = VERTEX_POINT ( 'NONE', #1008 ) ;
#698 = ORIENTED_EDGE ( 'NONE', *, *, #859, .F. ) ;
#699 = FACE_OUTER_BOUND ( 'NONE', #337, .T. ) ;
#700 = EDGE_CURVE ( 'NONE', #1094, #920, #60, .T. ) ;
#701 =( NAMED_UNIT ( * ) SI_UNIT ( $, .STERADIAN. ) SOLID_ANGLE_UNIT ( ) );
#702 = FACE_OUTER_BOUND ( 'NONE', #970, .T. ) ;
#703 = CARTESIAN_POINT ( 'NONE',  ( 410.8655599024860976, -130.3133217793096037, 1.500000000000000000 ) ) ;
#704 = ADVANCED_BREP_SHAPE_REPRESENTATION ( 'front', ( #174, #662 ), #1429 ) ;
#705 = PRODUCT_DEFINITION_SHAPE ( 'NONE', 'NONE',  #1334 ) ;
#706 = ORIENTED_EDGE ( 'NONE', *, *, #228, .F. ) ;
#707 = ORIENTED_EDGE ( 'NONE', *, *, #1154, .F. ) ;
#708 = EDGE_CURVE ( 'NONE', #613, #680, #281, .T. ) ;
#709 = MECHANICAL_CONTEXT ( 'NONE', #1355, 'mechanical' ) ;
#710 = FACE_OUTER_BOUND ( 'NONE', #1001, .T. ) ;
#711 = DIRECTION ( 'NONE',  ( 0.000000000000000000, 0.000000000000000000, 1.000000000000000000 ) ) ;
#712 = ORIENTED_EDGE ( 'NONE', *, *, #410, .F. ) ;
#713 = VECTOR ( 'NONE', #681, 1000.000000000000000 ) ;
#714 = EDGE_LOOP ( 'NONE', ( #1155, #1196, #407, #977 ) ) ;
#715 = DIRECTION ( 'NONE',  ( -1.000000000000000000, 0.000000000000000000, 0.000000000000000000 ) ) ;
#716 = AXIS2_PLACEMENT_3D ( 'NONE', #1102, #1339, #244 ) ;
#717 = FACE_BOUND ( 'NONE', #1323, .T. ) ;
#718 = DIRECTION ( 'NONE',  ( 0.000000000000000000, 0.000000000000000000, 1.000000000000000000 ) ) ;
#719 = LINE ( 'NONE', #1292, #215 ) ;
#720 = ADVANCED_FACE ( 'NONE', ( #1252 ), #1247, .T. ) ;
#721 = ORIENTED_EDGE ( 'NONE', *, *, #1366, .F. ) ;
#722 = VERTEX_POINT ( 'NONE', #45 ) ;
#723 = FACE_BOUND ( 'NONE', #1354, .T. ) ;
#724 = PLANE ( 'NONE',  #862 ) ;
#725 = PLANE ( 'NONE',  #1454 ) ;
#726 = ADVANCED_FACE ( 'NONE', ( #650 ), #898, .F. ) ;
#727 = ORIENTED_EDGE ( 'NONE', *, *, #91, .F. ) ;
#728 = VERTEX_POINT ( 'NONE', #1474 ) ;
#729 = CARTESIAN_POINT ( 'NONE',  ( 410.8655599024860976, -130.3133217793096037, 0.000000000000000000 ) ) ;
#730 = APPROVAL_DATE_TIME ( #1424, #1058 ) ;
#731 = DIRECTION ( 'NONE',  ( 0.7071067811865516806, 0.7071067811865434649, -0.000000000000000000 ) ) ;
#732 = DIRECTION ( 'NONE',  ( 0.000000000000000000, 0.000000000000000000, 1.000000000000000000 ) ) ;
#733 = ORIENTED_EDGE ( 'NONE', *, *, #1468, .F. ) ;
#734 = EDGE_LOOP ( 'NONE', ( #307, #1016, #363, #209 ) ) ;
#735 = CARTESIAN_POINT ( 'NONE',  ( 40.26000000000001933, 0.09999999999999939493, -5.699999999999999289 ) ) ;
#736 = AXIS2_PLACEMENT_3D ( 'NONE', #833, #214, #583 ) ;
#737 = EDGE_CURVE ( 'NONE', #1100, #243, #1134, .T. ) ;
#738 = CALENDAR_DATE ( 2025, 8, 11 ) ;
#739 = CARTESIAN_POINT ( 'NONE',  ( -1.700000000000000178, 1.700000000000000178, -14.05000000000000071 ) ) ;
#740 = VECTOR ( 'NONE', #1219, 1000.000000000000000 ) ;
#741 = LINE ( 'NONE', #1492, #914 ) ;
#742 = CARTESIAN_POINT ( 'NONE',  ( 12.54620887067673785, -133.9303719267109614, 1.500000000000000000 ) ) ;
#743 = ORIENTED_EDGE ( 'NONE', *, *, #391, .T. ) ;
#744 = ORIENTED_EDGE ( 'NONE', *, *, #495, .F. ) ;
#745 = CARTESIAN_POINT ( 'NONE',  ( 421.1885097550847377, -127.9303719267109472, 0.000000000000000000 ) ) ;
#746 = EDGE_CURVE ( 'NONE', #521, #969, #1092, .T. ) ;
#747 = DIRECTION ( 'NONE',  ( 1.000000000000000000, 0.000000000000000000, 0.000000000000000000 ) ) ;
#748 = PLANE ( 'NONE',  #1158 ) ;
#749 = DIRECTION ( 'NONE',  ( 1.000000000000000000, 0.000000000000000000, 0.000000000000000000 ) ) ;
#750 = VERTEX_POINT ( 'NONE', #403 ) ;
#751 = EDGE_LOOP ( 'NONE', ( #442, #1150, #1459, #1046 ) ) ;
#752 = DIRECTION ( 'NONE',  ( 0.7071067811865483499, -0.7071067811865467956, 0.000000000000000000 ) ) ;
#753 = PERSON_AND_ORGANIZATION ( #18446744073709551615, #817 ) ;
#754 = DIRECTION ( 'NONE',  ( 1.000000000000000000, 0.000000000000000000, 0.000000000000000000 ) ) ;
#755 = ADVANCED_FACE ( 'NONE', ( #1445, #370, #394 ), #491, .T. ) ;
#756 = CARTESIAN_POINT ( 'NONE',  ( 429.9799999999999613, -127.6241630560342486, -14.05000000000000071 ) ) ;
#757 = EDGE_CURVE ( 'NONE', #475, #299, #1208, .T. ) ;
#758 = DIRECTION ( 'NONE',  ( -0.000000000000000000, 0.000000000000000000, -1.000000000000000000 ) ) ;
#759 = ORIENTED_EDGE ( 'NONE', *, *, #369, .F. ) ;
#760 = ORIENTED_EDGE ( 'NONE', *, *, #1042, .T. ) ;
#761 = CARTESIAN_POINT ( 'NONE',  ( 40.26000000000001933, -14.36271067262288881, -9.249999999999998224 ) ) ;
#762 = ORIENTED_EDGE ( 'NONE', *, *, #1446, .F. ) ;
#763 = LINE ( 'NONE', #367, #81 ) ;
#764 = VECTOR ( 'NONE', #54, 1000.000000000000114 ) ;
#765 = CC_DESIGN_APPROVAL ( #1058, ( #1334 ) ) ;
#766 = DIRECTION ( 'NONE',  ( -0.000000000000000000, -0.000000000000000000, -1.000000000000000000 ) ) ;
#767 = AXIS2_PLACEMENT_3D ( 'NONE', #423, #904, #1120 ) ;
#768 = VECTOR ( 'NONE', #1493, 1000.000000000000000 ) ;
#769 = CARTESIAN_POINT ( 'NONE',  ( 429.9799999999999613, -102.9620815280171087, -7.550000000000007816 ) ) ;
#770 = EDGE_CURVE ( 'NONE', #74, #1221, #1227, .T. ) ;
#771 = FACE_OUTER_BOUND ( 'NONE', #473, .T. ) ;
#772 = ORIENTED_EDGE ( 'NONE', *, *, #34, .T. ) ;
#773 = CARTESIAN_POINT ( 'NONE',  ( 40.26000000000001933, -14.36271067262288881, -5.700000000000000178 ) ) ;
#774 = ORIENTED_EDGE ( 'NONE', *, *, #919, .F. ) ;
#775 = DIRECTION ( 'NONE',  ( -0.000000000000000000, -0.000000000000000000, -1.000000000000000000 ) ) ;
#776 = DIRECTION ( 'NONE',  ( -1.000000000000000000, 0.000000000000000000, 0.000000000000000000 ) ) ;
#777 = LINE ( 'NONE', #1141, #85 ) ;
#778 = EDGE_CURVE ( 'NONE', #942, #1068, #1529, .T. ) ;
#779 = VERTEX_POINT ( 'NONE', #42 ) ;
#780 = CARTESIAN_POINT ( 'NONE',  ( 412.6880995769276410, -134.7133217793096094, -14.05000000000000071 ) ) ;
#781 = ORIENTED_EDGE ( 'NONE', *, *, #778, .F. ) ;
#782 = CARTESIAN_POINT ( 'NONE',  ( -0.1000000000000000056, 0.1000000000000000056, -14.05000000000000071 ) ) ;
#783 = LINE ( 'NONE', #176, #1286 ) ;
#784 = ORIENTED_EDGE ( 'NONE', *, *, #3, .F. ) ;
#785 = LINE ( 'NONE', #165, #961 ) ;
#786 = VERTEX_POINT ( 'NONE', #19 ) ;
#787 = LINE ( 'NONE', #668, #238 ) ;
#788 = ADVANCED_FACE ( 'NONE', ( #287 ), #1099, .F. ) ;
#789 = CARTESIAN_POINT ( 'NONE',  ( 4.299999999999999822, -4.299999999999999822, 0.000000000000000000 ) ) ;
#790 = AXIS2_PLACEMENT_3D ( 'NONE', #197, #402, #419 ) ;
#791 = DIRECTION ( 'NONE',  ( 0.7071067811865476838, -0.7071067811865474617, 0.000000000000000000 ) ) ;
#792 = AXIS2_PLACEMENT_3D ( 'NONE', #513, #913, #994 ) ;
#793 = AXIS2_PLACEMENT_3D ( 'NONE', #2, #365, #1333 ) ;
#794 = ORIENTED_EDGE ( 'NONE', *, *, #910, .T. ) ;
#795 = ORIENTED_EDGE ( 'NONE', *, *, #1400, .T. ) ;
#796 = ADVANCED_FACE ( 'NONE', ( #619 ), #26, .F. ) ;
#797 = LINE ( 'NONE', #782, #357 ) ;
#798 = DIRECTION ( 'NONE',  ( 0.7071067811865475727, 0.7071067811865475727, -0.000000000000000000 ) ) ;
#799 = DIRECTION ( 'NONE',  ( 0.7071067811865474617, -0.7071067811865474617, 0.000000000000000000 ) ) ;
#800 = ORIENTED_EDGE ( 'NONE', *, *, #1067, .T. ) ;
#801 = ORIENTED_EDGE ( 'NONE', *, *, #1476, .F. ) ;
#802 = CARTESIAN_POINT ( 'NONE',  ( 428.3799999999999955, 0.1000000000000000056, 0.000000000000000000 ) ) ;
#803 = CARTESIAN_POINT ( 'NONE',  ( -1.700000000000000178, -127.6241630560342486, -14.05000000000000071 ) ) ;
#804 = CARTESIAN_POINT ( 'NONE',  ( 429.9799999999999613, -102.9620815280171087, -9.050000000000007816 ) ) ;
#805 = ADVANCED_FACE ( 'NONE', ( #264 ), #1000, .F. ) ;
#806 = CARTESIAN_POINT ( 'NONE',  ( 429.9799999999999613, -22.96208152801711933, -9.050000000000007816 ) ) ;
#807 = EDGE_CURVE ( 'NONE', #1421, #325, #189, .T. ) ;
#808 = ORIENTED_EDGE ( 'NONE', *, *, #1147, .T. ) ;
#809 = ORIENTED_EDGE ( 'NONE', *, *, #850, .F. ) ;
#810 = CARTESIAN_POINT ( 'NONE',  ( 428.3799999999999955, 0.1000000000000000056, -14.05000000000000071 ) ) ;
#811 = DIRECTION ( 'NONE',  ( -1.000000000000000000, -0.000000000000000000, -0.000000000000000000 ) ) ;
#812 = CARTESIAN_POINT ( 'NONE',  ( -1.700000000000000178, -127.6241630560342486, 1.500000000000000000 ) ) ;
#813 = VECTOR ( 'NONE', #192, 1000.000000000000114 ) ;
#814 = AXIS2_PLACEMENT_3D ( 'NONE', #471, #591, #464 ) ;
#815 = EDGE_CURVE ( 'NONE', #1278, #312, #124, .T. ) ;
#816 = ORIENTED_EDGE ( 'NONE', *, *, #603, .T. ) ;
#817 = AXIS2_PLACEMENT_3D ( 'NONE', #611, #158, #758 ) ;
#818 = AXIS2_PLACEMENT_3D ( 'NONE', #434, #71, #1250 ) ;
#819 = EDGE_LOOP ( 'NONE', ( #515, #95 ) ) ;
#820 = CARTESIAN_POINT ( 'NONE',  ( 428.3799999999999955, -102.9620815280171087, -10.55000000000000782 ) ) ;
#821 = CARTESIAN_POINT ( 'NONE',  ( 434.2226406871192808, -22.96208152801711933, -9.050000000000007816 ) ) ;
#822 = DIRECTION ( 'NONE',  ( 1.000000000000000000, -0.000000000000000000, -3.154042683594192162E-16 ) ) ;
#823 = ORIENTED_EDGE ( 'NONE', *, *, #37, .F. ) ;
#824 = EDGE_CURVE ( 'NONE', #1386, #962, #883, .T. ) ;
#825 = ORIENTED_EDGE ( 'NONE', *, *, #350, .F. ) ;
#826 = PLANE ( 'NONE',  #1114 ) ;
#827 = DIRECTION ( 'NONE',  ( -1.000000000000000000, -0.000000000000000000, -0.000000000000000000 ) ) ;
#828 = FACE_OUTER_BOUND ( 'NONE', #185, .T. ) ;
#829 = CARTESIAN_POINT ( 'NONE',  ( 412.6880995769276410, -134.7133217793096094, -14.05000000000000071 ) ) ;
#830 = ORIENTED_EDGE ( 'NONE', *, *, #239, .T. ) ;
#831 = ORIENTED_EDGE ( 'NONE', *, *, #842, .T. ) ;
#832 = CARTESIAN_POINT ( 'NONE',  ( 45.76000000000001933, 1.700000000000000178, -5.700000000000001954 ) ) ;
#833 = CARTESIAN_POINT ( 'NONE',  ( 434.2226406871192808, -102.9620815280171087, -9.050000000000007816 ) ) ;
#834 = FACE_OUTER_BOUND ( 'NONE', #20, .T. ) ;
#835 = EDGE_LOOP ( 'NONE', ( #202, #1455, #1173, #1258 ) ) ;
#836 = CIRCLE ( 'NONE', #1358, 1.499999999999999556 ) ;
#837 = VECTOR ( 'NONE', #609, 1000.000000000000000 ) ;
#838 = AXIS2_PLACEMENT_3D ( 'NONE', #1517, #715, #115 ) ;
#839 = ORIENTED_EDGE ( 'NONE', *, *, #1520, .T. ) ;
#840 = CARTESIAN_POINT ( 'NONE',  ( 421.1885097550847377, -127.9303719267109472, 1.500000000000000000 ) ) ;
#841 = DIRECTION ( 'NONE',  ( 0.000000000000000000, 1.000000000000000000, 0.000000000000000000 ) ) ;
#842 = EDGE_CURVE ( 'NONE', #343, #1094, #271, .T. ) ;
#843 = CARTESIAN_POINT ( 'NONE',  ( 413.3508412767246227, -136.3133217793096037, -14.05000000000000071 ) ) ;
#844 = ORIENTED_EDGE ( 'NONE', *, *, #1288, .T. ) ;
#845 = EDGE_LOOP ( 'NONE', ( #1394, #248, #1024, #852 ) ) ;
#846 = DIRECTION ( 'NONE',  ( 0.000000000000000000, 0.000000000000000000, -1.000000000000000000 ) ) ;
#847 = DIRECTION ( 'NONE',  ( 0.7071067811865474617, 0.7071067811865474617, -0.000000000000000000 ) ) ;
#848 = LINE ( 'NONE', #1437, #938 ) ;
#849 = CARTESIAN_POINT ( 'NONE',  ( 45.76000000000001933, -14.36271067262288881, -12.79999999999999893 ) ) ;
#850 = EDGE_CURVE ( 'NONE', #504, #172, #152, .T. ) ;
#851 = ORIENTED_EDGE ( 'NONE', *, *, #360, .F. ) ;
#852 = ORIENTED_EDGE ( 'NONE', *, *, #1074, .T. ) ;
#853 = LINE ( 'NONE', #39, #1013 ) ;
#854 = APPROVAL_ROLE ( '' ) ;
#855 = DIRECTION ( 'NONE',  ( 0.7071067811865516806, 0.7071067811865434649, 0.000000000000000000 ) ) ;
#856 = CARTESIAN_POINT ( 'NONE',  ( 429.9799999999999613, -127.6241630560342486, 1.500000000000000000 ) ) ;
#857 = DIRECTION ( 'NONE',  ( 0.000000000000000000, 0.000000000000000000, 1.000000000000000000 ) ) ;
#858 = ORIENTED_EDGE ( 'NONE', *, *, #398, .F. ) ;
#859 = EDGE_CURVE ( 'NONE', #1401, #920, #968, .T. ) ;
#860 = EDGE_LOOP ( 'NONE', ( #153, #415, #927, #1480, #256, #1543, #640, #1537, #467, #567 ) ) ;
#861 = LINE ( 'NONE', #745, #1038 ) ;
#862 = AXIS2_PLACEMENT_3D ( 'NONE', #1182, #584, #1065 ) ;
#863 = DIRECTION ( 'NONE',  ( -0.000000000000000000, 1.000000000000000000, -0.000000000000000000 ) ) ;
#864 = VECTOR ( 'NONE', #1222, 1000.000000000000000 ) ;
#865 = CARTESIAN_POINT ( 'NONE',  ( 429.9799999999999613, -127.6241630560342486, 1.500000000000000000 ) ) ;
#866 = CARTESIAN_POINT ( 'NONE',  ( 434.2226406871192808, -22.96208152801711933, -9.050000000000007816 ) ) ;
#867 = CARTESIAN_POINT ( 'NONE',  ( 40.26000000000001933, 0.09999999999999939493, -9.249999999999998224 ) ) ;
#868 = ORIENTED_EDGE ( 'NONE', *, *, #1415, .T. ) ;
#869 = CARTESIAN_POINT ( 'NONE',  ( -0.1000000000000000056, 0.1000000000000000056, -14.05000000000000071 ) ) ;
#870 = EDGE_CURVE ( 'NONE', #879, #722, #628, .T. ) ;
#871 = APPROVAL_DATE_TIME ( #1078, #193 ) ;
#872 = CARTESIAN_POINT ( 'NONE',  ( -0.1000000000000000056, -126.9614213562372811, -14.05000000000000071 ) ) ;
#873 = ADVANCED_FACE ( 'NONE', ( #1106 ), #1327, .T. ) ;
#874 = DIRECTION ( 'NONE',  ( 0.000000000000000000, -0.000000000000000000, -1.000000000000000000 ) ) ;
#875 = DIRECTION ( 'NONE',  ( 0.000000000000000000, 0.000000000000000000, -1.000000000000000000 ) ) ;
#876 = ORIENTED_EDGE ( 'NONE', *, *, #126, .T. ) ;
#877 = ORIENTED_EDGE ( 'NONE', *, *, #285, .F. ) ;
#878 = PLANE ( 'NONE',  #716 ) ;
#879 = VERTEX_POINT ( 'NONE', #655 ) ;
#880 = CARTESIAN_POINT ( 'NONE',  ( 421.1885097550847377, -127.9303719267109472, 1.500000000000000000 ) ) ;
#881 = EDGE_CURVE ( 'NONE', #1129, #433, #647, .T. ) ;
#882 = LINE ( 'NONE', #1256, #1280 ) ;
#883 = LINE ( 'NONE', #497, #536 ) ;
#884 = DIRECTION ( 'NONE',  ( -1.000000000000000000, -0.000000000000000000, 0.000000000000000000 ) ) ;
#885 = VERTEX_POINT ( 'NONE', #1124 ) ;
#886 = CYLINDRICAL_SURFACE ( 'NONE', #665, 1.499999999999999556 ) ;
#887 = VECTOR ( 'NONE', #432, 1000.000000000000000 ) ;
#888 = ORIENTED_EDGE ( 'NONE', *, *, #356, .T. ) ;
#889 = LINE ( 'NONE', #1362, #764 ) ;
#890 = VECTOR ( 'NONE', #320, 1000.000000000000000 ) ;
#891 = CC_DESIGN_APPROVAL ( #193, ( #939 ) ) ;
#892 = DIRECTION ( 'NONE',  ( 0.000000000000000000, -1.000000000000000000, 0.000000000000000000 ) ) ;
#893 = VECTOR ( 'NONE', #1467, 1000.000000000000000 ) ;
#894 = EDGE_CURVE ( 'NONE', #89, #1357, #582, .T. ) ;
#895 = VECTOR ( 'NONE', #94, 1000.000000000000000 ) ;
#896 = CARTESIAN_POINT ( 'NONE',  ( -0.1000000000000000056, 0.1000000000000000056, -14.05000000000000071 ) ) ;
#897 = ORIENTED_EDGE ( 'NONE', *, *, #181, .T. ) ;
#898 = CYLINDRICAL_SURFACE ( 'NONE', #462, 3.549999999999998490 ) ;
#899 = CARTESIAN_POINT ( 'NONE',  ( 412.6880995769276410, -134.7133217793096094, 0.000000000000000000 ) ) ;
#900 = CARTESIAN_POINT ( 'NONE',  ( 4.606208870676706368, -133.9303719267109614, 1.500000000000000000 ) ) ;
#901 = CARTESIAN_POINT ( 'NONE',  ( 415.0710494295263402, -132.3303719267109670, 0.000000000000000000 ) ) ;
#902 = EDGE_CURVE ( 'NONE', #722, #405, #310, .T. ) ;
#903 = VERTEX_POINT ( 'NONE', #1506 ) ;
#904 = DIRECTION ( 'NONE',  ( 1.000000000000000000, 0.000000000000000000, -0.000000000000000000 ) ) ;
#905 = ORIENTED_EDGE ( 'NONE', *, *, #1425, .T. ) ;
#906 = CARTESIAN_POINT ( 'NONE',  ( -0.1000000000000000056, 0.1000000000000000056, -14.05000000000000071 ) ) ;
#907 = CARTESIAN_POINT ( 'NONE',  ( -0.1000000000000000056, -126.9614213562372811, -14.05000000000000071 ) ) ;
#908 = CARTESIAN_POINT ( 'NONE',  ( -1.700000000000000178, -127.6241630560342486, -14.05000000000000071 ) ) ;
#909 = ORIENTED_EDGE ( 'NONE', *, *, #247, .F. ) ;
#910 = EDGE_CURVE ( 'NONE', #1401, #440, #783, .T. ) ;
#911 = ORIENTED_EDGE ( 'NONE', *, *, #315, .F. ) ;
#912 = LINE ( 'NONE', #408, #1082 ) ;
#913 = DIRECTION ( 'NONE',  ( 0.000000000000000000, 1.000000000000000000, 0.000000000000000000 ) ) ;
#914 = VECTOR ( 'NONE', #1382, 1000.000000000000000 ) ;
#915 = CARTESIAN_POINT ( 'NONE',  ( 413.3508412767246227, -136.3133217793096037, 1.500000000000000000 ) ) ;
#916 = VECTOR ( 'NONE', #1297, 1000.000000000000000 ) ;
#917 = VECTOR ( 'NONE', #67, 1000.000000000000000 ) ;
#918 = ORIENTED_EDGE ( 'NONE', *, *, #954, .F. ) ;
#919 = EDGE_CURVE ( 'NONE', #1348, #1278, #1365, .T. ) ;
#920 = VERTEX_POINT ( 'NONE', #169 ) ;
#921 = CARTESIAN_POINT ( 'NONE',  ( 45.76000000000001933, -14.36271067262288881, -5.700000000000001954 ) ) ;
#922 = PERSON_AND_ORGANIZATION ( #18446744073709551615, #817 ) ;
#923 = ADVANCED_FACE ( 'NONE', ( #183 ), #49, .T. ) ;
#924 = ORIENTED_EDGE ( 'NONE', *, *, #807, .F. ) ;
#925 = CARTESIAN_POINT ( 'NONE',  ( 45.76000000000001933, -14.36271067262288881, -5.700000000000001954 ) ) ;
#926 = ORIENTED_EDGE ( 'NONE', *, *, #824, .T. ) ;
#927 = ORIENTED_EDGE ( 'NONE', *, *, #141, .F. ) ;
#928 = CARTESIAN_POINT ( 'NONE',  ( -1.700000000000000178, 1.700000000000000178, -14.05000000000000071 ) ) ;
#929 = EDGE_CURVE ( 'NONE', #1357, #451, #1488, .T. ) ;
#930 = DIRECTION ( 'NONE',  ( 0.000000000000000000, -1.000000000000000000, 0.000000000000000000 ) ) ;
#931 = ORIENTED_EDGE ( 'NONE', *, *, #670, .F. ) ;
#932 = ORIENTED_EDGE ( 'NONE', *, *, #541, .T. ) ;
#933 = DIRECTION ( 'NONE',  ( 0.000000000000000000, -0.000000000000000000, -1.000000000000000000 ) ) ;
#934 = FACE_OUTER_BOUND ( 'NONE', #1499, .T. ) ;
#935 = CARTESIAN_POINT ( 'NONE',  ( 45.76000000000001933, 0.09999999999999939493, -12.79999999999999893 ) ) ;
#936 = PLANE ( 'NONE',  #12 ) ;
#937 = EDGE_CURVE ( 'NONE', #1522, #429, #420, .T. ) ;
#938 = VECTOR ( 'NONE', #731, 1000.000000000000000 ) ;
#939 = SECURITY_CLASSIFICATION ( '', '', #979 ) ;
#940 = ORIENTED_EDGE ( 'NONE', *, *, #1366, .T. ) ;
#941 = VECTOR ( 'NONE', #1438, 1000.000000000000000 ) ;
#942 = VERTEX_POINT ( 'NONE', #769 ) ;
#943 = DIRECTION ( 'NONE',  ( 1.000000000000000000, 0.000000000000000000, 0.000000000000000000 ) ) ;
#944 = LINE ( 'NONE', #950, #186 ) ;
#945 = FACE_OUTER_BOUND ( 'NONE', #1109, .T. ) ;
#946 = VERTEX_POINT ( 'NONE', #411 ) ;
#947 = CC_DESIGN_PERSON_AND_ORGANIZATION_ASSIGNMENT ( #485, #989, ( #82 ) ) ;
#948 = EDGE_LOOP ( 'NONE', ( #1367, #225 ) ) ;
#949 = DIRECTION ( 'NONE',  ( -0.000000000000000000, 0.000000000000000000, -1.000000000000000000 ) ) ;
#950 = CARTESIAN_POINT ( 'NONE',  ( 423.9799999999999613, -125.1388816817957093, 0.000000000000000000 ) ) ;
#951 = DIRECTION ( 'NONE',  ( -1.000000000000000000, 0.000000000000000000, 0.000000000000000000 ) ) ;
#952 = VERTEX_POINT ( 'NONE', #1478 ) ;
#953 = ORIENTED_EDGE ( 'NONE', *, *, #617, .F. ) ;
#954 = EDGE_CURVE ( 'NONE', #879, #1062, #777, .T. ) ;
#955 = PERSON_AND_ORGANIZATION_ROLE ( 'classification_officer' ) ;
#956 = CARTESIAN_POINT ( 'NONE',  ( 421.1885097550847377, -127.9303719267109472, 1.500000000000000000 ) ) ;
#957 = DIRECTION ( 'NONE',  ( 0.000000000000000000, -0.000000000000000000, -1.000000000000000000 ) ) ;
#958 = ORIENTED_EDGE ( 'NONE', *, *, #1074, .F. ) ;
#959 = AXIS2_PLACEMENT_3D ( 'NONE', #872, #31, #632 ) ;
#960 = APPROVAL_PERSON_ORGANIZATION ( #30, #1128, #382 ) ;
#961 = VECTOR ( 'NONE', #294, 1000.000000000000000 ) ;
#962 = VERTEX_POINT ( 'NONE', #901 ) ;
#963 = DIRECTION ( 'NONE',  ( -1.000000000000000000, 0.000000000000000000, 0.000000000000000000 ) ) ;
#964 = AXIS2_PLACEMENT_3D ( 'NONE', #472, #565, #1298 ) ;
#965 = CARTESIAN_POINT ( 'NONE',  ( 428.3799999999999955, -22.96208152801711933, -9.050000000000007816 ) ) ;
#966 = ADVANCED_FACE ( 'NONE', ( #1037 ), #1371, .T. ) ;
#967 = CARTESIAN_POINT ( 'NONE',  ( 45.76000000000001933, 0.09999999999999939493, -5.700000000000001954 ) ) ;
#968 = LINE ( 'NONE', #1336, #941 ) ;
#969 = VERTEX_POINT ( 'NONE', #1006 ) ;
#970 = EDGE_LOOP ( 'NONE', ( #11, #1228, #1322, #672 ) ) ;
#971 = LINE ( 'NONE', #1441, #413 ) ;
#972 = CARTESIAN_POINT ( 'NONE',  ( 0.000000000000000000, 0.000000000000000000, -14.05000000000000071 ) ) ;
#973 = CARTESIAN_POINT ( 'NONE',  ( -0.09999999999998898659, -102.9620815280171087, -7.550000000000007816 ) ) ;
#974 = ADVANCED_FACE ( 'NONE', ( #1498, #65 ), #542, .F. ) ;
#975 = CARTESIAN_POINT ( 'NONE',  ( -0.09999999999998898659, -22.96208152801711933, -9.050000000000007816 ) ) ;
#976 = EDGE_LOOP ( 'NONE', ( #830, #706, #28, #388 ) ) ;
#977 = ORIENTED_EDGE ( 'NONE', *, *, #1118, .T. ) ;
#978 = PLANE ( 'NONE',  #111 ) ;
#979 = SECURITY_CLASSIFICATION_LEVEL ( 'unclassified' ) ;
#980 = DIRECTION ( 'NONE',  ( 1.000000000000000000, 0.000000000000000000, 0.000000000000000000 ) ) ;
#981 = DIRECTION ( 'NONE',  ( 0.000000000000000000, 0.000000000000000000, 1.000000000000000000 ) ) ;
#982 = CARTESIAN_POINT ( 'NONE',  ( -0.1000000000000000056, 0.1000000000000000056, 0.000000000000000000 ) ) ;
#983 = EDGE_CURVE ( 'NONE', #962, #1179, #77, .T. ) ;
#984 = ORIENTED_EDGE ( 'NONE', *, *, #141, .T. ) ;
#985 = VERTEX_POINT ( 'NONE', #896 ) ;
#986 = FACE_OUTER_BOUND ( 'NONE', #68, .T. ) ;
#987 = VECTOR ( 'NONE', #1418, 1000.000000000000114 ) ;
#988 = VECTOR ( 'NONE', #855, 1000.000000000000000 ) ;
#989 = PERSON_AND_ORGANIZATION_ROLE ( 'creator' ) ;
#990 = PLANE ( 'NONE',  #1035 ) ;
#991 = VECTOR ( 'NONE', #589, 1000.000000000000000 ) ;
#992 = CARTESIAN_POINT ( 'NONE',  ( 4.299999999999999822, -4.299999999999999822, 1.500000000000000000 ) ) ;
#993 = DIRECTION ( 'NONE',  ( -1.000000000000000000, 0.000000000000000000, 0.000000000000000000 ) ) ;
#994 = DIRECTION ( 'NONE',  ( 0.000000000000000000, -0.000000000000000000, 1.000000000000000000 ) ) ;
#995 = EDGE_LOOP ( 'NONE', ( #1246, #958, #114, #249 ) ) ;
#996 = FACE_BOUND ( 'NONE', #819, .T. ) ;
#997 = ADVANCED_FACE ( 'NONE', ( #427 ), #200, .T. ) ;
#998 = LINE ( 'NONE', #739, #686 ) ;
#999 = DIRECTION ( 'NONE',  ( 1.000000000000000000, 0.000000000000000000, 0.000000000000000000 ) ) ;
#1000 = CYLINDRICAL_SURFACE ( 'NONE', #1212, 1.499999999999999556 ) ;
#1001 = EDGE_LOOP ( 'NONE', ( #1422, #1234, #573, #1531 ) ) ;
#1002 = DIRECTION ( 'NONE',  ( -0.000000000000000000, -0.000000000000000000, -1.000000000000000000 ) ) ;
#1003 = EDGE_CURVE ( 'NONE', #379, #89, #297, .T. ) ;
#1004 = ORIENTED_EDGE ( 'NONE', *, *, #1215, .F. ) ;
#1005 = CARTESIAN_POINT ( 'NONE',  ( 429.9799999999999613, -22.96208152801711933, -7.550000000000007816 ) ) ;
#1006 = CARTESIAN_POINT ( 'NONE',  ( 17.41444009751397104, -130.3133217793096037, 0.000000000000000000 ) ) ;
#1007 = ORIENTED_EDGE ( 'NONE', *, *, #239, .F. ) ;
#1008 = CARTESIAN_POINT ( 'NONE',  ( 13.20895057047370180, -132.3303719267109670, 0.000000000000000000 ) ) ;
#1009 = VECTOR ( 'NONE', #674, 1000.000000000000000 ) ;
#1010 = VERTEX_POINT ( 'NONE', #915 ) ;
#1011 = AXIS2_PLACEMENT_3D ( 'NONE', #956, #597, #1404 ) ;
#1012 = CARTESIAN_POINT ( 'NONE',  ( -0.09999999999998898659, -22.96208152801711933, -9.050000000000007816 ) ) ;
#1013 = VECTOR ( 'NONE', #516, 1000.000000000000000 ) ;
#1014 = ADVANCED_FACE ( 'NONE', ( #1385 ), #1271, .F. ) ;
#1015 = DIRECTION ( 'NONE',  ( -0.000000000000000000, -1.000000000000000000, -0.000000000000000000 ) ) ;
#1016 = ORIENTED_EDGE ( 'NONE', *, *, #1022, .T. ) ;
#1017 = CARTESIAN_POINT ( 'NONE',  ( 14.92915872327539262, -136.3133217793096037, 1.500000000000000000 ) ) ;
#1018 = EDGE_LOOP ( 'NONE', ( #825, #1523, #51, #265 ) ) ;
#1019 = DIRECTION ( 'NONE',  ( 3.154042683594192162E-16, 0.000000000000000000, 1.000000000000000000 ) ) ;
#1020 = DIRECTION ( 'NONE',  ( 0.7071067811865469066, -0.7071067811865482389, 0.000000000000000000 ) ) ;
#1021 = CARTESIAN_POINT ( 'NONE',  ( 410.8655599024860976, -130.3133217793096037, 1.500000000000000000 ) ) ;
#1022 = EDGE_CURVE ( 'NONE', #325, #329, #1304, .T. ) ;
#1023 = ORIENTED_EDGE ( 'NONE', *, *, #46, .T. ) ;
#1024 = ORIENTED_EDGE ( 'NONE', *, *, #1260, .F. ) ;
#1025 = CARTESIAN_POINT ( 'NONE',  ( 40.26000000000001933, 1.700000000000000178, -9.249999999999998224 ) ) ;
#1026 = LINE ( 'NONE', #1131, #887 ) ;
#1027 = DIRECTION ( 'NONE',  ( -0.000000000000000000, 1.000000000000000000, -0.000000000000000000 ) ) ;
#1028 = DIRECTION ( 'NONE',  ( -0.000000000000000000, 1.000000000000000000, -0.000000000000000000 ) ) ;
#1029 = EDGE_CURVE ( 'NONE', #433, #242, #1528, .T. ) ;
#1030 = ORIENTED_EDGE ( 'NONE', *, *, #1380, .T. ) ;
#1031 = EDGE_CURVE ( 'NONE', #903, #946, #719, .T. ) ;
#1032 = VERTEX_POINT ( 'NONE', #577 ) ;
#1033 = CYLINDRICAL_SURFACE ( 'NONE', #736, 1.499999999999999556 ) ;
#1034 = ORIENTED_EDGE ( 'NONE', *, *, #477, .T. ) ;
#1035 = AXIS2_PLACEMENT_3D ( 'NONE', #972, #400, #747 ) ;
#1036 = AXIS2_PLACEMENT_3D ( 'NONE', #806, #1066, #102 ) ;
#1037 = FACE_OUTER_BOUND ( 'NONE', #714, .T. ) ;
#1038 = VECTOR ( 'NONE', #1460, 999.9999999999998863 ) ;
#1039 = AXIS2_PLACEMENT_3D ( 'NONE', #908, #1377, #791 ) ;
#1040 = EDGE_LOOP ( 'NONE', ( #1197, #924, #772, #301 ) ) ;
#1041 = EDGE_LOOP ( 'NONE', ( #138, #1329, #38, #437 ) ) ;
#1042 = EDGE_CURVE ( 'NONE', #697, #172, #1184, .T. ) ;
#1043 = DIRECTION ( 'NONE',  ( 0.000000000000000000, -0.000000000000000000, -1.000000000000000000 ) ) ;
#1044 = ORIENTED_EDGE ( 'NONE', *, *, #1203, .T. ) ;
#1045 = LINE ( 'NONE', #450, #1088 ) ;
#1046 = ORIENTED_EDGE ( 'NONE', *, *, #150, .F. ) ;
#1047 = ORIENTED_EDGE ( 'NONE', *, *, #690, .T. ) ;
#1048 = DIRECTION ( 'NONE',  ( 0.7071067811865516806, 0.7071067811865434649, -0.000000000000000000 ) ) ;
#1049 = ADVANCED_FACE ( 'NONE', ( #117 ), #240, .T. ) ;
#1050 = CARTESIAN_POINT ( 'NONE',  ( 429.9799999999999613, -127.6241630560342486, -14.05000000000000071 ) ) ;
#1051 = CARTESIAN_POINT ( 'NONE',  ( -1.700000000000000178, 1.700000000000000178, -14.05000000000000071 ) ) ;
#1052 = LINE ( 'NONE', #812, #490 ) ;
#1053 = VERTEX_POINT ( 'NONE', #347 ) ;
#1054 = VERTEX_POINT ( 'NONE', #456 ) ;
#1055 = DIRECTION ( 'NONE',  ( -1.000000000000000000, -0.000000000000000000, -0.000000000000000000 ) ) ;
#1056 = CARTESIAN_POINT ( 'NONE',  ( 4.606208870676706368, -133.9303719267109614, -14.05000000000000071 ) ) ;
#1057 = LOCAL_TIME ( 19, 24, 37.00000000000000000, #1310 ) ;
#1058 = APPROVAL ( #1461, 'Sjednocen√' ) ;
#1059 = VECTOR ( 'NONE', #275, 1000.000000000000000 ) ;
#1060 = ORIENTED_EDGE ( 'NONE', *, *, #1520, .F. ) ;
#1061 = AXIS2_PLACEMENT_3D ( 'NONE', #975, #1081, #136 ) ;
#1062 = VERTEX_POINT ( 'NONE', #571 ) ;
#1063 = DIRECTION ( 'NONE',  ( 0.7071067811865474617, -0.7071067811865474617, 0.000000000000000000 ) ) ;
#1064 =( NAMED_UNIT ( * ) PLANE_ANGLE_UNIT ( ) SI_UNIT ( $, .RADIAN. ) );
#1065 = DIRECTION ( 'NONE',  ( 0.000000000000000000, -0.000000000000000000, 1.000000000000000000 ) ) ;
#1066 = DIRECTION ( 'NONE',  ( -1.000000000000000000, -0.000000000000000000, 0.000000000000000000 ) ) ;
#1067 = EDGE_CURVE ( 'NONE', #1133, #1188, #1045, .T. ) ;
#1068 = VERTEX_POINT ( 'NONE', #1399 ) ;
#1069 = EDGE_LOOP ( 'NONE', ( #212, #444, #1308, #353 ) ) ;
#1070 = CARTESIAN_POINT ( 'NONE',  ( 17.41444009751397104, -130.3133217793096037, 1.500000000000000000 ) ) ;
#1071 = LINE ( 'NONE', #223, #159 ) ;
#1072 = CARTESIAN_POINT ( 'NONE',  ( 413.2485097550847399, -127.9303719267109472, 1.500000000000000000 ) ) ;
#1073 = ORIENTED_EDGE ( 'NONE', *, *, #1003, .F. ) ;
#1074 = EDGE_CURVE ( 'NONE', #692, #779, #224, .T. ) ;
#1075 = ORIENTED_EDGE ( 'NONE', *, *, #46, .F. ) ;
#1076 = DIRECTION ( 'NONE',  ( -1.000000000000000000, 0.000000000000000000, 0.000000000000000000 ) ) ;
#1077 = EDGE_CURVE ( 'NONE', #1309, #1348, #1052, .T. ) ;
#1078 = DATE_AND_TIME ( #392, #188 ) ;
#1079 = DIRECTION ( 'NONE',  ( 0.000000000000000000, 1.000000000000000000, 0.000000000000000000 ) ) ;
#1080 = DIRECTION ( 'NONE',  ( 0.000000000000000000, -1.000000000000000000, 0.000000000000000000 ) ) ;
#1081 = DIRECTION ( 'NONE',  ( -1.000000000000000000, 0.000000000000000000, 0.000000000000000000 ) ) ;
#1082 = VECTOR ( 'NONE', #1249, 1000.000000000000000 ) ;
#1083 = ORIENTED_EDGE ( 'NONE', *, *, #757, .T. ) ;
#1084 = CIRCLE ( 'NONE', #313, 1.499999999999999556 ) ;
#1085 = AXIS2_PLACEMENT_3D ( 'NONE', #278, #1472, #512 ) ;
#1086 = ORIENTED_EDGE ( 'NONE', *, *, #1372, .T. ) ;
#1087 = CARTESIAN_POINT ( 'NONE',  ( -1.700000000000000178, -102.9620815280171087, -10.55000000000000782 ) ) ;
#1088 = VECTOR ( 'NONE', #1276, 1000.000000000000000 ) ;
#1089 = DATE_TIME_ROLE ( 'creation_date' ) ;
#1090 = EDGE_CURVE ( 'NONE', #680, #451, #684, .T. ) ;
#1091 = DIRECTION ( 'NONE',  ( -1.000000000000000000, 0.000000000000000000, 3.154042683594192162E-16 ) ) ;
#1092 = LINE ( 'NONE', #1353, #1360 ) ;
#1093 = EDGE_LOOP ( 'NONE', ( #620, #220, #226, #1239 ) ) ;
#1094 = VERTEX_POINT ( 'NONE', #1406 ) ;
#1095 = DIRECTION ( 'NONE',  ( -0.000000000000000000, -0.000000000000000000, -1.000000000000000000 ) ) ;
#1096 = LINE ( 'NONE', #501, #1405 ) ;
#1097 = ADVANCED_FACE ( 'NONE', ( #217 ), #936, .T. ) ;
#1098 = DIRECTION ( 'NONE',  ( 0.000000000000000000, 1.000000000000000000, 0.000000000000000000 ) ) ;
#1099 = PLANE ( 'NONE',  #1085 ) ;
#1100 = VERTEX_POINT ( 'NONE', #696 ) ;
#1101 = ORIENTED_EDGE ( 'NONE', *, *, #1436, .T. ) ;
#1102 = CARTESIAN_POINT ( 'NONE',  ( 13.20895057047370180, -132.3303719267109670, -14.05000000000000071 ) ) ;
#1103 = CALENDAR_DATE ( 2025, 8, 11 ) ;
#1104 = PLANE ( 'NONE',  #959 ) ;
#1105 = PLANE ( 'NONE',  #160 ) ;
#1106 = FACE_OUTER_BOUND ( 'NONE', #1409, .T. ) ;
#1107 = CC_DESIGN_DATE_AND_TIME_ASSIGNMENT ( #507, #1089, ( #1334 ) ) ;
#1108 = VERTEX_POINT ( 'NONE', #465 ) ;
#1109 = EDGE_LOOP ( 'NONE', ( #727, #266, #984, #505 ) ) ;
#1110 = AXIS2_PLACEMENT_3D ( 'NONE', #867, #1125, #527 ) ;
#1111 = FACE_OUTER_BOUND ( 'NONE', #293, .T. ) ;
#1112 = VECTOR ( 'NONE', #75, 1000.000000000000000 ) ;
#1113 = CIRCLE ( 'NONE', #1110, 3.549999999999998490 ) ;
#1114 = AXIS2_PLACEMENT_3D ( 'NONE', #693, #1540, #933 ) ;
#1115 = LINE ( 'NONE', #992, #235 ) ;
#1116 = DIRECTION ( 'NONE',  ( 0.7071067811865474617, -0.7071067811865474617, 0.000000000000000000 ) ) ;
#1117 = EDGE_LOOP ( 'NONE', ( #493, #909, #1248, #1047 ) ) ;
#1118 = EDGE_CURVE ( 'NONE', #433, #1522, #1542, .T. ) ;
#1119 = VERTEX_POINT ( 'NONE', #327 ) ;
#1120 = DIRECTION ( 'NONE',  ( 0.000000000000000000, 0.000000000000000000, -1.000000000000000000 ) ) ;
#1121 = ORIENTED_EDGE ( 'NONE', *, *, #1154, .T. ) ;
#1122 = CARTESIAN_POINT ( 'NONE',  ( 45.76000000000001933, 1.700000000000000178, -9.250000000000000000 ) ) ;
#1123 = CARTESIAN_POINT ( 'NONE',  ( 45.76000000000001933, 0.09999999999999939493, -5.700000000000001954 ) ) ;
#1124 = CARTESIAN_POINT ( 'NONE',  ( 45.76000000000001933, 1.700000000000000178, -12.79999999999999893 ) ) ;
#1125 = DIRECTION ( 'NONE',  ( -0.000000000000000000, -1.000000000000000000, -0.000000000000000000 ) ) ;
#1126 = ORIENTED_EDGE ( 'NONE', *, *, #356, .F. ) ;
#1127 = DIRECTION ( 'NONE',  ( 0.000000000000000000, -0.000000000000000000, -1.000000000000000000 ) ) ;
#1128 = APPROVAL ( #130, 'Sjednocen√' ) ;
#1129 = VERTEX_POINT ( 'NONE', #703 ) ;
#1130 = EDGE_CURVE ( 'NONE', #1439, #903, #634, .T. ) ;
#1131 = CARTESIAN_POINT ( 'NONE',  ( 17.41444009751397104, -130.3133217793096037, 0.000000000000000000 ) ) ;
#1132 = DIRECTION ( 'NONE',  ( 1.000000000000000000, 0.000000000000000000, 0.000000000000000000 ) ) ;
#1133 = VERTEX_POINT ( 'NONE', #1056 ) ;
#1134 = LINE ( 'NONE', #522, #488 ) ;
#1135 = CIRCLE ( 'NONE', #132, 1.499999999999999556 ) ;
#1136 = ORIENTED_EDGE ( 'NONE', *, *, #1500, .F. ) ;
#1137 = CIRCLE ( 'NONE', #459, 3.549999999999998490 ) ;
#1138 = ADVANCED_FACE ( 'NONE', ( #945 ), #207, .T. ) ;
#1139 = CARTESIAN_POINT ( 'NONE',  ( 4.299999999999999822, -4.299999999999999822, 1.500000000000000000 ) ) ;
#1140 = AXIS2_PLACEMENT_3D ( 'NONE', #33, #1464, #1233 ) ;
#1141 = CARTESIAN_POINT ( 'NONE',  ( 7.091490244915269692, -127.9303719267109472, 1.500000000000000000 ) ) ;
#1142 = ORIENTED_EDGE ( 'NONE', *, *, #1166, .F. ) ;
#1143 = CARTESIAN_POINT ( 'NONE',  ( 4.300000000000000711, -125.1388816817956808, 1.500000000000000000 ) ) ;
#1144 = ORIENTED_EDGE ( 'NONE', *, *, #700, .F. ) ;
#1145 = DIRECTION ( 'NONE',  ( 0.000000000000000000, -1.000000000000000000, 0.000000000000000000 ) ) ;
#1146 = CARTESIAN_POINT ( 'NONE',  ( -1.700000000000000178, -22.96208152801711933, -7.550000000000007816 ) ) ;
#1147 = EDGE_CURVE ( 'NONE', #498, #1202, #57, .T. ) ;
#1148 = CARTESIAN_POINT ( 'NONE',  ( 45.76000000000001933, 0.09999999999999939493, -12.79999999999999893 ) ) ;
#1149 = ORIENTED_EDGE ( 'NONE', *, *, #815, .T. ) ;
#1150 = ORIENTED_EDGE ( 'NONE', *, *, #1031, .T. ) ;
#1151 = LINE ( 'NONE', #1264, #813 ) ;
#1152 = ORIENTED_EDGE ( 'NONE', *, *, #617, .T. ) ;
#1153 = DIRECTION ( 'NONE',  ( -0.7071067811865435759, 0.7071067811865515695, 0.000000000000000000 ) ) ;
#1154 = EDGE_CURVE ( 'NONE', #1513, #1010, #24, .T. ) ;
#1155 = ORIENTED_EDGE ( 'NONE', *, *, #594, .F. ) ;
#1156 = ORIENTED_EDGE ( 'NONE', *, *, #421, .F. ) ;
#1157 = CARTESIAN_POINT ( 'NONE',  ( 423.0110494295263379, -132.3303719267109670, -14.05000000000000071 ) ) ;
#1158 = AXIS2_PLACEMENT_3D ( 'NONE', #41, #598, #874 ) ;
#1159 = DIRECTION ( 'NONE',  ( -0.000000000000000000, -0.000000000000000000, -1.000000000000000000 ) ) ;
#1160 = CARTESIAN_POINT ( 'NONE',  ( 15.03149024491531804, -127.9303719267109472, 1.500000000000000000 ) ) ;
#1161 = AXIS2_PLACEMENT_3D ( 'NONE', #821, #1055, #718 ) ;
#1162 = AXIS2_PLACEMENT_3D ( 'NONE', #1403, #222, #1043 ) ;
#1163 = CARTESIAN_POINT ( 'NONE',  ( 434.2226406871192808, -22.96208152801711933, -10.55000000000000782 ) ) ;
#1164 = VECTOR ( 'NONE', #1132, 1000.000000000000000 ) ;
#1165 = ORIENTED_EDGE ( 'NONE', *, *, #319, .T. ) ;
#1166 = EDGE_CURVE ( 'NONE', #348, #1414, #1115, .T. ) ;
#1167 = ORIENTED_EDGE ( 'NONE', *, *, #576, .T. ) ;
#1168 = CARTESIAN_POINT ( 'NONE',  ( 415.0710494295263402, -132.3303719267109670, 0.000000000000000000 ) ) ;
#1169 = PLANE ( 'NONE',  #1162 ) ;
#1170 = CARTESIAN_POINT ( 'NONE',  ( 428.3799999999999955, -126.9614213562373095, 0.000000000000000000 ) ) ;
#1171 = CARTESIAN_POINT ( 'NONE',  ( 413.2485097550847399, -127.9303719267109472, 1.500000000000000000 ) ) ;
#1172 = VERTEX_POINT ( 'NONE', #625 ) ;
#1173 = ORIENTED_EDGE ( 'NONE', *, *, #219, .F. ) ;
#1174 = LINE ( 'NONE', #461, #162 ) ;
#1175 = ADVANCED_FACE ( 'NONE', ( #1451 ), #1105, .T. ) ;
#1176 = DIRECTION ( 'NONE',  ( 7.177836520139454383E-18, -1.000000000000000000, 0.000000000000000000 ) ) ;
#1177 = DIRECTION ( 'NONE',  ( -0.7071067811865483499, 0.7071067811865467956, 0.000000000000000000 ) ) ;
#1178 = VERTEX_POINT ( 'NONE', #502 ) ;
#1179 = VERTEX_POINT ( 'NONE', #509 ) ;
#1180 = CARTESIAN_POINT ( 'NONE',  ( 413.2485097550847399, -127.9303719267109472, 1.500000000000000000 ) ) ;
#1181 = PERSON_AND_ORGANIZATION_ROLE ( 'design_owner' ) ;
#1182 = CARTESIAN_POINT ( 'NONE',  ( 413.2485097550847399, -127.9303719267109472, 1.500000000000000000 ) ) ;
#1183 = EDGE_CURVE ( 'NONE', #1032, #1100, #157, .T. ) ;
#1184 = LINE ( 'NONE', #352, #1485 ) ;
#1185 = VECTOR ( 'NONE', #827, 1000.000000000000000 ) ;
#1186 = AXIS2_PLACEMENT_3D ( 'NONE', #76, #553, #1275 ) ;
#1187 = CC_DESIGN_SECURITY_CLASSIFICATION ( #939, ( #82 ) ) ;
#1188 = VERTEX_POINT ( 'NONE', #385 ) ;
#1189 = VECTOR ( 'NONE', #173, 1000.000000000000000 ) ;
#1190 = ORIENTED_EDGE ( 'NONE', *, *, #778, .T. ) ;
#1191 = DIRECTION ( 'NONE',  ( 0.7071067811865441310, 0.7071067811865510144, 0.000000000000000000 ) ) ;
#1192 = LINE ( 'NONE', #803, #508 ) ;
#1193 = CARTESIAN_POINT ( 'NONE',  ( -1.700000000000000178, -22.96208152801711933, -9.050000000000007816 ) ) ;
#1194 = DIRECTION ( 'NONE',  ( 1.000000000000000000, 0.000000000000000000, 0.000000000000000000 ) ) ;
#1195 = EDGE_CURVE ( 'NONE', #1357, #613, #1444, .T. ) ;
#1196 = ORIENTED_EDGE ( 'NONE', *, *, #677, .F. ) ;
#1197 = ORIENTED_EDGE ( 'NONE', *, *, #1022, .F. ) ;
#1198 = CARTESIAN_POINT ( 'NONE',  ( 14.92915872327539262, -136.3133217793096037, -14.05000000000000071 ) ) ;
#1199 = CARTESIAN_POINT ( 'NONE',  ( -0.09999999999998898659, -102.9620815280171087, -10.55000000000000782 ) ) ;
#1200 = CARTESIAN_POINT ( 'NONE',  ( 428.3799999999999955, -126.9614213562373095, -14.05000000000000071 ) ) ;
#1201 = DIRECTION ( 'NONE',  ( -1.000000000000000000, -0.000000000000000000, -0.000000000000000000 ) ) ;
#1202 = VERTEX_POINT ( 'NONE', #361 ) ;
#1203 = EDGE_CURVE ( 'NONE', #1287, #1108, #143, .T. ) ;
#1204 = ORIENTED_EDGE ( 'NONE', *, *, #658, .T. ) ;
#1205 = CARTESIAN_POINT ( 'NONE',  ( 15.03149024491531804, -127.9303719267109472, 0.000000000000000000 ) ) ;
#1206 = PERSON_AND_ORGANIZATION_ROLE ( 'creator' ) ;
#1207 = DIRECTION ( 'NONE',  ( -1.000000000000000000, -0.000000000000000000, 0.000000000000000000 ) ) ;
#1208 = LINE ( 'NONE', #377, #135 ) ;
#1209 = VECTOR ( 'NONE', #694, 1000.000000000000000 ) ;
#1210 = ORIENTED_EDGE ( 'NONE', *, *, #594, .T. ) ;
#1211 = CIRCLE ( 'NONE', #534, 1.499999999999999556 ) ;
#1212 = AXIS2_PLACEMENT_3D ( 'NONE', #866, #1201, #144 ) ;
#1213 = VERTEX_POINT ( 'NONE', #618 ) ;
#1214 = CARTESIAN_POINT ( 'NONE',  ( 14.92915872327539262, -136.3133217793096037, -14.05000000000000071 ) ) ;
#1215 = EDGE_CURVE ( 'NONE', #1188, #1278, #277, .T. ) ;
#1216 = COORDINATED_UNIVERSAL_TIME_OFFSET ( 1, 0, .AHEAD. ) ;
#1217 = LINE ( 'NONE', #142, #1283 ) ;
#1218 = CARTESIAN_POINT ( 'NONE',  ( 429.9799999999999613, -22.96208152801711933, -9.050000000000007816 ) ) ;
#1219 = DIRECTION ( 'NONE',  ( -1.000000000000000000, -0.000000000000000000, -0.000000000000000000 ) ) ;
#1220 = ORIENTED_EDGE ( 'NONE', *, *, #770, .T. ) ;
#1221 = VERTEX_POINT ( 'NONE', #865 ) ;
#1222 = DIRECTION ( 'NONE',  ( 0.000000000000000000, 0.000000000000000000, 1.000000000000000000 ) ) ;
#1223 = PERSON_AND_ORGANIZATION ( #18446744073709551615, #817 ) ;
#1224 = CARTESIAN_POINT ( 'NONE',  ( 415.7337911293233219, -133.9303719267109614, 1.500000000000000000 ) ) ;
#1225 = CC_DESIGN_PERSON_AND_ORGANIZATION_ASSIGNMENT ( #258, #1317, ( #82 ) ) ;
#1226 = FACE_OUTER_BOUND ( 'NONE', #137, .T. ) ;
#1227 = LINE ( 'NONE', #638, #213 ) ;
#1228 = ORIENTED_EDGE ( 'NONE', *, *, #737, .F. ) ;
#1229 = ORIENTED_EDGE ( 'NONE', *, *, #1031, .F. ) ;
#1230 = FACE_OUTER_BOUND ( 'NONE', #1387, .T. ) ;
#1231 = DIRECTION ( 'NONE',  ( 0.7071067811865459074, 0.7071067811865491270, 0.000000000000000000 ) ) ;
#1232 = EDGE_CURVE ( 'NONE', #440, #1119, #393, .T. ) ;
#1233 = DIRECTION ( 'NONE',  ( 0.7071067811865474617, -0.7071067811865474617, 0.000000000000000000 ) ) ;
#1234 = ORIENTED_EDGE ( 'NONE', *, *, #1118, .F. ) ;
#1235 = VECTOR ( 'NONE', #754, 1000.000000000000000 ) ;
#1236 = DIRECTION ( 'NONE',  ( -0.000000000000000000, 1.000000000000000000, -0.000000000000000000 ) ) ;
#1237 = VECTOR ( 'NONE', #1091, 1000.000000000000000 ) ;
#1238 = AXIS2_PLACEMENT_3D ( 'NONE', #631, #506, #846 ) ;
#1239 = ORIENTED_EDGE ( 'NONE', *, *, #1166, .T. ) ;
#1240 = CARTESIAN_POINT ( 'NONE',  ( -1.700000000000000178, 1.700000000000000178, 1.500000000000000000 ) ) ;
#1241 = AXIS2_PLACEMENT_3D ( 'NONE', #1392, #321, #663 ) ;
#1242 = CARTESIAN_POINT ( 'NONE',  ( -0.09999999999998898659, -102.9620815280171087, -9.050000000000007816 ) ) ;
#1243 = DIRECTION ( 'NONE',  ( 0.000000000000000000, 0.000000000000000000, 1.000000000000000000 ) ) ;
#1244 = PLANE ( 'NONE',  #580 ) ;
#1245 = ADVANCED_FACE ( 'NONE', ( #270 ), #748, .F. ) ;
#1246 = ORIENTED_EDGE ( 'NONE', *, *, #360, .T. ) ;
#1247 = PLANE ( 'NONE',  #241 ) ;
#1248 = ORIENTED_EDGE ( 'NONE', *, *, #757, .F. ) ;
#1249 = DIRECTION ( 'NONE',  ( -1.000000000000000000, -0.000000000000000000, -0.000000000000000000 ) ) ;
#1250 = DIRECTION ( 'NONE',  ( 1.000000000000000000, 0.000000000000000000, -0.000000000000000000 ) ) ;
#1251 = EDGE_LOOP ( 'NONE', ( #1289, #1268, #743, #21 ) ) ;
#1252 = FACE_OUTER_BOUND ( 'NONE', #1093, .T. ) ;
#1253 = ADVANCED_FACE ( 'NONE', ( #1226 ), #1343, .T. ) ;
#1254 = ORIENTED_EDGE ( 'NONE', *, *, #486, .F. ) ;
#1255 = DIRECTION ( 'NONE',  ( -1.000000000000000000, -0.000000000000000000, -0.000000000000000000 ) ) ;
#1256 = CARTESIAN_POINT ( 'NONE',  ( -1.700000000000000178, 1.700000000000000178, -14.05000000000000071 ) ) ;
#1257 = CARTESIAN_POINT ( 'NONE',  ( 413.2485097550847399, -127.9303719267109472, 0.000000000000000000 ) ) ;
#1258 = ORIENTED_EDGE ( 'NONE', *, *, #1398, .T. ) ;
#1259 = DIRECTION ( 'NONE',  ( -0.000000000000000000, -0.000000000000000000, -1.000000000000000000 ) ) ;
#1260 = EDGE_CURVE ( 'NONE', #692, #1386, #848, .T. ) ;
#1261 = VECTOR ( 'NONE', #261, 1000.000000000000000 ) ;
#1262 = ORIENTED_EDGE ( 'NONE', *, *, #1380, .F. ) ;
#1263 = AXIS2_PLACEMENT_3D ( 'NONE', #1025, #317, #574 ) ;
#1264 = CARTESIAN_POINT ( 'NONE',  ( 12.54620887067673785, -133.9303719267109614, -14.05000000000000071 ) ) ;
#1265 = VECTOR ( 'NONE', #443, 1000.000000000000000 ) ;
#1266 = CARTESIAN_POINT ( 'NONE',  ( 15.03149024491531804, -127.9303719267109472, 1.500000000000000000 ) ) ;
#1267 = ORIENTED_EDGE ( 'NONE', *, *, #91, .T. ) ;
#1268 = ORIENTED_EDGE ( 'NONE', *, *, #298, .T. ) ;
#1269 = DIRECTION ( 'NONE',  ( -1.000000000000000000, -0.000000000000000000, -0.000000000000000000 ) ) ;
#1270 = EDGE_CURVE ( 'NONE', #243, #1309, #151, .T. ) ;
#1271 = CYLINDRICAL_SURFACE ( 'NONE', #964, 1.499999999999999556 ) ;
#1272 = EDGE_LOOP ( 'NONE', ( #1060, #1142, #282, #1473 ) ) ;
#1273 = ORIENTED_EDGE ( 'NONE', *, *, #208, .T. ) ;
#1274 = CARTESIAN_POINT ( 'NONE',  ( 7.091490244915269692, -127.9303719267109472, 0.000000000000000000 ) ) ;
#1275 = DIRECTION ( 'NONE',  ( 0.7071067811865474617, 0.7071067811865474617, 0.000000000000000000 ) ) ;
#1276 = DIRECTION ( 'NONE',  ( 1.000000000000000000, 0.000000000000000000, 0.000000000000000000 ) ) ;
#1277 = ADVANCED_FACE ( 'NONE', ( #246 ), #725, .T. ) ;
#1278 = VERTEX_POINT ( 'NONE', #489 ) ;
#1279 = ORIENTED_EDGE ( 'NONE', *, *, #746, .T. ) ;
#1280 = VECTOR ( 'NONE', #892, 1000.000000000000000 ) ;
#1281 = LINE ( 'NONE', #236, #1185 ) ;
#1282 = DIRECTION ( 'NONE',  ( -1.000000000000000000, -0.000000000000000000, -0.000000000000000000 ) ) ;
#1283 = VECTOR ( 'NONE', #1469, 1000.000000000000000 ) ;
#1284 = DIRECTION ( 'NONE',  ( 0.000000000000000000, 0.000000000000000000, 1.000000000000000000 ) ) ;
#1285 = VECTOR ( 'NONE', #155, 1000.000000000000000 ) ;
#1286 = VECTOR ( 'NONE', #56, 1000.000000000000000 ) ;
#1287 = VERTEX_POINT ( 'NONE', #368 ) ;
#1288 = EDGE_CURVE ( 'NONE', #903, #1439, #685, .T. ) ;
#1289 = ORIENTED_EDGE ( 'NONE', *, *, #37, .T. ) ;
#1290 = DIRECTION ( 'NONE',  ( -0.000000000000000000, -0.000000000000000000, -1.000000000000000000 ) ) ;
#1291 = LINE ( 'NONE', #928, #435 ) ;
#1292 = CARTESIAN_POINT ( 'NONE',  ( 434.2226406871192808, -22.96208152801711933, -10.55000000000000782 ) ) ;
#1293 = ORIENTED_EDGE ( 'NONE', *, *, #495, .T. ) ;
#1294 = VERTEX_POINT ( 'NONE', #973 ) ;
#1295 = DIRECTION ( 'NONE',  ( 0.000000000000000000, 0.000000000000000000, 1.000000000000000000 ) ) ;
#1296 = EDGE_CURVE ( 'NONE', #1221, #1100, #376, .T. ) ;
#1297 = DIRECTION ( 'NONE',  ( 0.000000000000000000, 1.000000000000000000, 0.000000000000000000 ) ) ;
#1298 = DIRECTION ( 'NONE',  ( 0.000000000000000000, 0.000000000000000000, 1.000000000000000000 ) ) ;
#1299 = EDGE_LOOP ( 'NONE', ( #905, #839, #1293, #1391, #1279, #177, #1210, #1416, #323, #1267 ) ) ;
#1300 = ORIENTED_EDGE ( 'NONE', *, *, #910, .F. ) ;
#1301 = EDGE_CURVE ( 'NONE', #750, #348, #741, .T. ) ;
#1302 = APPLICATION_PROTOCOL_DEFINITION ( 'international standard', 'config_control_design', 1994, #1452 ) ;
#1303 = DIRECTION ( 'NONE',  ( -1.000000000000000000, 0.000000000000000000, 0.000000000000000000 ) ) ;
#1304 = LINE ( 'NONE', #1163, #292 ) ;
#1305 = VECTOR ( 'NONE', #100, 1000.000000000000000 ) ;
#1306 = CIRCLE ( 'NONE', #1238, 1.499999999999999556 ) ;
#1307 = LOCAL_TIME ( 19, 24, 37.00000000000000000, #615 ) ;
#1308 = ORIENTED_EDGE ( 'NONE', *, *, #770, .F. ) ;
#1309 = VERTEX_POINT ( 'NONE', #540 ) ;
#1310 = COORDINATED_UNIVERSAL_TIME_OFFSET ( 1, 0, .AHEAD. ) ;
#1311 = DIRECTION ( 'NONE',  ( 0.000000000000000000, -0.000000000000000000, 1.000000000000000000 ) ) ;
#1312 = DIRECTION ( 'NONE',  ( 0.000000000000000000, -1.000000000000000000, 0.000000000000000000 ) ) ;
#1313 = EDGE_CURVE ( 'NONE', #920, #1119, #296, .T. ) ;
#1314 = ORIENTED_EDGE ( 'NONE', *, *, #421, .T. ) ;
#1315 = ORIENTED_EDGE ( 'NONE', *, *, #603, .F. ) ;
#1316 = CARTESIAN_POINT ( 'NONE',  ( 45.76000000000001933, 1.700000000000000178, -12.79999999999999893 ) ) ;
#1317 = PERSON_AND_ORGANIZATION_ROLE ( 'design_supplier' ) ;
#1318 = CYLINDRICAL_SURFACE ( 'NONE', #262, 1.499999999999999556 ) ;
#1319 = DIRECTION ( 'NONE',  ( 0.000000000000000000, -0.000000000000000000, 1.000000000000000000 ) ) ;
#1320 = DIRECTION ( 'NONE',  ( 0.000000000000000000, 0.000000000000000000, 1.000000000000000000 ) ) ;
#1321 = ADVANCED_FACE ( 'NONE', ( #284, #525 ), #1471, .T. ) ;
#1322 = ORIENTED_EDGE ( 'NONE', *, *, #1183, .F. ) ;
#1323 = EDGE_LOOP ( 'NONE', ( #372, #1273 ) ) ;
#1324 = CARTESIAN_POINT ( 'NONE',  ( -1.700000000000000178, 1.700000000000000178, -14.05000000000000071 ) ) ;
#1325 = DIRECTION ( 'NONE',  ( 0.000000000000000000, 0.000000000000000000, 1.000000000000000000 ) ) ;
#1326 = DIRECTION ( 'NONE',  ( 0.000000000000000000, 0.000000000000000000, 1.000000000000000000 ) ) ;
#1327 = PLANE ( 'NONE',  #1140 ) ;
#1328 = VECTOR ( 'NONE', #552, 1000.000000000000000 ) ;
#1329 = ORIENTED_EDGE ( 'NONE', *, *, #708, .T. ) ;
#1330 = VECTOR ( 'NONE', #431, 1000.000000000000000 ) ;
#1331 = AXIS2_PLACEMENT_3D ( 'NONE', #869, #963, #147 ) ;
#1332 = EDGE_LOOP ( 'NONE', ( #1083, #1431, #707, #166 ) ) ;
#1333 = DIRECTION ( 'NONE',  ( 0.000000000000000000, 0.000000000000000000, 1.000000000000000000 ) ) ;
#1334 = PRODUCT_DEFINITION ( 'Obecn√', '', #82, #1507 ) ;
#1335 = DIRECTION ( 'NONE',  ( 0.000000000000000000, 0.000000000000000000, 1.000000000000000000 ) ) ;
#1336 = CARTESIAN_POINT ( 'NONE',  ( -0.1000000000000000056, -126.9614213562372811, -14.05000000000000071 ) ) ;
#1337 = FACE_OUTER_BOUND ( 'NONE', #734, .T. ) ;
#1338 = ORIENTED_EDGE ( 'NONE', *, *, #1446, .T. ) ;
#1339 = DIRECTION ( 'NONE',  ( -0.7071067811865475727, -0.7071067811865475727, 0.000000000000000000 ) ) ;
#1340 = SHAPE_DEFINITION_REPRESENTATION ( #705, #704 ) ;
#1341 = EDGE_CURVE ( 'NONE', #440, #1053, #55, .T. ) ;
#1342 = CARTESIAN_POINT ( 'NONE',  ( 14.92915872327539262, -136.3133217793096037, 1.500000000000000000 ) ) ;
#1343 = PLANE ( 'NONE',  #532 ) ;
#1344 = CARTESIAN_POINT ( 'NONE',  ( 429.9799999999999613, -102.9620815280171087, -9.050000000000007816 ) ) ;
#1345 = LINE ( 'NONE', #404, #605 ) ;
#1346 = VERTEX_POINT ( 'NONE', #1146 ) ;
#1347 = CARTESIAN_POINT ( 'NONE',  ( 423.6737911293233196, -133.9303719267109614, 1.500000000000000000 ) ) ;
#1348 = VERTEX_POINT ( 'NONE', #900 ) ;
#1349 = LINE ( 'NONE', #283, #1059 ) ;
#1350 = EDGE_CURVE ( 'NONE', #969, #587, #1026, .T. ) ;
#1351 = LINE ( 'NONE', #63, #604 ) ;
#1352 = ADVANCED_FACE ( 'NONE', ( #531 ), #1370, .T. ) ;
#1353 = CARTESIAN_POINT ( 'NONE',  ( 15.03149024491531804, -127.9303719267109472, 0.000000000000000000 ) ) ;
#1354 = EDGE_LOOP ( 'NONE', ( #762, #127 ) ) ;
#1355 = APPLICATION_CONTEXT ( 'configuration controlled 3d designs of mechanical parts and assemblies' ) ;
#1356 = VECTOR ( 'NONE', #1326, 1000.000000000000000 ) ;
#1357 = VERTEX_POINT ( 'NONE', #1123 ) ;
#1358 = AXIS2_PLACEMENT_3D ( 'NONE', #1419, #1526, #229 ) ;
#1359 = FACE_OUTER_BOUND ( 'NONE', #322, .T. ) ;
#1360 = VECTOR ( 'NONE', #1116, 1000.000000000000114 ) ;
#1361 = ORIENTED_EDGE ( 'NONE', *, *, #954, .T. ) ;
#1362 = CARTESIAN_POINT ( 'NONE',  ( 423.6737911293233196, -133.9303719267109614, 1.500000000000000000 ) ) ;
#1363 = VECTOR ( 'NONE', #822, 1000.000000000000000 ) ;
#1364 = DIRECTION ( 'NONE',  ( -1.000000000000000000, 0.000000000000000000, 0.000000000000000000 ) ) ;
#1365 = LINE ( 'NONE', #671, #1432 ) ;
#1366 = EDGE_CURVE ( 'NONE', #1475, #343, #661, .T. ) ;
#1367 = ORIENTED_EDGE ( 'NONE', *, *, #548, .T. ) ;
#1368 = LINE ( 'NONE', #1143, #1430 ) ;
#1369 = DIRECTION ( 'NONE',  ( 0.000000000000000000, 0.000000000000000000, 1.000000000000000000 ) ) ;
#1370 = PLANE ( 'NONE',  #556 ) ;
#1371 = PLANE ( 'NONE',  #560 ) ;
#1372 = EDGE_CURVE ( 'NONE', #325, #1421, #409, .T. ) ;
#1373 = ORIENTED_EDGE ( 'NONE', *, *, #894, .T. ) ;
#1374 = DIRECTION ( 'NONE',  ( -0.000000000000000000, 1.000000000000000000, -0.000000000000000000 ) ) ;
#1375 = EDGE_LOOP ( 'NONE', ( #831, #759, #1262, #940 ) ) ;
#1376 = DIRECTION ( 'NONE',  ( 1.000000000000000000, 7.177836520139454383E-18, -0.000000000000000000 ) ) ;
#1377 = DIRECTION ( 'NONE',  ( -0.7071067811865474617, -0.7071067811865476838, 0.000000000000000000 ) ) ;
#1378 = EDGE_LOOP ( 'NONE', ( #1515, #781, #545, #549 ) ) ;
#1379 = FACE_OUTER_BOUND ( 'NONE', #1041, .T. ) ;
#1380 = EDGE_CURVE ( 'NONE', #1475, #985, #797, .T. ) ;
#1381 = VECTOR ( 'NONE', #1295, 1000.000000000000000 ) ;
#1382 = DIRECTION ( 'NONE',  ( -1.000000000000000000, 0.000000000000000000, 0.000000000000000000 ) ) ;
#1383 = CIRCLE ( 'NONE', #838, 1.499999999999999556 ) ;
#1384 = CARTESIAN_POINT ( 'NONE',  ( 45.76000000000001933, -14.36271067262288881, -12.79999999999999893 ) ) ;
#1385 = FACE_OUTER_BOUND ( 'NONE', #566, .T. ) ;
#1386 = VERTEX_POINT ( 'NONE', #309 ) ;
#1387 = EDGE_LOOP ( 'NONE', ( #760, #809, #1156, #457 ) ) ;
#1388 = LINE ( 'NONE', #1484, #1428 ) ;
#1389 = EDGE_CURVE ( 'NONE', #1294, #1202, #912, .T. ) ;
#1390 = CARTESIAN_POINT ( 'NONE',  ( 413.3508412767246227, -136.3133217793096037, -14.05000000000000071 ) ) ;
#1391 = ORIENTED_EDGE ( 'NONE', *, *, #1500, .T. ) ;
#1392 = CARTESIAN_POINT ( 'NONE',  ( 415.7337911293233219, -133.9303719267109614, -14.05000000000000071 ) ) ;
#1393 = EDGE_LOOP ( 'NONE', ( #897, #371, #911, #179 ) ) ;
#1394 = ORIENTED_EDGE ( 'NONE', *, *, #466, .T. ) ;
#1395 = LINE ( 'NONE', #840, #636 ) ;
#1396 = CARTESIAN_POINT ( 'NONE',  ( 4.299999999999999822, -4.299999999999999822, 0.000000000000000000 ) ) ;
#1397 = LINE ( 'NONE', #331, #211 ) ;
#1398 = EDGE_CURVE ( 'NONE', #578, #1178, #882, .T. ) ;
#1399 = CARTESIAN_POINT ( 'NONE',  ( 429.9799999999999613, -102.9620815280171087, -10.55000000000000782 ) ) ;
#1400 = EDGE_CURVE ( 'NONE', #659, #786, #1351, .T. ) ;
#1401 = VERTEX_POINT ( 'NONE', #907 ) ;
#1402 = ORIENTED_EDGE ( 'NONE', *, *, #1042, .F. ) ;
#1403 = CARTESIAN_POINT ( 'NONE',  ( 423.0110494295263379, -132.3303719267109670, -14.05000000000000071 ) ) ;
#1404 = DIRECTION ( 'NONE',  ( -0.7071067811865441310, -0.7071067811865510144, 0.000000000000000000 ) ) ;
#1405 = VECTOR ( 'NONE', #863, 1000.000000000000000 ) ;
#1406 = CARTESIAN_POINT ( 'NONE',  ( -0.1000000000000000056, 0.1000000000000000056, 0.000000000000000000 ) ) ;
#1407 = VECTOR ( 'NONE', #749, 1000.000000000000000 ) ;
#1408 = EDGE_CURVE ( 'NONE', #405, #1129, #175, .T. ) ;
#1409 = EDGE_LOOP ( 'NONE', ( #417, #79, #1004, #868 ) ) ;
#1410 = ORIENTED_EDGE ( 'NONE', *, *, #1468, .T. ) ;
#1411 = CARTESIAN_POINT ( 'NONE',  ( 421.1885097550847377, -127.9303719267109472, 0.000000000000000000 ) ) ;
#1412 = PERSON_AND_ORGANIZATION ( #18446744073709551615, #817 ) ;
#1413 = CARTESIAN_POINT ( 'NONE',  ( 423.9799999999999613, -125.1388816817957093, 1.500000000000000000 ) ) ;
#1414 = VERTEX_POINT ( 'NONE', #789 ) ;
#1415 = EDGE_CURVE ( 'NONE', #1188, #581, #1151, .T. ) ;
#1416 = ORIENTED_EDGE ( 'NONE', *, *, #937, .T. ) ;
#1417 = CARTESIAN_POINT ( 'NONE',  ( 434.2226406871192808, -102.9620815280171087, -9.050000000000007816 ) ) ;
#1418 = DIRECTION ( 'NONE',  ( 0.7071067811865460184, 0.7071067811865490160, -0.000000000000000000 ) ) ;
#1419 = CARTESIAN_POINT ( 'NONE',  ( -0.09999999999998898659, -102.9620815280171087, -9.050000000000007816 ) ) ;
#1420 = DIRECTION ( 'NONE',  ( 0.000000000000000000, 0.000000000000000000, 1.000000000000000000 ) ) ;
#1421 = VERTEX_POINT ( 'NONE', #168 ) ;
#1422 = ORIENTED_EDGE ( 'NONE', *, *, #937, .F. ) ;
#1423 = LINE ( 'NONE', #1168, #637 ) ;
#1424 = DATE_AND_TIME ( #738, #1057 ) ;
#1425 = EDGE_CURVE ( 'NONE', #125, #1414, #182, .T. ) ;
#1426 = FACE_OUTER_BOUND ( 'NONE', #751, .T. ) ;
#1427 = CARTESIAN_POINT ( 'NONE',  ( -1.700000000000000178, 1.700000000000000178, 1.500000000000000000 ) ) ;
#1428 = VECTOR ( 'NONE', #775, 1000.000000000000000 ) ;
#1429 =( GEOMETRIC_REPRESENTATION_CONTEXT ( 3 ) GLOBAL_UNCERTAINTY_ASSIGNED_CONTEXT ( ( #231 ) ) GLOBAL_UNIT_ASSIGNED_CONTEXT ( ( #92, #1064, #701 ) ) REPRESENTATION_CONTEXT ( 'NONE', 'WORKASPACE' ) );
#1430 = VECTOR ( 'NONE', #1259, 1000.000000000000000 ) ;
#1431 = ORIENTED_EDGE ( 'NONE', *, *, #255, .F. ) ;
#1432 = VECTOR ( 'NONE', #676, 1000.000000000000000 ) ;
#1433 = ORIENTED_EDGE ( 'NONE', *, *, #870, .T. ) ;
#1434 = LINE ( 'NONE', #1316, #1285 ) ;
#1435 = DIRECTION ( 'NONE',  ( -1.000000000000000000, -0.000000000000000000, -0.000000000000000000 ) ) ;
#1436 = EDGE_CURVE ( 'NONE', #88, #1294, #1479, .T. ) ;
#1437 = CARTESIAN_POINT ( 'NONE',  ( 415.0710494295263402, -132.3303719267109670, -14.05000000000000071 ) ) ;
#1438 = DIRECTION ( 'NONE',  ( 0.000000000000000000, 0.000000000000000000, 1.000000000000000000 ) ) ;
#1439 = VERTEX_POINT ( 'NONE', #1005 ) ;
#1440 = EDGE_LOOP ( 'NONE', ( #688, #600, #932, #1508 ) ) ;
#1441 = CARTESIAN_POINT ( 'NONE',  ( 423.0110494295263379, -132.3303719267109670, -14.05000000000000071 ) ) ;
#1442 = COORDINATED_UNIVERSAL_TIME_OFFSET ( 1, 0, .AHEAD. ) ;
#1443 = LINE ( 'NONE', #607, #412 ) ;
#1444 = LINE ( 'NONE', #967, #1237 ) ;
#1445 = FACE_BOUND ( 'NONE', #27, .T. ) ;
#1446 = EDGE_CURVE ( 'NONE', #1202, #498, #1135, .T. ) ;
#1447 = ORIENTED_EDGE ( 'NONE', *, *, #208, .F. ) ;
#1448 = EDGE_LOOP ( 'NONE', ( #1121, #595, #543, #83 ) ) ;
#1449 = DIRECTION ( 'NONE',  ( 0.7071067811865434649, -0.7071067811865516806, 0.000000000000000000 ) ) ;
#1450 = APPROVAL_DATE_TIME ( #148, #1128 ) ;
#1451 = FACE_OUTER_BOUND ( 'NONE', #424, .T. ) ;
#1452 = APPLICATION_CONTEXT ( 'configuration controlled 3d designs of mechanical parts and assemblies' ) ;
#1453 = DIRECTION ( 'NONE',  ( 0.000000000000000000, 0.000000000000000000, 1.000000000000000000 ) ) ;
#1454 = AXIS2_PLACEMENT_3D ( 'NONE', #123, #1080, #6 ) ;
#1455 = ORIENTED_EDGE ( 'NONE', *, *, #1270, .F. ) ;
#1456 = VECTOR ( 'NONE', #847, 1000.000000000000114 ) ;
#1457 = ADVANCED_FACE ( 'NONE', ( #717, #324, #106 ), #563, .F. ) ;
#1458 = AXIS2_PLACEMENT_3D ( 'NONE', #533, #1015, #1243 ) ;
#1459 = ORIENTED_EDGE ( 'NONE', *, *, #276, .F. ) ;
#1460 = DIRECTION ( 'NONE',  ( 0.7071067811865441310, 0.7071067811865510144, 0.000000000000000000 ) ) ;
#1461 = APPROVAL_STATUS ( 'not_yet_approved' ) ;
#1462 = LINE ( 'NONE', #40, #1456 ) ;
#1463 = CARTESIAN_POINT ( 'NONE',  ( 17.41444009751397104, -130.3133217793096037, 1.500000000000000000 ) ) ;
#1464 = DIRECTION ( 'NONE',  ( -0.7071067811865475727, -0.7071067811865475727, 0.000000000000000000 ) ) ;
#1465 = LINE ( 'NONE', #675, #890 ) ;
#1466 = ORIENTED_EDGE ( 'NONE', *, *, #919, .T. ) ;
#1467 = DIRECTION ( 'NONE',  ( -1.000000000000000000, -0.000000000000000000, -0.000000000000000000 ) ) ;
#1468 = EDGE_CURVE ( 'NONE', #405, #969, #463, .T. ) ;
#1469 = DIRECTION ( 'NONE',  ( 0.000000000000000000, 0.000000000000000000, 1.000000000000000000 ) ) ;
#1470 = EDGE_CURVE ( 'NONE', #581, #1513, #470, .T. ) ;
#1471 = PLANE ( 'NONE',  #790 ) ;
#1472 = DIRECTION ( 'NONE',  ( 0.000000000000000000, -1.000000000000000000, 0.000000000000000000 ) ) ;
#1473 = ORIENTED_EDGE ( 'NONE', *, *, #670, .T. ) ;
#1474 = CARTESIAN_POINT ( 'NONE',  ( 428.3799999999999955, -22.96208152801711933, -7.550000000000007816 ) ) ;
#1475 = VERTEX_POINT ( 'NONE', #810 ) ;
#1476 = EDGE_CURVE ( 'NONE', #1178, #1133, #1192, .T. ) ;
#1477 = CARTESIAN_POINT ( 'NONE',  ( -1.700000000000000178, -102.9620815280171087, -9.050000000000007816 ) ) ;
#1478 = CARTESIAN_POINT ( 'NONE',  ( 423.0110494295263379, -132.3303719267109670, -14.05000000000000071 ) ) ;
#1479 = CIRCLE ( 'NONE', #436, 1.499999999999999556 ) ;
#1480 = ORIENTED_EDGE ( 'NONE', *, *, #447, .F. ) ;
#1481 = CARTESIAN_POINT ( 'NONE',  ( -0.1000000000000000056, 0.1000000000000000056, 0.000000000000000000 ) ) ;
#1482 = AXIS2_PLACEMENT_3D ( 'NONE', #849, #519, #599 ) ;
#1483 = EDGE_LOOP ( 'NONE', ( #1144, #13, #445, #73, #279, #561, #851, #1402, #1007, #630 ) ) ;
#1484 = CARTESIAN_POINT ( 'NONE',  ( 423.9799999999999613, -4.299999999999999822, 1.500000000000000000 ) ) ;
#1485 = VECTOR ( 'NONE', #479, 1000.000000000000114 ) ;
#1486 = DIRECTION ( 'NONE',  ( 0.000000000000000000, 0.000000000000000000, 1.000000000000000000 ) ) ;
#1487 = EDGE_CURVE ( 'NONE', #1054, #74, #454, .T. ) ;
#1488 = LINE ( 'NONE', #925, #691 ) ;
#1489 = ORIENTED_EDGE ( 'NONE', *, *, #1408, .T. ) ;
#1490 = CARTESIAN_POINT ( 'NONE',  ( 423.9799999999999613, -125.1388816817957093, 1.500000000000000000 ) ) ;
#1491 = ORIENTED_EDGE ( 'NONE', *, *, #1077, .F. ) ;
#1492 = CARTESIAN_POINT ( 'NONE',  ( 423.9799999999999613, -4.299999999999999822, 1.500000000000000000 ) ) ;
#1493 = DIRECTION ( 'NONE',  ( 1.000000000000000000, -0.000000000000000000, -0.000000000000000000 ) ) ;
#1494 = CC_DESIGN_PERSON_AND_ORGANIZATION_ASSIGNMENT ( #753, #1206, ( #1334 ) ) ;
#1495 = ORIENTED_EDGE ( 'NONE', *, *, #641, .T. ) ;
#1496 = CARTESIAN_POINT ( 'NONE',  ( 5.268950570473669437, -132.3303719267109670, -14.05000000000000071 ) ) ;
#1497 = FACE_OUTER_BOUND ( 'NONE', #1393, .T. ) ;
#1498 = FACE_OUTER_BOUND ( 'NONE', #1483, .T. ) ;
#1499 = EDGE_LOOP ( 'NONE', ( #399, #858, #1315, #926 ) ) ;
#1500 = EDGE_CURVE ( 'NONE', #1062, #521, #205, .T. ) ;
#1501 = VECTOR ( 'NONE', #1519, 1000.000000000000114 ) ;
#1502 = VECTOR ( 'NONE', #1020, 1000.000000000000000 ) ;
#1503 = EDGE_LOOP ( 'NONE', ( #1034, #721, #203, #1044 ) ) ;
#1504 = VECTOR ( 'NONE', #602, 1000.000000000000000 ) ;
#1505 = VECTOR ( 'NONE', #554, 1000.000000000000000 ) ;
#1506 = CARTESIAN_POINT ( 'NONE',  ( 429.9799999999999613, -22.96208152801711933, -10.55000000000000782 ) ) ;
#1507 = DESIGN_CONTEXT ( 'detailed design', #1452, 'design' ) ;
#1508 = ORIENTED_EDGE ( 'NONE', *, *, #298, .F. ) ;
#1509 = ORIENTED_EDGE ( 'NONE', *, *, #1487, .F. ) ;
#1510 = CARTESIAN_POINT ( 'NONE',  ( 428.3799999999999955, 0.1000000000000000056, 0.000000000000000000 ) ) ;
#1511 = FACE_OUTER_BOUND ( 'NONE', #104, .T. ) ;
#1512 = EDGE_CURVE ( 'NONE', #1068, #481, #1281, .T. ) ;
#1513 = VERTEX_POINT ( 'NONE', #1390 ) ;
#1514 = DIRECTION ( 'NONE',  ( -1.000000000000000000, -0.000000000000000000, -0.000000000000000000 ) ) ;
#1515 = ORIENTED_EDGE ( 'NONE', *, *, #1512, .F. ) ;
#1516 = ORIENTED_EDGE ( 'NONE', *, *, #350, .T. ) ;
#1517 = CARTESIAN_POINT ( 'NONE',  ( -1.700000000000000178, -22.96208152801711933, -9.050000000000007816 ) ) ;
#1518 = CARTESIAN_POINT ( 'NONE',  ( 428.3799999999999955, 0.1000000000000000056, -14.05000000000000071 ) ) ;
#1519 = DIRECTION ( 'NONE',  ( 0.7071067811865474617, 0.7071067811865474617, -0.000000000000000000 ) ) ;
#1520 = EDGE_CURVE ( 'NONE', #1414, #364, #351, .T. ) ;
#1521 = DIRECTION ( 'NONE',  ( 0.7071067811865476838, -0.7071067811865474617, 0.000000000000000000 ) ) ;
#1522 = VERTEX_POINT ( 'NONE', #682 ) ;
#1523 = ORIENTED_EDGE ( 'NONE', *, *, #1090, .F. ) ;
#1524 = VECTOR ( 'NONE', #318, 1000.000000000000000 ) ;
#1525 = DIRECTION ( 'NONE',  ( 0.000000000000000000, 0.000000000000000000, 1.000000000000000000 ) ) ;
#1526 = DIRECTION ( 'NONE',  ( -1.000000000000000000, 0.000000000000000000, 0.000000000000000000 ) ) ;
#1527 = CIRCLE ( 'NONE', #1263, 3.549999999999998490 ) ;
#1528 = LINE ( 'NONE', #1072, #163 ) ;
#1529 = CIRCLE ( 'NONE', #511, 1.499999999999999556 ) ;
#1530 = ADVANCED_FACE ( 'NONE', ( #934 ), #1169, .F. ) ;
#1531 = ORIENTED_EDGE ( 'NONE', *, *, #486, .T. ) ;
#1532 = EDGE_LOOP ( 'NONE', ( #1136, #918, #1433, #1152 ) ) ;
#1533 = CARTESIAN_POINT ( 'NONE',  ( 13.20895057047370180, -132.3303719267109670, -14.05000000000000071 ) ) ;
#1534 = CARTESIAN_POINT ( 'NONE',  ( 0.000000000000000000, 0.000000000000000000, 0.000000000000000000 ) ) ;
#1535 = FACE_BOUND ( 'NONE', #642, .T. ) ;
#1536 = CARTESIAN_POINT ( 'NONE',  ( -1.700000000000000178, -102.9620815280171087, -9.050000000000007816 ) ) ;
#1537 = ORIENTED_EDGE ( 'NONE', *, *, #902, .F. ) ;
#1538 = ADVANCED_FACE ( 'NONE', ( #1511 ), #1033, .F. ) ;
#1539 = ORIENTED_EDGE ( 'NONE', *, *, #1077, .T. ) ;
#1540 = DIRECTION ( 'NONE',  ( 0.000000000000000000, -1.000000000000000000, 0.000000000000000000 ) ) ;
#1541 = LINE ( 'NONE', #1170, #1501 ) ;
#1542 = LINE ( 'NONE', #1171, #895 ) ;
#1543 = ORIENTED_EDGE ( 'NONE', *, *, #881, .F. ) ;
ENDSEC;
END-ISO-10303-21;
